bootstrap_index,mean_setting_tv_vs_ideal,raw_energy_hartree,projected_energy_hartree,raw_energy_error_millihartree,projected_energy_error_millihartree,raw_gamma_frobenius_error,projected_gamma_frobenius_error,raw_idempotency_frobenius,one_spin_slater_fidelity,full_rhf_determinant_fidelity
0,0.013688662183800862,-1.9595172444092863,-1.9464517421106338,-12.775617952977214,0.2898843456753397,0.02780229796284337,0.022974610333875604,0.01571192025183427,0.9997360901248483,0.9994722498981189
1,0.017263989848613978,-1.9436016279499337,-1.9458854077066252,3.1399985063753633,0.8562187496838902,0.03345869620680447,0.03154160207732363,0.011263232051680373,0.9995025643470762,0.9990053761363812
2,0.022115682519618683,-1.9381958053866917,-1.944861214482039,8.545821069617432,1.8804119742701353,0.056421896054279844,0.05516702874910354,0.012671538314269485,0.9984783443038087,0.9969590040436751
3,0.018009085489271378,-1.946582669966214,-1.9454229349368608,0.158956490095008,1.3186915194483007,0.04690537031924591,0.04589726378484189,0.009445900182089571,0.99894682035853,0.9978947499044172
4,0.013672642802029369,-1.9567820656829953,-1.9466287578401495,-10.040439226686182,0.11286861615955601,0.01953200346681642,0.01188191467365562,0.015598330487587483,0.9999294110020537,0.999858826986914
5,0.01349841090353609,-1.9489859313912528,-1.9462890539115933,-2.244304934943653,0.4525725447157569,0.027985066323044684,0.02645004429705453,0.008930853724588678,0.9996502157723829,0.9993005538937717
6,0.019491998503189376,-1.9589059834186553,-1.9465777122214576,-12.16435696234619,0.16391423485151435,0.028598220126821693,0.018361938450191472,0.02211246079137278,0.9998314259315911,0.9996628802803988
7,0.018396650291010525,-1.9435554025613462,-1.9459855295595305,3.186223894962925,0.7560968967785797,0.03921426598997302,0.037863214294759015,0.010149981379293193,0.9992832178586245,0.9985669494938872
8,0.01863076145885903,-1.955639022268605,-1.9459597059771812,-8.897395812295983,0.781920479127951,0.03591793600257798,0.034861644825058394,0.008259799286302402,0.9993924203004454,0.9987852097539821
9,0.012371164344471221,-1.9408289254819102,-1.9466233811718199,5.912700974398888,0.11824528448922678,0.014651157081256107,0.013213538564778587,0.006381414420016998,0.9999127017298441,0.9998254110806762
10,0.021719297121190174,-1.946646920711517,-1.9466974900854483,0.09470574479220062,0.044136370860758944,0.013860514439032516,0.009374158955988796,0.010195527561141683,0.9999560626469838,0.9999121272244585
11,0.023183428863253863,-1.92670586925986,-1.9452534701179485,20.035757196449122,1.4881563383606355,0.051221639025267225,0.04800299839567793,0.018537022090940092,0.9988478584013056,0.9976970442328748
12,0.020853618474368597,-1.9189773193515098,-1.9455664207200816,27.76430710479927,1.1752057362275359,0.056193179273202776,0.04790709939811813,0.03005921655665699,0.9988526062497203,0.9977065290118587
13,0.02375636740582124,-1.9597546664388303,-1.9448929129295667,-13.013039982521235,1.8487135267424293,0.05777625378755942,0.056419633291753556,0.010964497708513576,0.998408531375081,0.9968195955225462
14,0.019400186677375645,-1.9371317908765031,-1.9460233393791275,9.609835579805992,0.7182870771815786,0.03602966020400873,0.033900970876264945,0.012357066854638265,0.9994253655087445,0.9988510612222875
15,0.02152996748275825,-1.9496187817572312,-1.945625743689116,-2.8771553009221407,1.1158827671930993,0.04491947749546838,0.0408113041388296,0.018736392822525916,0.9991672187272519,0.998335130979152
16,0.01704142245902604,-1.941010303107743,-1.9462592659874887,5.731323348566075,0.4823604688204419,0.027860954333194254,0.02426070242050747,0.01372509483573794,0.9997057203699056,0.9994115273403118
17,0.02033259376547024,-1.9415979133617205,-1.9459856021267432,5.143713094588609,0.7560243295658964,0.03373729623579924,0.030612677597355965,0.01415737510981465,0.9995314435253811,0.9990631065959322
18,0.017669897898770784,-1.9201678333843504,-1.94611685408856,26.57379307195873,0.6247723677490491,0.03713065277473417,0.03152338266780947,0.01981695067360267,0.9995031765165332,0.9990065998666401
19,0.03273680186958211,-1.946199472649562,-1.9451380588668015,0.5421538067471587,1.6035675895076373,0.046846801931873225,0.04549859814345124,0.011103168342865018,0.9989649423713495,0.9979309560869936
20,0.01958531247482351,-1.9521266706085687,-1.9465178983974265,-5.385044152259599,0.2237280588825996,0.02207709548418807,0.02050861087563811,0.008238669795543442,0.9997896984723046,0.9995794411713417
21,0.01973895023403567,-1.9439129011261531,-1.9464215884410991,2.82872533015599,0.3200380152099669,0.025347013279475857,0.021629365273008752,0.013370856937758335,0.9997660917813997,0.9995322382758542
22,0.0225968288714548,-1.9785417684089783,-1.9457993697754536,-31.800141952669225,0.9422566808554578,0.048697355765195946,0.03856275175282248,0.02969650656642961,0.9992565420460395,0.9985136368218084
23,0.018274730915274248,-1.9572195276295192,-1.9460783855257915,-10.477901173210125,0.6632409305176168,0.04017466924884415,0.03440775154975332,0.020436772029848563,0.9994080903857073,0.9988165311284062
24,0.021311711771953564,-1.9418262252132596,-1.9466281637249223,4.915401243049455,0.11346273138679308,0.019071061452198262,0.012780106244833821,0.014028496925900516,0.9999183344640213,0.9998366755973025
25,0.014004395382504298,-1.9600835577297728,-1.9465171409658895,-13.341931273463725,0.22448549041964583,0.02191138511826441,0.018158140724713542,0.012185181902622551,0.9998351441560569,0.9996703154895631
26,0.019557067885136267,-1.9398065855056632,-1.9462985222969695,6.935040950645899,0.44310415933956904,0.03372228442924757,0.027376587633083198,0.019511476597121023,0.9996252739758241,0.9992506883712414
27,0.0297419109265539,-1.9354444222585154,-1.94285842667657,11.297204197793675,3.883199779739055,0.07166885484493839,0.06775070641486626,0.023028693210862008,0.9977049314344036,0.9954151302085281
28,0.014794692727392497,-1.9599466688344191,-1.9462744015031401,-13.205042378110043,0.4672249531689765,0.028884210982449633,0.025483950268426918,0.013558336844908375,0.9996752878880379,0.9993506812140316
29,0.0167332869697756,-1.9502543602048632,-1.9452885127050326,-3.5127337485540977,1.4531137512765469,0.04974103313117956,0.0483659928884346,0.011351955514359635,0.99883059868157,0.9976625648625835
30,0.021478034013964906,-1.9272313570387591,-1.9452316170783297,19.510269417549964,1.5100093779794044,0.05036988929205861,0.04848804581547568,0.013949960214996997,0.9988244810592717,0.9976503439633234
31,0.020291752644812637,-1.9372287059624098,-1.946144565800689,9.51292049389929,0.5970606556200408,0.03159613151973228,0.02867105088537332,0.013377674237325443,0.9995889945617921,0.9991781580490544
32,0.019563326227759872,-1.938682279665956,-1.9465854835622156,8.059346790353139,0.1561428940934917,0.030558804482392305,0.014593733717395935,0.026768033271983245,0.9998935114680934,0.9997870342759941
33,0.018959991719190314,-1.9657101909425145,-1.9464469052150182,-18.96856448620543,0.29472124129092947,0.027223101910969737,0.020653510208398784,0.017663157822144927,0.9997867178969935,0.9995734812832424
34,0.019137186973216543,-1.939395414628011,-1.9455304574045733,7.346211828298088,1.2111690517357943,0.0443448248478674,0.038451573981545736,0.022165365595902157,0.9992607869990965,0.9985221204340536
35,0.01750242845741931,-1.976347088588274,-1.9458904987292287,-29.6054621319648,0.851127727080403,0.04723029920489232,0.03927838403805398,0.025846881069096134,0.9992286993970724,0.9984579936987649
36,0.015511605161138987,-1.9378377180798905,-1.9466550457417109,8.903908376418634,0.0865807145982167,0.012531584141973721,0.010044989562500828,0.007488672395691998,0.9999495495401114,0.9998991016254717
37,0.01964835232348547,-1.9411985381356966,-1.944356207913031,5.543088320612455,2.385418543278117,0.05893860070771586,0.058254323282086684,0.01044870853263694,0.9983033550047998,0.9966095886138394
38,0.015306958821908544,-1.9380100680572994,-1.9455954075845547,8.731558399009742,1.1462188717543675,0.041505710259364,0.03665293421953988,0.019663927945606428,0.9993283668776448,0.9986571848463407
39,0.020575808035345772,-1.9482101258477822,-1.9453937824461265,-1.4684993914730882,1.3478440101826195,0.048958953320330116,0.047336675937446816,0.012374463463116304,0.9988798590715969,0.9977609728588933
40,0.032477298617930465,-1.904802068242107,-1.9453289970585341,41.939558214202144,1.4126293977749782,0.06050020701445475,0.048053130193883,0.036251964084722366,0.9988455804581826,0.9976924936008438
41,0.02074533462667535,-1.9297526381666958,-1.9450152618464343,16.98898828961326,1.726364609874853,0.0559156768167016,0.05524907274273488,0.010138715414193292,0.9984741393461765,0.9969506069430878
42,0.022450202088444997,-1.947312105306956,-1.945909116055774,-0.5704788506468716,0.8325104005351136,0.035373700399301905,0.03380269465932648,0.010876393473941629,0.9994286940238187,0.9988577144381559
43,0.020868116075268624,-1.9519542086655843,-1.9446693512185822,-5.212582209275229,2.072275237726906,0.05289247254307331,0.04881531228706479,0.020173577694598474,0.9988085992263404,0.9976186178884842
44,0.011228866853839545,-1.9499470144019673,-1.9460438382330867,-3.205387945658167,0.6977882232224175,0.03288777455245565,0.028914787152434104,0.015708987491242065,0.9995820099312088,0.9991641945781152
45,0.0162782908096472,-1.9564385489210447,-1.946181496070608,-9.696922464735636,0.5601303857010187,0.03229045046973159,0.028702042466822578,0.014850328826325728,0.9995881077308048,0.9991763851168509
46,0.014754332539288702,-1.9393432144822096,-1.9463761035070022,7.398411974099517,0.36552294930691787,0.02421446530875082,0.02343303222123966,0.00618191353870305,0.9997254559910576,0.9994509873565279
47,0.0161864771324146,-1.9254124916828348,-1.9449324403249488,21.329134773474312,1.8091861313602742,0.04661701512183081,0.04467880901233901,0.01426550416213878,0.9990021045468903,0.9980052048891159
48,0.018015180255881634,-1.9582670225811378,-1.9464706461223906,-11.525396124828724,0.2709803339184802,0.026919441508028722,0.017440912423842592,0.02067937992905006,0.9998479124158087,0.9996958479622507
49,0.027261826283631302,-1.90477620670033,-1.94395611990814,41.96541975597911,2.7855065481690033,0.07747935637787606,0.06999543407601405,0.03520537042838774,0.997551160392392,0.9951083176002078
50,0.0164332950666391,-1.954905770756154,-1.9465302085782403,-8.1641442998448,0.21141787806877588,0.02492738978405541,0.018791443431966495,0.016360547148552205,0.9998234410661224,0.999646913305302
51,0.020376467392992308,-1.9459316424852007,-1.9459823824411104,0.80998397110843,0.7592440151986679,0.044198553412375,0.03871995280059713,0.021460323529714078,0.9992503989765109,0.9985013598547162
52,0.014228894235537779,-1.9469272878349464,-1.9465759668859672,-0.18566137863729182,0.1656595703418695,0.014718422573701245,0.013674676517186688,0.005440453565650588,0.9999065024226393,0.9998130135870756
53,0.016623043692878488,-1.9406121828054779,-1.9458695208579992,6.129443650831234,0.872105598309858,0.03718346584370275,0.03476388261936792,0.013220516101877388,0.9993957951582824,0.9987919553800555
54,0.023248142138096034,-1.9688676276364079,-1.9446002023299227,-22.126001180098775,2.1414241263864042,0.06333422278610512,0.05919805810470877,0.020802015070660915,0.9982477949815486,0.9964986601855239
55,0.01942427364609974,-1.9555576384722666,-1.9453414235175794,-8.816012015957497,1.4002029387296666,0.05507890440977977,0.049665307040153664,0.023369419825917795,0.9987666999137309,0.9975349208565646
56,0.014741512237427859,-1.9517953106687969,-1.9465318399253795,-5.053684212487752,0.20978653092962318,0.021261825231841457,0.019742828880629493,0.007916935834020578,0.999805116478202,0.9996102709359911
57,0.017700933611663604,-1.955775656730191,-1.9454608268893183,-9.034030273881832,1.2807995669907868,0.04306703759042447,0.03993911014020675,0.01587408879274649,0.9992024589096764,0.9984055538911436
58,0.021178232229573865,-1.9391034178204356,-1.9455575151924112,7.6382086358735,1.1841112638979467,0.047324553512596186,0.04522568200836594,0.014018196041217358,0.9989773647995039,0.9979557753817612
59,0.023186187506453338,-1.9431312772648932,-1.94610916446502,3.610349191415896,0.6324619912891905,0.03343447773778237,0.033284074903011836,0.003716997444174479,0.999446085213165,0.9988924772479211
60,0.02602312033231039,-1.9633208418771886,-1.945812034584203,-16.57921542087948,0.9295918721061724,0.045946301698010616,0.038131819684770404,0.02630018581683406,0.9992729828997304,0.998546494353325
61,0.019788969268151938,-1.9404477103094597,-1.9457678445384745,6.2939161468493765,0.973781917834593,0.03948926023396609,0.03422012677591711,0.019793483548885455,0.9994144923771944,0.9988293275735651
62,0.020026810150417018,-1.9324943584157637,-1.946342248768145,14.247268040545435,0.39937768816411534,0.03185373319721983,0.025735545023586572,0.01851153270261539,0.999668841513823,0.9993377926935889
63,0.028184976838034753,-1.931719323160639,-1.9459343691974318,15.022303295670003,0.8072572588773141,0.03752743173364736,0.035430266944643345,0.012736767329271518,0.9993724370653854,0.9987452679660076
64,0.018275816132287077,-1.9529452559399905,-1.946044746068092,-6.203629483681361,0.6968803882170249,0.03433303744624156,0.03232781255551997,0.011549517522390248,0.9994775021098321,0.9989552772237095
65,0.017069246637989137,-1.927082176903166,-1.946321607645445,19.659449553143027,0.42001881086406456,0.029335444994105113,0.02529500398659462,0.014933274130276907,0.9996800815547982,0.9993602654574079
66,0.014246797673153837,-1.9582346721003094,-1.946342279107604,-11.493045644000333,0.3993473487051702,0.03305832804488883,0.027350636360410078,0.018642929276269846,0.9996259921032807,0.9992521240884683
67,0.01924451817510603,-1.9465528438460569,-1.9452230270977322,0.18878261025223608,1.5185993585768998,0.0430037687465431,0.042704153451781725,0.004741990721205635,0.9990882372573673,0.9981773058260334
68,0.0228214102029178,-1.9598145579228594,-1.9463973148385116,-13.072931466550308,0.3443116177974659,0.027312642493932903,0.02317513870558261,0.01439162569864859,0.999731472502788,0.9994630171125929
69,0.015439815904166517,-1.9394283895433089,-1.945945508668123,7.313236913000232,0.7961177881861126,0.038590042779359755,0.036154433768178305,0.013612633029653019,0.9993464476942999,0.9986933225192162
70,0.021263657014504177,-1.9428548021186323,-1.9449219387962768,3.886824337676842,1.8196876600322653,0.05288450772794131,0.04885728396419602,0.02057546014673792,0.998806625636826,0.9976146754160227
71,0.0197728515669317,-1.970652696966736,-1.9458488064175985,-23.911070510426846,0.8928200387106067,0.04839095224055909,0.04085947594397767,0.025833398968196256,0.9991653922205588,0.998331481011263
72,0.020338123233159183,-1.930183206579123,-1.9450052550021628,16.558419877186203,1.7363714541462905,0.05201600117622932,0.045222336190300604,0.025739956856995674,0.9989775062727311,0.9979560580388844
73,0.01623561146225443,-1.9423524542342208,-1.9459142394462148,4.3891722220883445,0.827387010094327,0.03121255967028827,0.031119146479882648,0.00277130438602471,0.9995158016317289,0.9990318377115177
74,0.014331403358156978,-1.9403905817187919,-1.9458498542936178,6.351044737517242,0.8917721626913178,0.03804250655735894,0.03655732192074999,0.010992718771987221,0.9993318674744751,0.9986641813500219
75,0.02204747729182756,-1.9380512218732562,-1.944232076928227,8.690404583052924,2.5095495280820224,0.0587971117746392,0.056959289648389325,0.015953741316694317,0.9983780891452176,0.9967588088852561
76,0.010140858579006972,-1.9608436901000885,-1.9464850649021408,-14.102063643779417,0.25656155416831083,0.020434415480050434,0.017583495200761884,0.010321985770674237,0.9998454105865865,0.9996908450710598
77,0.012368048133797004,-1.9418675309096336,-1.9451213875971003,4.874095546675505,1.6202388592088113,0.04734918743000429,0.045031222565805634,0.014805983587725613,0.9989861819952244,0.9979733918173955
78,0.019890218255519947,-1.9570931514291858,-1.944750372943188,-10.351524972876724,1.9912535131210163,0.05277325368571884,0.05058161132156223,0.01398362656824047,0.9987207903175633,0.9974432170125384
79,0.021427528088129956,-1.9296977397878827,-1.9444432720369107,17.043886668426378,2.2983544193984073,0.056400531993076694,0.05226946960404514,0.021589882306302627,0.9986339518087973,0.9972697697052554
80,0.016887981339702283,-1.9651932855888419,-1.946143083675265,-18.45165913253277,0.598542781044209,0.03499555269572901,0.03094361848884367,0.01614679767012635,0.9995212462374091,0.9990427216799834
81,0.022183300164923113,-1.9216790529166652,-1.9456081127028326,25.062573539643918,1.1335137534764783,0.04600014828098646,0.04241946264908628,0.018691653438099032,0.9991003675115835,0.9982015443617812
82,0.017266330729342798,-1.9625931454848031,-1.9462869738116415,-15.851519028494021,0.4546526446675969,0.03261883182365285,0.028209945330793355,0.016207206059342946,0.9996021241436207,0.9992044065924385
83,0.018956875508474455,-1.9425191061620877,-1.9461408984840063,4.222520294221432,0.6007279723028169,0.03175031914607572,0.03169516429500639,0.002476113941239299,0.9994977159712064,0.9989956842316584
84,0.0215430318165956,-1.9404070781681602,-1.9456160160942788,6.3345482881489446,1.1256103620302937,0.04930600414281961,0.03558468592972285,0.03357473475695679,0.9993669290524964,0.9987342588838173
85,0.022160993834244816,-1.9681757093589096,-1.9443392336545726,-21.434082902600515,2.402392801736486,0.06404961496328812,0.0611376905677242,0.01712253696886072,0.9981312187592215,0.9962659298617689
86,0.01688462736750202,-1.922849385594888,-1.946524095697055,23.892240861421055,0.21753075925401433,0.0340823323096835,0.018064065853627454,0.02849521066775955,0.9998368453537035,0.9996737173268457
87,0.020422306720998346,-1.9560803393475517,-1.946104307263267,-9.338712891242551,0.6373191930419964,0.03571455399162314,0.03161472913737004,0.016165711490682994,0.9995002702952369,0.9990007903202517
88,0.0211113049858474,-1.9718137751954161,-1.9452558193083724,-25.072148739107014,1.4858071479366686,0.05671837873191095,0.05297478241977747,0.019032384276542934,0.9985968365564344,0.9971956419805181
89,0.024437450290021083,-1.9484589144563473,-1.9452386948436853,-1.7172880000382307,1.5029316126238257,0.05951182740844221,0.05076811288056563,0.03132400137274932,0.9987115626178994,0.9974247853066864
90,0.030108322321055064,-1.9020249985566398,-1.9463766711955708,44.71662789966935,0.36495526073831996,0.0377012630286893,0.022506427070940433,0.030000977388245177,0.9997467319078616,0.9994935279604497
91,0.022115238835961958,-1.9552378381730902,-1.9459415238822573,-8.496211716781055,0.8001025740518308,0.03768532238314209,0.03353105974549325,0.017124530015448575,0.9994379082955877,0.9988761325382595
92,0.027784636728908713,-1.95151165391176,-1.9446204532550253,-4.770027455450965,2.121173201283799,0.06287151836158823,0.05737755112562242,0.025443565910658023,0.9983539108968932,0.9967105314031217
93,0.018651159834936072,-1.9739030604773486,-1.9457822848335538,-27.161434021039543,0.9593416227553497,0.040119738992910756,0.03400122620667247,0.020888268046920476,0.9994219662882948,0.9988442666995615
94,0.02111886723368735,-1.937950985740738,-1.9446135763990748,8.790640715571119,2.1280500572342653,0.0567708805882485,0.05491040857572379,0.014846685025621026,0.9984929437002935,0.9969881586192775
95,0.021821036247145306,-1.9497653691697245,-1.9426170143157602,-3.0237427134154338,4.124612140548933,0.07235483856226918,0.07060257341528034,0.01576875515061349,0.9975077557154446,0.995021722712463
96,0.020249533369301742,-1.9372469602443687,-1.9462416467500232,9.494666211940395,0.4999797062859024,0.0334675899078942,0.027267021576825763,0.019580995895255204,0.9996282547672454,0.9992566477290088
97,0.017269956478767765,-1.9347826292860442,-1.946272648656352,11.95899717026494,0.4689777999571376,0.02766663531185513,0.026165388557016278,0.009304818644122002,0.999657702972639,0.9993155231125329
98,0.014011577779386728,-1.9549041628698889,-1.9465250648275434,-8.16253641357978,0.21656162876571017,0.024461233730595635,0.01726028467205034,0.017326807560828997,0.9998510424947848,0.9997021071779081
99,0.020064869104284046,-1.9503951128712564,-1.9457829054184337,-3.653486414947338,0.9587210378754207,0.03903037217056289,0.03820796098785576,0.007715648968168515,0.9992701596861371,0.9985408520391579
100,0.021050659357659856,-1.9291037562937345,-1.9450301393916922,17.637870162574565,1.711487064616879,0.047596034462680355,0.046294701749489214,0.011977384522507361,0.9989284172027891,0.9978579826952696
101,0.02053637988310307,-1.9592759981985333,-1.9465342472099147,-12.53437174222416,0.2073792463943569,0.022910073930830166,0.016414408762618193,0.01612300152732111,0.9998652857774837,0.9997305897028891
102,0.016540603359110832,-1.930828773326925,-1.9462327216205908,15.912853129384175,0.5089048357183046,0.028230947609777467,0.02525450189964115,0.012806151412504825,0.9996811179611921,0.9993623376081389
103,0.01478034531133965,-1.9525130676899665,-1.9464685355590425,-5.7714412336573595,0.2730908972665702,0.02189431858226717,0.01893599125704674,0.010911799771348488,0.9998207161412626,0.9996414644252272
104,0.025191517936662036,-1.944021916841289,-1.9457379546363154,2.719709615019994,1.0036718199937233,0.04152470924768395,0.03871131409576349,0.015722883967326077,0.9992507430947055,0.9985020475753211
105,0.016648352323482555,-1.9474331198049801,-1.9458227807570563,-0.691493348671024,0.9188456992528238,0.037785257181456526,0.0360885076923944,0.011397204920505768,0.9993488340461828,0.998698092109465
106,0.015036379883080835,-1.9550839759298297,-1.9460586211368966,-8.342349473520638,0.6830053194124552,0.03379203385150005,0.031014134652690435,0.013060311491308362,0.9995190671739399,0.999038365644263
107,0.015476061990663844,-1.9534407207152358,-1.9462965058020962,-6.699094258926674,0.4451206542128716,0.03010982400030968,0.026027010030352217,0.01524265984826792,0.9996613177818777,0.9993227502694003
108,0.02665350131432174,-1.9446281766223412,-1.944645025102801,2.113449833967884,2.0966013535081984,0.059522177000063126,0.05740167220228473,0.017248881275317547,0.9983525242147364,0.9967077626059359
109,0.01928071926707107,-1.9661318844025606,-1.9458876597290697,-19.390257946251488,0.8539667272393636,0.044560192310891186,0.0407528611279453,0.017238627301789416,0.9991696502525383,0.9983399899857798
110,0.017146231340778844,-1.934111241722375,-1.946288302253781,12.630384733934186,0.4533242025281936,0.03309435779832937,0.028318295074198006,0.017234706619203007,0.9995990372381705,0.9991982352474773
111,0.017597826762437634,-1.9476535012995646,-1.9463175553682228,-0.9118748432555002,0.42407108808628635,0.03588376329954175,0.02251348438426336,0.027977549445939696,0.9997465736250104,0.9994932114749483
112,0.012842761224738541,-1.9567213810554371,-1.9466129165618027,-9.979754599128032,0.128709894506418,0.019717078094275774,0.013883267388368203,0.014101015433294195,0.9999036291305192,0.9998072675483829
113,0.020739187744823327,-1.9377186596345377,-1.9460236160579638,9.022966821771394,0.7180103983452923,0.034314447752842404,0.030705631205438094,0.015602550112081063,0.9995285824749033,0.9990573871842895
114,0.020667028405940688,-1.9463073156909239,-1.9452411995787215,0.4343107653852485,1.5004268775875573,0.05310389387666393,0.04580276029841551,0.02635632662189472,0.9989512301884798,0.9979035602950771
115,0.016726022094505254,-1.9410503980120477,-1.946243844563653,5.691228444261398,0.49778189265614614,0.030673381699641653,0.027378095103851308,0.013747803933719778,0.9996252321405644,0.9992506047320773
116,0.01963867028074105,-1.9632803094317575,-1.9462077820377741,-16.53868297544836,0.53384441853499,0.03721252405161047,0.029881908667177368,0.022005673200336234,0.9995535580461004,0.9991073154026189
117,0.014249180900085163,-1.9343953357092072,-1.9464470541516705,12.346290747101918,0.2945723046385851,0.025472789926432288,0.022678967526165973,0.01166928345058085,0.9997428355484633,0.9994857372304818
118,0.019905492374210115,-1.952312323596496,-1.945070651917695,-5.5706971401869865,1.6709745386140895,0.055110016515301424,0.053569293766350154,0.011294911564505555,0.9985651914669443,0.9971324416094152
119,0.027592785958206856,-1.9462170704617898,-1.946299017992364,0.5245559945192824,0.44260846394506004,0.030525651205879353,0.022866110262588238,0.020167645133976352,0.9997385723300519,0.9994772130045304
120,0.017465297415982982,-1.9705365910840953,-1.9458872945306414,-23.794964627786186,0.8543319256677506,0.03649355120578509,0.03236567926025194,0.016488177741945883,0.9994762872151853,0.9989528487054516
121,0.02375366895751086,-1.952769627074,-1.9460977165021596,-6.028000617690932,0.6439099541495352,0.0422382342197904,0.02756577533335857,0.03245462706610567,0.9996200720483882,0.9992402884420248
122,0.025460926766907956,-1.9281918091102017,-1.9456898817066295,18.54981734610739,1.0517447496796173,0.04613047136206253,0.04446920400388077,0.012778900969958198,0.9990112739144448,0.9980235254081619
123,0.02142556116306539,-1.9315660074967613,-1.9462776856890904,15.175618959547776,0.4639407672186735,0.031167206689848036,0.027077199029088356,0.01576202576606187,0.9996334133271702,0.999266961040129
124,0.023735193699857472,-1.931348845575984,-1.9433668535039221,15.392780880325141,3.374772952386973,0.07174634292363848,0.06557944098168489,0.029014511304690235,0.9978496689659972,0.9957039618555503
125,0.020786977609700278,-1.9847498491415825,-1.9447024372497894,-38.008222685273374,2.039189206519687,0.06641969180670976,0.05956657891510549,0.028071494473932146,0.9982261263989836,0.9964553994255195
126,0.014440189859925364,-1.9462435086159149,-1.946227540160194,0.4981178403942188,0.5140862961150461,0.035658608644264886,0.02779487827308896,0.022412717438989874,0.9996137535759169,0.9992276563381338
127,0.02023965437552627,-1.97712971700815,-1.9458674555157642,-30.388090551840996,0.8741709405448717,0.04658231633428781,0.04071821865919203,0.022093404066598706,0.9991711287999158,0.9983429446272979
128,0.021558636121022302,-1.9479843083630255,-1.9452334024696343,-1.242681906716392,1.5082239866748282,0.053411557191563146,0.050948178203744365,0.016067894168185215,0.9987023924189183,0.9974064686232712
129,0.014369973937195914,-1.9502532842743319,-1.9466163033761175,-3.511657818022762,0.12532308019164162,0.01624422096099277,0.013345807411453189,0.009257041157951099,0.9999109451821646,0.9998218982950898
130,0.02272752238888369,-1.9340853331467514,-1.9451012583219083,12.656293309557753,1.640368134400827,0.046538631715528966,0.04531526066871017,0.010779074554431828,0.9989732698220851,0.9979475938190285
131,0.018578067234749758,-1.9364256882605744,-1.9464556678395686,10.31593819573473,0.2859586167405226,0.02816661873718791,0.02008955424262333,0.019465090450599038,0.9997982064759958,0.999596453672618
132,0.016589229936625906,-1.9456910712752469,-1.9457774997138488,1.0505551810622293,0.9641267424602695,0.035858771839661525,0.03547548169689041,0.005184141708132594,0.9993707466741594,0.9987418893080668
133,0.02555211465753058,-1.9386017139247913,-1.9432109685123342,8.139912531517801,3.530657943974891,0.07610577856597324,0.0757338088349758,0.007618758314187566,0.9971327034299642,0.9942736282495489
134,0.01940635382025869,-1.942952480673165,-1.9449261562994777,3.7891457831440434,1.815470156831367,0.05134570749903991,0.05135024011888135,0.0023382857502880004,0.9986815773223343,0.9973648928830257
135,0.02594348486166572,-1.9623437824024677,-1.9451222437194218,-15.602155946158547,1.6193827368873315,0.05178047967498417,0.049521639980288024,0.015064446156430667,0.9987738043203197,0.9975491121964842
136,0.028047099463325488,-1.9507948068280052,-1.9456868133759737,-4.053180371696108,1.0548130803353928,0.04419177978804181,0.043737802230555456,0.00564415644715844,0.9990435321043589,0.9980879790395533
137,0.022336043998051208,-1.9370288952112127,-1.9457873501812728,9.712731245096418,0.9542762750363032,0.040012673746958625,0.039032002033212665,0.009365272339873446,0.9992382863849235,0.9984771529774784
138,0.016608546342620833,-1.9377251464934833,-1.946404948769257,9.01647996282584,0.33667768705214485,0.022163046907826014,0.02096667109064589,0.007317231921976999,0.9997802008747805,0.9995604500612164
139,0.016929051329531427,-1.9520493376652153,-1.945373151341389,-5.307711208906163,1.368475114920109,0.048923351707504524,0.04347919329388719,0.02193466116104828,0.9990549523948706,0.9981107979047172
140,0.01915597864000397,-1.9458816640368395,-1.9457413525477134,0.8599624194696176,1.0002739085956946,0.039338669112600616,0.03918868646227172,0.0034649887445703897,0.9992321839429248,0.9984649574273471
141,0.02054217159502835,-1.9399351900789321,-1.9454498410211432,6.80643637737699,1.2917854351659486,0.04851117158297206,0.046210803534047544,0.016031783930679742,0.9989322847022228,0.9978657094204028
142,0.012408275750802174,-1.9576134639179112,-1.9463549432795262,-10.87183746160214,0.3866831767829204,0.029902563706623954,0.026175955835138053,0.014427541509210782,0.9996574374892732,0.9993149923276201
143,0.022906727775979185,-1.976820522876772,-1.9450081087310342,-30.078896420462797,1.733517725274858,0.052307525583486586,0.04453424127459924,0.02683038110053592,0.9990084033031649,0.998017789870339
144,0.0204693897960491,-1.9333021982452567,-1.9458193342570886,13.439428211052373,0.9222921992204647,0.03910442313180957,0.03781130842235123,0.01034107307052798,0.9992852631453389,0.9985710371394493
145,0.022107727242713093,-1.9237398527231193,-1.945811348652496,23.00177373318979,0.930277803813162,0.03898015864060129,0.035157305522311395,0.01739361546660153,0.9993819938486168,0.9987643696288367
146,0.02472075629384598,-1.9541214463711996,-1.946438618019824,-7.379819914890451,0.3030084364850083,0.03070262818160807,0.02154002173308825,0.02210754692972519,0.9997680139363082,0.9995360816901502
147,0.020805054740171122,-1.9527943763935285,-1.9458529095817754,-6.052749937219382,0.8887168745337348,0.034093774484380744,0.03288118462737935,0.00861420123981333,0.9994594195847287,0.9989191313966428
148,0.01736614915022656,-1.9489494571890045,-1.9463335744326573,-2.2078307326953706,0.4080520236517948,0.02563057902044259,0.025469384681420872,0.0027571338378831415,0.9996756626274068,0.9993514304495449
149,0.021571278856263598,-1.92727338826177,-1.9441033583371847,19.468238194539023,2.638268119124376,0.0651845165429392,0.06142989999726026,0.024018967759876796,0.9981131839069158,0.9962299278888008
150,0.016805831257859435,-1.9481743848062345,-1.9460192455755008,-1.4327583499254004,0.7223808808083376,0.039263633640730315,0.03253828725267666,0.022022548677435107,0.9994706320213768,0.9989415442732104
151,0.021998410903520872,-1.9606536168290576,-1.9457136594881088,-13.911990372748484,1.027966968200289,0.04173950162434811,0.03961101872543387,0.01294957656643649,0.9992155554390992,0.9984317262314676
152,0.01701549524125162,-1.9373536582714481,-1.9462607900006235,9.387968184860984,0.4808364556856404,0.03323437011959713,0.02345289165155387,0.023580222120455106,0.9997249838776645,0.9994500433891965
153,0.01728381762904179,-1.9237969611636287,-1.9451850863744895,22.944665292680355,1.5565400818196018,0.05146713452158638,0.049268461681151295,0.01620706649119442,0.9987863123624973,0.9975740977626759
154,0.021283084881287752,-1.9666979123418462,-1.9459930354146053,-19.956285885537106,0.7485910417037722,0.04318622261115215,0.03793256936446852,0.020020105225747417,0.9992806020151751,0.9985617215638107
155,0.024201332300843693,-1.9104057367050518,-1.9446018169135815,36.33588975125734,2.139809542727633,0.06006617101460543,0.05574876746862411,0.023445061041720474,0.9984462678642594,0.9968949498120684
156,0.013388430121597196,-1.9397503363375928,-1.9458582976249021,6.991290118716353,0.8833288314069598,0.033833865816736426,0.03334098290988335,0.006006826866158184,0.9994442274359204,0.9988887637549838
157,0.022342940015825347,-1.9311475134631022,-1.945530641358962,15.594112993206899,1.2109850973471836,0.04921061690953631,0.045332173626171354,0.01984609226648916,0.9989725501411998,0.997946155935612
158,0.014595280896653094,-1.9671703874527597,-1.9463901384132594,-20.428760996450634,0.35148804304974135,0.029937576765521313,0.025837406512982376,0.01499017662504359,0.999666235625136,0.99933258264893
159,0.023522168661251397,-1.938626384642563,-1.9466358978658158,8.11524181374601,0.10572859049329253,0.018822478631748015,0.011349213113612588,0.014917755159540635,0.9999355984338024,0.9998712010151666
160,0.023392628864253515,-1.9052443092202715,-1.9456858610393233,41.49731723603756,1.055765416985821,0.05258862279039672,0.043182166372445575,0.030522435846439266,0.9990676877901179,0.9981362447862925
161,0.027214505697844858,-1.9449466649046536,-1.9420621137507978,1.7949615516554829,4.679512705511257,0.07699873604383778,0.07338676249602438,0.023099884848197853,0.9973075384026847,0.9946223261548225
162,0.019774954686191056,-1.9488773670321644,-1.9460280697093248,-2.135740575855305,0.7135567469842563,0.038814588233309494,0.037977594429373526,0.007816934709334604,0.9992789295805096,0.998558379103569
163,0.021493255391575476,-1.9778638198773442,-1.9464180136016196,-31.12219342103506,0.3236128546895145,0.03942158006919718,0.022891907145529015,0.03255110276165768,0.9997379805910283,0.9994760298362272
164,0.0187719913453423,-1.9431414505515228,-1.9463295262869706,3.60017590478634,0.4121001693384585,0.028377688525038813,0.025402648066748815,0.012786112231636306,0.9996773609727463,0.9993548260414344
165,0.01613875520908918,-1.9471038553279036,-1.9456768687381556,-0.36222887159453876,1.0647577181535084,0.04253413366897829,0.04163263411298273,0.009497832752791547,0.9991333639179034,0.9982674788939057
166,0.02223118624812101,-1.9513068192965421,-1.944708432789623,-4.5651928402330455,2.033193666686195,0.06196715461560488,0.05625457083569088,0.026645538092708938,0.9984181627537781,0.9968388277166298
167,0.015748494607377015,-1.9692691526616206,-1.9462388370760821,-22.52752620531151,0.5027893802269645,0.03498150124360155,0.025890897558935838,0.023481253096885608,0.9996648382574513,0.9993297888482964
168,0.019088872369208136,-1.9434039015746059,-1.9457619350161977,3.3377248817032523,0.979691440111452,0.03965568760873803,0.03835066790152754,0.010828571754852995,0.9992646199481459,0.9985297806801123
169,0.022564649206199848,-1.94268396561052,-1.9445089526783608,4.057660845789179,2.232673777948335,0.06451392556735042,0.06299384091355606,0.014471130268572639,0.9980163976894953,0.9960367300571169
170,0.02918380281900554,-1.9513990022681875,-1.943647905666505,-4.657375811878417,3.0937207898040775,0.06759994768868187,0.06404171482486355,0.021142671519938015,0.9979493566834281,0.995902918504868
171,0.01779491116498822,-1.938943864983789,-1.9457262516600806,7.797761472520204,1.0153747962284854,0.037332790581031255,0.0360712566337779,0.009884660135786141,0.9993495075934404,0.9986994383272518
172,0.013908300484202107,-1.9292295069723646,-1.9465566040558115,17.51211948394449,0.1850224004975587,0.023724918988696993,0.018542090030307504,0.014791768935796656,0.999828102026821,0.9996562336025553
173,0.02218216607970676,-1.9549807292360464,-1.9436732747030596,-8.239102779737273,3.0683517532494875,0.06514923769806465,0.061688037200455084,0.019773073768385115,0.9980974148361075,0.9961984495025208
174,0.018360046636986416,-1.925290750638063,-1.9459599761207917,21.450875818246118,0.7816503355173587,0.04070784741265307,0.03617474104206229,0.018706241050782946,0.9993457509694751,0.9986919299807441
175,0.022411369014527806,-1.9418076116270029,-1.945820099561116,4.934014829306221,0.9215268951932032,0.03805540867966993,0.03762492038283495,0.0059547915160818084,0.999292294204282,0.9985850892560573
176,0.021856579417541197,-1.9458932697679525,-1.9443408819197308,0.8483566883565885,2.4007445365783475,0.05602168041717081,0.053573365383767134,0.016255109012245958,0.9985649896949435,0.9971320386444625
177,0.018699340642333404,-1.9491729894206948,-1.9459623633633603,-2.4313629643857304,0.7792630929488453,0.034990350135157396,0.03283313385655812,0.011822841155999676,0.9994610034637058,0.9989222974446778
178,0.013361993926937633,-1.9454448881305477,-1.9459422064844245,1.2967383257613818,0.7994199718845962,0.03065882586471942,0.030473701351980746,0.003323942689036628,0.9995356768996014,0.9990715693951444
179,0.014317014820419893,-1.9325806142231075,-1.945866499711889,14.161012233201653,0.8751267444200295,0.039615982550609455,0.03675787429717327,0.015230953688131266,0.9993244354900567,0.9986493273675204
180,0.013456610615919629,-1.9528646900108086,-1.946185705779566,-6.1230635544995415,0.555920676743149,0.03350616270639826,0.025212187920718002,0.022131881443971244,0.9996821965485045,0.9993644940960429
181,0.02168586241893825,-1.9440982118800487,-1.944964869176346,2.6434145762603833,1.7767572799631814,0.049772011963876865,0.04877423922023262,0.009949061362761802,0.9988108613368396,0.9976231367244395
182,0.025440058513259638,-1.920491164752251,-1.9458885508118577,26.250461704058203,0.8530756444513621,0.040392698739975835,0.036477939951835237,0.01754400644807217,0.9993346827452299,0.9986698081375092
183,0.022786270819920414,-1.9298261281827338,-1.9456738027211438,16.915498273575302,1.0678237351653408,0.03866693325262901,0.035815134433123876,0.01497420269162931,0.9993586831592907,0.9987177776058715
184,0.022061089311890325,-1.9409473195362266,-1.9459263018099648,5.794306920082537,0.815324646344262,0.03271457879095482,0.030720047001391835,0.011625128311119833,0.9995281629426267,0.9990565485154621
185,0.024070549981348048,-1.9393804975696536,-1.945430662462934,7.361128886655521,1.3109639933750472,0.05371304363636461,0.04734421145617963,0.0264766391796618,0.9988792739522784,0.9977598039314308
186,0.015863715594554705,-1.9394587321841328,-1.9452926192452453,7.282894272176321,1.4490072110637797,0.045638469630192455,0.04437233628684776,0.011456404682534591,0.9990155641713198,0.9980320974565403
187,0.023729685953712776,-1.9829424309176982,-1.9448235873583941,-36.20080446138907,1.918039097914992,0.06488669075953792,0.05690481308933123,0.030072410449613094,0.9983810003393669,0.996764621838635
188,0.025402639868249602,-1.9695430386832535,-1.9438237784151748,-22.80141222694443,2.9178480411342633,0.06740528767494873,0.0630707717430103,0.021542203142900736,0.998011053450385,0.9960260628091472
189,0.020943082299753668,-1.96794263265859,-1.9458052995239192,-21.201006202280936,0.9363269323898749,0.04104804254969492,0.03573315178900312,0.01994302846234749,0.9993615823787384,0.9987235723345359
190,0.023791173954755142,-1.970879332274259,-1.9448236886746215,-24.13770581794994,1.9179377816875842,0.05999775706694689,0.054777610388294935,0.02350278413826762,0.9985002000706411,0.9970026495411103
191,0.028770180249712902,-1.9166975472776537,-1.9441888201906783,30.04407917865537,2.5528062656308137,0.07177162279586032,0.06253894587724092,0.03687179352838705,0.9980444401983206,0.9960927046107791
192,0.01858456333886257,-1.9412692403661664,-1.946479437385667,5.472386090142667,0.262189070642016,0.0255407186545853,0.018969526191166004,0.016996655671043075,0.9998200801989645,0.9996401927690638
193,0.016968794467071814,-1.9248763126335133,-1.9462512033109733,21.865313822795773,0.49042314533576103,0.033654187680114654,0.03030850348335276,0.01505839547395401,0.9995407107501141,0.9990816324468432
194,0.022922659190297255,-1.9834853236550474,-1.9451793459829185,-36.74369719873827,1.562280473390576,0.06077050414678265,0.053929451059417925,0.027518059633629733,0.9985460307252149,0.9970941754770818
195,0.018634627367468057,-1.9337912249590061,-1.9466546762379984,12.950401497302977,0.08695021831073291,0.02140653454368818,0.011533184746211164,0.017886681413834194,0.9999334928689888,0.9998669901611761
196,0.019814516635072464,-1.9598290200850037,-1.9461225718788808,-13.087393628694599,0.6190545774282796,0.04537667051506633,0.03445581445261708,0.02924934611662287,0.9994064109567212,0.9988131742613947
197,0.017777960623917045,-1.9227002042391643,-1.9459146746443052,24.04142221714478,0.8269518120038732,0.04161411463732412,0.03477369651124851,0.022876447757464426,0.9993954223181715,0.9987912101505163
198,0.016667028405977877,-1.9594023316424642,-1.945852866542651,-12.660705186155141,0.8887599136579993,0.040257475442230725,0.038919577697917755,0.009723585771205958,0.9992427644735073,0.9984861023526573
199,0.016495844776642288,-1.9374164152119457,-1.946061822884691,9.325211244363363,0.6798035716180095,0.03012963221512654,0.027624535191644206,0.011983280112306496,0.9996184593823535,0.9992370643379499
200,0.01774812065159935,-1.9487941182624293,-1.9453068327065652,-2.0524918061202158,1.4347937497438679,0.04387530949574344,0.042634693792950124,0.010382264781828647,0.9990911501623859,0.9981831263327992
201,0.020466424980044345,-1.9188691399070132,-1.9453174312604673,27.87248654929586,1.4241951958418042,0.05329320333498906,0.04395260886578445,0.029656643206033964,0.9990341006584391,0.9980691342784163
202,0.02502592519550176,-1.978692686629415,-1.9456250910511008,-31.951060173105894,1.1165354052082854,0.053155923743761664,0.040303300675239705,0.034430063436624664,0.9991878281637284,0.9983763159505484
203,0.017757272621837766,-1.95519158913679,-1.9464005906558037,-8.449962680480816,0.34103580050537374,0.02452964764437168,0.023608215641087223,0.0064245438748599115,0.9997213324837766,0.9994427426231378
204,0.010521479720171416,-1.948769018059594,-1.9462390293192138,-2.0273916032849115,0.5025971370953286,0.026441574518463302,0.025734185394602913,0.006047920138361591,0.9996688798544208,0.9993378693493924
205,0.017952433906062246,-1.9335985929127524,-1.9462346270662303,13.143033543556726,0.5069993900788106,0.033294882982420226,0.03032371302325178,0.013693124269135923,0.9995402656337393,0.9990807426231662
206,0.022769915357091906,-1.9456576804670813,-1.945122332053151,1.0839459892277858,1.6192944031581114,0.048681928454081126,0.04643304031888579,0.015056047962529882,0.998922001826807,0.9978451657336754
207,0.02012083415869213,-1.9471655403947945,-1.9458715516615175,-0.4239139384853985,0.8700747947916199,0.03835253174727411,0.03377448857372967,0.017998575665868675,0.9994296458427581,0.9988596169893809
208,0.026542305391646696,-1.9246395040711366,-1.9430000856937568,22.102122385172507,3.7415407625522867,0.07360972026043396,0.07253023159998052,0.014893286071246925,0.997370934565041,0.9947487811151433
209,0.022785494302147644,-1.9452750250817352,-1.946108786397265,1.4666013745738837,0.6328400590440708,0.03653569469200345,0.030863196337887516,0.019456350435012235,0.9995237388772945,0.999047704579246
210,0.01615502574353312,-1.936919310150104,-1.9464282333260117,9.822316306205003,0.31339313029743465,0.0272540537935886,0.021476905649680595,0.016833081513792984,0.9997693714432967,0.9995387960761245
211,0.020399474789303863,-1.9339715188215096,-1.9456911399295087,12.770107634799466,1.0504865268003982,0.04326918018010381,0.03965552778409807,0.016964235887595977,0.9992137199376023,0.9984280581115412
212,0.017586265371326227,-1.9584040944692365,-1.946431520473306,-11.662468012927363,0.3101059830030728,0.022995645479944357,0.01922692774969024,0.012560748186314368,0.999815162631829,0.9996303594285108
213,0.02483456069054711,-1.9311582199768031,-1.944635081315375,15.583406479505957,2.106545140934113,0.05688014780778097,0.054385796709810925,0.01695862075759693,0.9985212859956644,0.9970447585864354
214,0.020921007250546342,-1.9319807113487928,-1.9449796106367658,14.760915107516315,1.7620158195432722,0.048819493483060944,0.04791896130879156,0.010398841389789507,0.9988520723341388,0.9977054624062035
215,0.01733580383890468,-1.947441093660889,-1.9448707075928098,-0.6994672045799177,1.8709188634993268,0.04752546302739101,0.04709847270415501,0.005780843104599881,0.9988910113068464,0.9977832524696144
216,0.014475290571236752,-1.9445067065385924,-1.946302490417385,2.234919917716738,0.43913603892420383,0.02967002104368819,0.025545019691975715,0.0148499215907021,0.9996737354808661,0.9993475774102687
217,0.017630401243070717,-1.9456472393779813,-1.946363287210177,1.0943870783277632,0.3783392461320645,0.033691596659256626,0.024768874448998453,0.02299691810330251,0.9996932623876708,0.9993866188633044
218,0.021682543282317113,-1.9344632393758678,-1.9463912069245863,12.278387080441266,0.35041953172276763,0.028294127800928257,0.02267349367141454,0.01694353036559972,0.9997429688324095,0.9994860037298402
219,0.01658418938308541,-1.9343429484589725,-1.9465479197785267,12.398677997336627,0.19370667778240147,0.023574480160915023,0.01502278297479267,0.01800377693707633,0.999887158030044,0.9997743287933982
220,0.020083615540596036,-1.9277463486953372,-1.9464555520326081,18.995277760971874,0.28607442370098823,0.03318986975169173,0.021163258307475466,0.025256059589730148,0.9997760582570349,0.999552166663974
221,0.016907077596926057,-1.9446798121901525,-1.945723184240962,2.061814266156592,1.0184422153471928,0.03852946960681246,0.033596743605458564,0.019082689832672983,0.9994356872114732,0.9988716928718698
222,0.01609042034396487,-1.9627076675656536,-1.9465926518989394,-15.96604110934452,0.14897455736972987,0.01865621428618025,0.01494949540563175,0.01111879176214751,0.9998882587427993,0.9997765299717072
223,0.011567388776203542,-1.939870776388452,-1.9466371796214579,6.870850067857148,0.10444683485122397,0.015837154736006952,0.011365838437112464,0.011003034365573924,0.9999354093207918,0.9998708228135396
224,0.01759342628168431,-1.9402190543028317,-1.9460282846938994,6.522572153477402,0.7133417624096694,0.03397003183198821,0.03377574325057682,0.004298545567979801,0.9994296545465,0.9988596343869364
225,0.023233556960585836,-1.9230877304365686,-1.9462083456139652,23.65389601974055,0.5332808423439417,0.035786835400146814,0.025898731826995307,0.024403594207616244,0.9996646328979685,0.99932937826703
226,0.02077897346466507,-1.951521492356721,-1.9453935494347225,-4.779865900411906,1.348077021586569,0.04205158326350784,0.04087460808221453,0.009617224755614237,0.9991646332694669,0.9983299643765083
227,0.02534817923165809,-1.9498885249366278,-1.9421504332524082,-3.146898480318683,4.59119320390089,0.07816037403703419,0.07494236944040315,0.0222706814893483,0.9971921507241576,0.9943921854658709
228,0.021643906848257143,-1.9363071734858044,-1.945859060693851,10.434452970504715,0.882565762458043,0.03638215565097405,0.035797381176616995,0.007125683914544594,0.9993592856295019,0.9987189817739084
229,0.01684022395484342,-1.940139707861775,-1.9463554231177842,6.601918594534073,0.3862033385249042,0.024296163602368744,0.02138669854092618,0.011546735252875586,0.9997713069857338,0.9995426662719624
230,0.02277667635388126,-1.936992994860952,-1.9464933553322015,9.748631595356994,0.2482711241076352,0.03465822249623303,0.02170807122047416,0.026715491685537086,0.999764379830812,0.9995288151784881
231,0.020526785417001897,-1.9769944805019575,-1.9459964952321818,-30.25285404564837,0.7451312241273378,0.04237409128245502,0.03637245047727144,0.021407425020305383,0.9993385311683661,0.9986774998777475
232,0.015340973090789798,-1.944957165820506,-1.945777573409926,1.7844606358030646,0.9640530463830288,0.04213443688942862,0.03860412674412372,0.01708274849811942,0.9992548688233899,0.9985102928672501
233,0.02086486488019846,-1.9608984180315743,-1.9465863124856517,-14.15679157526517,0.15531397065737806,0.01946318788961382,0.016038294674135402,0.011018714727680358,0.9998713891451745,0.999742794831101
234,0.028184133004736323,-1.946963703607467,-1.9420616835739166,-0.2220771511578512,4.679942882392485,0.08567158756966647,0.08254087987193516,0.02237347928351792,0.9965959383187105,0.993203464273351
235,0.027545881674213457,-1.9388665728148633,-1.944512227279627,7.875053641445806,2.2293991766821897,0.058592519225123374,0.05710268658988467,0.013211607443835123,0.9983702464053928,0.9967431489075649
236,0.01802910990954276,-1.95795086569526,-1.9447992205545972,-11.209239238950897,1.9424059017119077,0.04937911562034368,0.048339347371159185,0.008974125653789373,0.9988317359030469,0.9976648366470939
237,0.029323707313728967,-1.9698664468890905,-1.9439353090938878,-23.124820432781412,2.806317362421318,0.0654438268466548,0.05891508787727354,0.02729501933045661,0.9982650499732859,0.996533109998167
238,0.014173391938036411,-1.9610936111380954,-1.9465344317760882,-14.351984681786334,0.20719468022090126,0.023474786650439245,0.01693639505435406,0.016454378634576217,0.9998565792654834,0.999713179100474
239,0.018675801322213196,-1.9490733414185895,-1.9457307124711332,-2.3317149622803512,1.010913985175943,0.04343348918192097,0.03560849839092173,0.024403452260899548,0.9993660415176401,0.9987324849386375
240,0.019779883778921876,-1.936887454888448,-1.945810612196005,9.854171567861059,0.9310142603040639,0.042415181631384254,0.03865456374283744,0.01710412315788207,0.9992529160760811,0.9985063902865516
241,0.02108164861558074,-1.948306078561896,-1.9428777458384106,-1.5644521055868665,3.863880617898552,0.07194453112940227,0.07069181840718992,0.012532426660467704,0.9975026105126533,0.9950114579795581
242,0.015679825198901737,-1.949381958011516,-1.946224632201648,-2.6403315552068207,0.5169942546610073,0.028963557922843906,0.024390891899559928,0.015586184202684192,0.999702557073437,0.9994052026191687
243,0.02275194219164224,-1.9893002790481902,-1.9453952204115514,-42.55865259188107,1.3464060447576642,0.05527430217093202,0.04635567315232969,0.029423363017336997,0.998925581949766,0.9978523182736787
244,0.02544270834400908,-1.9687688016110017,-1.9441710682569295,-22.027175154692546,2.570558199379569,0.062175949484726926,0.05446653899366083,0.029360618458234178,0.9985170895723077,0.9970363781679519
245,0.026630753712328474,-1.9389698728623783,-1.9435397440703432,7.771753593930786,3.2018823859658596,0.061353194010734025,0.059970435507508656,0.014035705833694291,0.998202089600017,0.9964074116818403
246,0.022662209600914012,-1.9581806430596698,-1.9447210981250567,-11.439016603360663,2.020528331252436,0.062581317373674,0.05363901949825226,0.03164582993065597,0.9985614345922764,0.9971249386549852
247,0.017788636434120656,-1.923514822386765,-1.9455338521311816,23.226804069544027,1.2077743251275308,0.0427238378044448,0.04016550851626079,0.015384707959529115,0.9991933965640618,0.9983874437372264
248,0.026513657014464856,-1.9151980341358767,-1.9421394081166168,31.543592320432357,4.602218339692321,0.08119038688711709,0.0783122997782989,0.025220902818892093,0.9969336883464621,0.9938767789600809
249,0.014968106713837482,-1.9355192740425713,-1.945988375237236,11.222352413737813,0.7532512190731033,0.032472676367612516,0.030048516658938932,0.012534450057740848,0.9995485542030876,0.9990973122094828
250,0.02016707340047067,-1.9336173937812278,-1.9462954542512254,13.124232675081338,0.4461722050836947,0.03186979951628609,0.02984469614837144,0.011440411268831222,0.9995546953509586,0.9991095889981477
251,0.019342940015822596,-1.954716088433844,-1.9458446725872343,-7.974461977534819,0.8969538690748458,0.0407198914753632,0.03976542910822561,0.00841846204778516,0.9992093610886842,0.9984193472872565
252,0.011360513267654792,-1.933195928914046,-1.9465087985215745,13.545697542263202,0.23282793473455854,0.021993626084858255,0.018561688974131855,0.01182901982414439,0.999827738470407,0.9996555066148485
253,0.02106502316194203,-1.9636861384862614,-1.946133437203862,-16.944512029952286,0.608189252447211,0.03749002432160857,0.027528633157328536,0.025741967703538104,0.9996210993581011,0.9992423422818986
254,0.018616763863728854,-1.932928967994161,-1.9448871544390662,13.812658462148075,1.8544720172428697,0.05048887698749297,0.049027086395527025,0.012765712279383428,0.9987981870604802,0.9975978184753019
255,0.02222968595375556,-1.9692899019697514,-1.9461228914580884,-22.548275513442295,0.618734998220738,0.037647242422015205,0.03355204449146041,0.016625250862769038,0.999437187344755,0.9988746914475948
256,0.023281805709528848,-1.9458627536494448,-1.9444975222354286,0.8788728068642726,2.244104220880505,0.0546331996488436,0.054505242136502145,0.003070637108158499,0.9985149978898277,0.9970322010109226
257,0.02223678666916206,-1.9176732921114514,-1.9458851884489643,29.06833434485767,0.8564380073448064,0.04825176179481134,0.0365814669613733,0.031331356769217694,0.9993309287920283,0.998662305240338
258,0.013790690935802036,-1.9395524169323182,-1.946246893290059,7.189209523990936,0.49473316625014974,0.031197450457028802,0.0267248227977159,0.01603728550129351,0.9996429198590788,0.9992859672243847
259,0.020510828643375147,-1.9494903663603826,-1.944832558095033,-2.7487399040735383,1.9090683612761339,0.05023139469496197,0.04697650748684485,0.017183051657083517,0.9988966894519047,0.997794596197975
260,0.015713371612610445,-1.9699317706116488,-1.9460826751237217,-23.19014415533971,0.6589513325874208,0.039262683415201824,0.032387563048891246,0.021819377769542445,0.9994755229664515,0.9989513210090617
261,0.018950069517281936,-1.9315400182301434,-1.9460836994639734,15.201608226165675,0.657926992335689,0.03885838600017755,0.03441293858411073,0.01796331252859561,0.9994078814575358,0.9988161135194399
262,0.021698609119161112,-1.9523455260749791,-1.945823586403926,-5.603899618670027,0.9180400523831622,0.037096508094864096,0.034009004944184545,0.014450026859836698,0.9994217444005175,0.9988438231805732
263,0.019775816132249584,-1.924229384500139,-1.9458974915564522,22.512241956170076,0.8441348998569076,0.0442409781985133,0.041412509199584835,0.01633874543072385,0.9991426402570156,0.99828601557976
264,0.021482366553210015,-1.9252075079948419,-1.9447852605917568,21.534118461467244,1.9563658645522786,0.052712464626978636,0.05095744981181984,0.01455792801191157,0.9987018220447234,0.9974053293554502
265,0.020217289074451895,-1.9363658093640044,-1.944698324595988,10.375817092304729,2.0433018603212005,0.05185705237205326,0.04901650485980157,0.01735391576129143,0.9987989147813705,0.9975992721684435
266,0.025736097728101204,-1.9248901430328818,-1.945216109320221,21.851483423427354,1.5255171360881725,0.05313544731689096,0.04933119109300248,0.020205538374416042,0.998783372981572,0.9975682261444461
267,0.028503202326863666,-1.9359534099747921,-1.944962445439505,10.788216481516955,1.7791810168041877,0.05825133238260873,0.057948418421061194,0.00815904548645246,0.9983212985357663,0.9966454151101387
268,0.01661997006431312,-1.9466482226512098,-1.946144310364973,0.09340380509925694,0.5973160913361752,0.031638399880569594,0.02942800258025178,0.011442953126269442,0.9995670024900047,0.9991341924668532
269,0.019246815285909456,-1.9425962452919323,-1.9455486926069596,4.1453811643767935,1.1929338493494868,0.04891604712535158,0.04538932024704668,0.01855890379305843,0.9989699508774211,0.9979409627560372
270,0.014786535712467198,-1.9316987717053717,-1.9461874389755416,15.042854750937362,0.5541874807675207,0.03260943556351631,0.026888977722165135,0.018553251008920225,0.9996385020249694,0.9992771347307248
271,0.022624415539600977,-1.927334880204661,-1.9453411197730393,19.406746251648066,1.4005066832698532,0.05027122025133915,0.04442614954152003,0.02370973690807218,0.9990133280961003,0.9980276297136466
272,0.02057895016730269,-1.9344246876678814,-1.9429633363072918,12.316938788427656,3.778290149017316,0.06984888434056968,0.06683692059099029,0.02073279364316347,0.9977665047929447,0.9955379980867294
273,0.02578353002549463,-1.9554508754294433,-1.9461099611425536,-8.709248973134187,0.6316653137554695,0.03459606511519155,0.03273056855945754,0.011496336122869795,0.9994643561732748,0.9989289992608587
274,0.018009589367810316,-1.9428829026961678,-1.9446941500563717,3.8587237601412916,2.047476399937409,0.05356028969502331,0.05288896326122093,0.008840715695010227,0.9986016459872676,0.9972052473684802
275,0.015782353358080703,-1.9524795777013428,-1.9455910573210213,-5.737951245033734,1.1505691352877712,0.040004777472068605,0.0385763306479967,0.010245155745521883,0.9992559852533717,0.9985125240646865
276,0.026299423955813785,-1.9278026659703664,-1.9448968596128313,18.93896048594268,1.8447668434777853,0.05472066203294755,0.05249079682518463,0.016211963915577905,0.998622358263916,0.997246614424585
277,0.02563276685729389,-1.9078079876559213,-1.9437294804277367,38.933638800387804,3.01214602857236,0.07278396167065332,0.06217324902055647,0.039286325206743355,0.9980672437745015,0.9961382230956303
278,0.026630537687944114,-1.9425747649161067,-1.9457300974805463,4.1668615402024045,1.0115289757628432,0.03620617978645588,0.036099856183403306,0.003559817691961186,0.9993484362811069,0.9986972970974937
279,0.027795132538208166,-1.9139613658488412,-1.9447700189766735,32.78026060746786,1.9716074796356509,0.060953843278973456,0.05676621760832162,0.023068909597117902,0.9983892325187117,0.9967810596093022
280,0.023215057256816402,-1.9632999229826928,-1.9447530313467312,-16.558296526383742,1.9885951095779397,0.054044539251363787,0.051862806125481664,0.01394970495207691,0.9986552547935814,0.9973123179268331
281,0.0195382377449293,-1.9262260850034993,-1.945987831257191,20.51554145280976,0.7537951991181124,0.03699402377721942,0.032963804966499345,0.017182949339388773,0.9994567070884969,0.9989137093441814
282,0.02347689992880287,-1.9560320798025066,-1.945982961268572,-9.290453346197491,0.7586651877371509,0.03905988259030363,0.03369664683898505,0.019682810374791533,0.9994322679963313,0.9988648583122907
283,0.012595126838953185,-1.953065280751822,-1.9464459541239296,-6.323654295512959,0.2956723323794819,0.023857733886142655,0.023175544998148053,0.005328081643518638,0.9997314475177299,0.9994629671558956
284,0.019432985179614705,-1.9541182710570821,-1.9453191901618092,-7.37664460077303,1.4224362944998958,0.049567496920043023,0.04841000826100372,0.00984470051601371,0.9988284971059533,0.9976583666309374
285,0.019781535718652064,-1.9704810915254691,-1.946318037101691,-23.739465069160026,0.42358935461805913,0.03534537411597198,0.02902490156443926,0.01995661154229353,0.9995787967497596,0.9991577709116972
286,0.01755748564752864,-1.9423799143835512,-1.9461100720939555,4.361712072757928,0.6315543623536257,0.03684671460263331,0.03353714542175894,0.015596348042089848,0.9994376313747907,0.998875579008052
287,0.019492881435802016,-1.9283131181710582,-1.9440964088579331,18.42850828525089,2.645217598375993,0.061887456098253926,0.05833102716930831,0.022328232151247462,0.9982988742785354,0.9966006423857909
288,0.01781104819023223,-1.9526691082944538,-1.9460714685612392,-5.9274818381447325,0.6701578950698561,0.038098558441163714,0.035079226221134914,0.014802123631425329,0.9993847243303006,0.9987698272247508
289,0.017071876833587678,-1.9717998624756399,-1.9454474130149586,-25.05823601933077,1.2942134413505002,0.05254977692048645,0.042963639338920286,0.029713156732329844,0.999077117270902,0.9981550862543356
290,0.015991512237416135,-1.9592452479341012,-1.9466202997371813,-12.503621477792048,0.12132671912779003,0.017846650091875006,0.012011270694660936,0.013283791552113402,0.9999278647903808,0.9998557347842499
291,0.027705727683349106,-1.9435821011214898,-1.9451335108207852,3.1595253348193353,1.6081156355238768,0.05127446400595184,0.05050240015422942,0.009578007634680618,0.9987248316497752,0.9974512893538718
292,0.023801120890055493,-1.9528460616580896,-1.9450332769006369,-6.1044352017805,1.7083495556722283,0.047194515616749685,0.04636424207873181,0.008235752424642213,0.9989254617475017,0.9978520781274596
293,0.02446454681948733,-1.9448661381657424,-1.9463421706497661,1.875488290566718,0.39945580654299206,0.029725345491664355,0.0243241792613691,0.016848914809268832,0.9997041684446908,0.9994084244056907
294,0.017660636266729958,-1.9545934783231138,-1.94602841186105,-7.851851866804704,0.7132145952590818,0.035368034671075466,0.03455666477037123,0.00742054642529782,0.9994029306549573,0.9988062178017174
295,0.021305696038360827,-1.9313863818931736,-1.945972521631292,15.355244563135528,0.7691048250171306,0.04092945226092773,0.03319422962987484,0.023835825851016762,0.999449107374202,0.9988985182310892
296,0.017840973090805415,-1.956328155932327,-1.9462080404776925,-9.586529476017791,0.5335859786166353,0.03874432706900427,0.03121159693947963,0.02321120212849821,0.9995129181321973,0.9990260735131407
297,0.022678963752803136,-1.9289794728664782,-1.946089757705957,17.76215358983091,0.6518687503520582,0.03900498928649202,0.03376533338736867,0.01938299690450371,0.9994299604448509,0.9988602458347962
298,0.02170641397601398,-1.9228887431720427,-1.9457798118417082,23.85288328426638,0.9618146146008755,0.04406719379641858,0.03655958248239215,0.024563552410024107,0.9993317497557765,0.998663946069942
299,0.01603673235229562,-1.9480465854491846,-1.9464517729918713,-1.3049589928755267,0.2898534644377726,0.028671627374550184,0.020488402053987168,0.020184282108858854,0.9997901127101889,0.9995802694730522
300,0.018577774960425387,-1.9494199546792006,-1.946033634586134,-2.6783282228914906,0.7079918701751176,0.03387431022644328,0.030749248206691168,0.014219216012143609,0.9995272826540772,0.9990547887698435
301,0.02753673235230977,-1.9575373139038745,-1.9448875677300215,-10.795687447565427,1.854058726287633,0.05942766409092356,0.05380216672678528,0.025866822997809406,0.9985527915036538,0.9971076774197396
302,0.019387254914720542,-1.952372653632217,-1.9448011943047685,-5.63102717590791,1.9404321515406053,0.05010171477348781,0.04903521705072726,0.00988929270726689,0.9987978845430261,0.997597214167624
303,0.023366280246258565,-1.9561650592400406,-1.945490175460307,-9.423432783731478,1.2514509960022124,0.044335625972139,0.04132400006636986,0.015452302708658083,0.9991462780009627,0.998293284843177
304,0.022942579645653636,-1.9465985469502527,-1.944925924401845,0.1430795060564094,1.815702054464019,0.05484852094618953,0.046023280213173604,0.029840969592994163,0.9989409815882164,0.9978830846964294
305,0.015211673452955203,-1.9671793300542662,-1.9459401181851692,-20.437703597957046,0.8015082711398946,0.04115003214657103,0.03428741242249874,0.023066736266754356,0.9994122333965698,0.9988248122627197
306,0.0248707465820907,-1.924505005932083,-1.9455538269956614,22.236620524226147,1.1877994606477316,0.043574755084199356,0.03965655321169222,0.018299562460616356,0.9992137964716457,0.9984282110592793
307,0.020119197419448,-1.945417453418267,-1.9443501753888388,1.324173038041998,2.391451067470296,0.061365710558998574,0.05709344156815657,0.02221050103554624,0.9983702609375235,0.9967431779244587
308,0.014558527057854594,-1.9429362381715423,-1.9461121586128474,3.805388284766842,0.6294678434617396,0.03036844589914117,0.028992166667132842,0.009108049091325773,0.9995797701608493,0.9991597169148163
309,0.02772482394056427,-1.903943238667846,-1.9455262945920493,42.79838778846301,1.2153318642598165,0.05268305736620822,0.04548118484099235,0.027340568908674808,0.9989657939226356,0.9979326574274817
310,0.019041286014156257,-1.9301579518923384,-1.945499747208429,16.583674563970696,1.2418792478801066,0.04085877673302944,0.03861741169166088,0.014045558408265544,0.9992543662240704,0.9985092884178686
311,0.013312129534359963,-1.9579202812962697,-1.945659424838442,-11.178654839960611,1.0822016178670957,0.03642762417315566,0.03466370755265018,0.01082738324804289,0.9993992983645338,0.9987989575715224
312,0.0157267908655898,-1.938923054303009,-1.9462627585194527,7.818572153300174,0.4788679368563642,0.025884423341919007,0.02375594152024207,0.010390655802209943,0.9997178317250287,0.9994357430689929
313,0.018504819431014362,-1.9617025901130167,-1.9458474973981195,-14.960963656707627,0.8941290581896411,0.03854224962066087,0.03458565086613358,0.01701559032916578,0.9994019386840224,0.9988042350453824
314,0.023159909841807026,-1.9467075938757625,-1.9423847243808667,0.03403258054657243,4.35690207544237,0.07577437479200817,0.072330395108522,0.021903527780930656,0.9973845578307141,0.9947759561991691
315,0.01631146326758278,-1.959725854664941,-1.9461673335749505,-12.984228208631876,0.5742928813585735,0.037901785509778914,0.03236629819618479,0.01932022743137358,0.999476211449539,0.9989526972535236
316,0.018374503116263013,-1.94698491663702,-1.944142927632076,-0.24329018071078679,2.5986988242330256,0.06032468106381098,0.056592336977436125,0.021703066741822555,0.9983991212523945,0.9968008053175536
317,0.018725222629730247,-1.9087209084117978,-1.94522411671377,38.02071804451135,1.5175097425390582,0.050147174870789,0.0421050888156757,0.027736584703239767,0.9991136389006314,0.9982280634372613
318,0.023211628458422617,-1.9723707757996356,-1.9456824614035344,-25.629149343326496,1.059165052774702,0.046102579334944986,0.042029088046128114,0.018458720378184443,0.9991167839624125,0.9982343479953941
319,0.02222422886220568,-1.9405018200951958,-1.9444347899109757,6.23980636111332,2.3068365453333683,0.05748241180027638,0.05437495697809589,0.01987845617748018,0.9985219169592067,0.9970460186478888
320,0.022542171595027652,-1.9510188387099905,-1.9449642577788102,-4.277212253681384,1.7773686774988917,0.047598998878619174,0.04557427421583647,0.013848144722308442,0.9989617251164359,0.9979245282476056
321,0.016556535399381053,-1.9622503724051226,-1.946527544068281,-15.508745948813463,0.21408238802811397,0.021687784943178762,0.01830301677076664,0.011604053688259144,0.9998325011553686,0.9996650303666001
322,0.018156328460924624,-1.9349288548586567,-1.945560541071173,11.812771597652372,1.1810853851361713,0.04762934381896008,0.04630116747379613,0.011708115913758248,0.9989281430832928,0.9978574350438355
323,0.01761482107352621,-1.9589762366230674,-1.9460450954975494,-12.234610166758308,0.6965309587596558,0.03427012707489901,0.032530911302948766,0.0102016683071937,0.9994708764669172,0.9989420329055477
324,0.02227316655223975,-1.9330994694381631,-1.9454483935403941,13.642157018145973,1.293232915914988,0.04845192813123356,0.04447940105705018,0.019416515656780434,0.9990108253120976,0.9980226290907585
325,0.014682652345482742,-1.9536776231683473,-1.946071712363356,-6.9359967120381505,0.6699140929531389,0.03196652273437281,0.031074817352887755,0.007259161797342731,0.9995172319565947,0.9990346969781732
326,0.021944811463260112,-1.9368908000284584,-1.942534336246373,9.850826427850734,4.207290209936154,0.07362682467678157,0.07012539732675163,0.022346192762974178,0.9975413526514866,0.9950887502497575
327,0.02046929712118347,-1.9336020703350287,-1.9460741036618663,13.139556121280371,0.6675227944428208,0.0346764582866372,0.028286344809138674,0.02022413266990699,0.9995999491191447,0.9992000582789967
328,0.023788278866599274,-1.9162578127014986,-1.9459687266099104,30.483813754810463,0.7728998463987224,0.0433623846171261,0.031204688331968405,0.03007991150252935,0.9995131477241846,0.9990265324735078
329,0.027065642973691635,-1.9136996495069523,-1.945397129680286,33.041976949356844,1.3444967760229964,0.05001531274490531,0.04540724400102059,0.021633503513069727,0.9989691259111474,0.9979393145236819
330,0.028991624547490123,-1.9407294988951447,-1.9460505526491099,6.0121275611644265,0.6910738071992384,0.04020145196243137,0.0366659572830049,0.016440900918137095,0.9993279105586422,0.9986562728215016
331,0.022036270819900408,-1.9445925371310315,-1.9449682886228128,2.1490893252775756,1.7733378334963135,0.050005865732379265,0.04888473376734236,0.010821663423429861,0.9988051465508233,0.9976117207764116
332,0.019940877613205163,-1.945628849875473,-1.9465541579285388,1.1127765808360834,0.18746852777029588,0.01863963011403287,0.018345223186827922,0.003372144310375819,0.9998317295782613,0.9996634874714574
333,0.019886703355703233,-1.9531893336278647,-1.9457429054788833,-6.447707171555628,0.9987209774258154,0.047002653645098647,0.04011118674142839,0.024306912890163578,0.9991955949701145,0.998391837007681
334,0.01741419616106718,-1.9461920512629651,-1.9456035822420714,0.5495751933439763,1.1380442142376879,0.04174545343163162,0.04160996820030572,0.003047647002196959,0.9991343720937076,0.9982694934990873
335,0.02480656013276491,-1.9140884867727797,-1.9453926177252947,32.65313968352945,1.3490087310144006,0.05484679169993975,0.04821108893923288,0.027147176745473938,0.9988378624957711,0.997677075555121
336,0.013519114106011774,-1.962361605118155,-1.9465775849902076,-15.619978661845835,0.1640414661014944,0.018609292607854603,0.015231040718131281,0.010636142486822826,0.9998840105668186,0.9997680345871859
337,0.020890661939225195,-1.9324611612076075,-1.944542444855707,14.280465248701635,2.1991816006021736,0.05662852014165613,0.05468925102229628,0.01569864287128025,0.9985050202601575,0.9970122754847376
338,0.015687471776488077,-1.9603330193125006,-1.9459653100049639,-13.591392856191487,0.7763164513452381,0.039904401207076855,0.03587598693355688,0.017286916852058878,0.9993565054183279,0.9987134249219324
339,0.014430289379669923,-1.9618125575849843,-1.9462166683363173,-15.070931128675191,0.5249581199917586,0.030207509011367678,0.02780472035032753,0.01155362968940936,0.9996134670806697,0.9992270835690371
340,0.02111970517177905,-1.9421644694018754,-1.9464401066683361,4.577157054433734,0.3015197879729925,0.030733126481784286,0.024202721291280486,0.018894521170169983,0.9997071351635913,0.999414356096995
341,0.0233344072587535,-1.9747741677453858,-1.9457494960693194,-28.03254128907673,0.9921303869897535,0.04510202245024086,0.03992786137578945,0.02026434538789737,0.999202883467886,0.9984064023305378
342,0.017907587997559003,-1.9688091758271626,-1.9461348755237846,-22.067549370853534,0.6067509325244913,0.038053810378533184,0.03419269891754875,0.0163436769118825,0.9994155049074397,0.9988313514493926
343,0.017238438608867413,-1.9519593268712578,-1.9463899027205314,-5.217700414948734,0.3517237357777425,0.0334990236838208,0.02460831418736178,0.02296032504125324,0.9996972160433925,0.9993945237649093
344,0.023065642973713683,-1.9125718823173685,-1.944739354582193,34.16974413894059,2.0022718741161682,0.05844719156285755,0.048569372164737896,0.03262727175615517,0.9988206600344499,0.9976427109116541
345,0.015670189611130758,-1.94643903625081,-1.9462363151179864,0.3025902054991647,0.505311338322656,0.03104095413136988,0.03026249663964512,0.006996031321399264,0.9995420933288365,0.9990843963361925
346,0.018758463029144145,-1.9750090489964058,-1.9455763983783612,-28.26742254009673,1.165228077947944,0.04513552411777563,0.039938403078479304,0.02065596047149579,0.9992024708475323,0.9984055777478137
347,0.025951706256561693,-1.9649371838136938,-1.9432773802029992,-18.19555735738465,3.4642462533098772,0.07725926309871904,0.07166996245353878,0.02620063579858325,0.9974318560181402,0.994870307399792
348,0.017979244056492337,-1.930727610807608,-1.9448537167038056,16.014015648701196,1.8879097525035249,0.050848847240194096,0.04984937087741144,0.011081006824742907,0.9987578398688456,0.9975172226994826
349,0.017158669341724907,-1.9465080089827203,-1.9460477824886897,0.2336174735888541,0.6938439676194008,0.037041205393286765,0.0368160366202492,0.0044238735289336695,0.9993223391289497,0.9986451374821557
350,0.033212536124462365,-1.8981182348378594,-1.9420551683525982,48.62339161844975,4.686458103710933,0.08607320436957791,0.07563624965764192,0.0429992519469816,0.9971396363671298,0.9942874544143718
351,0.02188356122379387,-1.965426577633316,-1.9452964811990674,-18.68495117700686,1.445145257241709,0.05820712346880391,0.0512425405748154,0.026726442000386135,0.9986871013661711,0.9973759264351649
352,0.018465696105103308,-1.9428424346411413,-1.9463707315864827,3.899191815167846,0.3708948698264436,0.025882493869867563,0.023737254585999432,0.01019041732462416,0.9997182716182487,0.9994366226073784
353,0.018899542730772788,-1.9488971365417374,-1.9453776257448483,-2.155510085428247,1.364000711460811,0.043822589995344795,0.04014326115837787,0.017957555150966392,0.9991943585724286,0.9983893662029669
354,0.02321775060686526,-1.9644383268097971,-1.9445474031691654,-17.696700353488026,2.194223287143693,0.057102871929295966,0.05281041801462882,0.021176245848827924,0.9986058387121376,0.9972136211099718
355,0.01857928300138561,-1.9556133497307016,-1.9463618738382091,-8.871723274392451,0.3797526180999711,0.027052265575330924,0.023404297871268895,0.013588069371695152,0.9997261275856227,0.9994523301773448
356,0.01683171145881364,-1.9637599923694269,-1.9452120179929107,-17.018365913117783,1.5296084633984464,0.04721946730090094,0.04323871989173419,0.018323742794527538,0.9990652078587837,0.9981312895539147
357,0.01814861721603711,-1.9463072595331041,-1.9456541180664175,0.4343669232049763,1.0875083898915783,0.03982786649201607,0.03837344167382598,0.010736445873751714,0.9992638731375271,0.9985282881578118
358,0.0192045346276603,-1.9316825677689298,-1.9434829197076617,15.059058687379334,3.2587067486473664,0.06386071571517533,0.06120251878714162,0.020010801989175736,0.9981274534924737,0.9962584134153701
359,0.018501966925023428,-1.9578931898058765,-1.9454055915232715,-11.15156334956735,1.3360349330375776,0.044296260225673637,0.03958555216614067,0.019867228719678054,0.9992165016194493,0.9984336171086109
360,0.02019339728504082,-1.9343470096931494,-1.9458768068459984,12.394616763159672,0.8648196103107075,0.042325107093650095,0.03727435883823784,0.02034129981097571,0.999305404008655,0.9986112904809011
361,0.018143423230711084,-1.970229794519285,-1.9456089078187728,-23.488168062975934,1.1327186375362785,0.04824246776316179,0.03973587026970217,0.02710445952698552,0.9992106460141278,0.9984219151079706
362,0.021307859603251322,-1.9564918861053096,-1.9453931595990637,-9.750259649000448,1.348466857245434,0.0584384654282373,0.04530644642929735,0.036537048981136966,0.9989737302958275,0.9979485138211607
363,0.01863959579548316,-1.9575637261095256,-1.9461852461808145,-10.822099653216455,0.5563802754946501,0.03029183284726505,0.028706109862850764,0.009428220192592079,0.9995879947353449,0.9991761592190278
364,0.02515224117907618,-1.9614298693716907,-1.944429288431728,-14.688242915381622,2.3123380245810843,0.059144475963954356,0.05712777741759511,0.013926704321195332,0.9983685735908593,0.996739808733847
365,0.011590087509916731,-1.9406278216829624,-1.9461813314683913,6.113804773346665,0.5602949879177643,0.026392038818605443,0.025241925526788042,0.007947796864540477,0.9996814286703043,0.9993629588283007
366,0.023180090091450327,-1.9141725958128617,-1.9450786575103522,32.569030643447405,1.6629689459568553,0.05403280738516913,0.05051221650781372,0.020297778991800977,0.9987246403470197,0.9974509072362838
367,0.01957625436730929,-1.9320614933195779,-1.9454542445349234,14.680133136731222,1.2873819213856663,0.05088317659010941,0.047228449348465776,0.019290043934631174,0.9988848144374363,0.9977708725137114
368,0.016657587997545548,-1.9634415555469962,-1.946360081856455,-16.69992909068707,0.38154459985406675,0.03030232933362462,0.02739652154619372,0.012617308835484725,0.9996247318162392,0.9992496044586882
369,0.020143447964161502,-1.9462403675881654,-1.9459868173450132,0.5012588681436725,0.7548091112958843,0.039799625021125266,0.03152954652466563,0.02399001901312297,0.9995029539149957,0.9990061548848019
370,0.021328506483584905,-1.9661194894009977,-1.9458258836990445,-19.377862944688573,0.9157427572645815,0.044335146412817085,0.03753710893632042,0.023456395252681138,0.9992955419958968,0.9985915802528731
371,0.012033772634562605,-1.9265310083809586,-1.9464989558156922,20.210618075350517,0.24267064061689325,0.024676084602653782,0.019685181639834196,0.014807253965539995,0.9998062468228996,0.999612531186093
372,0.024655025743525655,-1.955222286178565,-1.9448587679053826,-8.480659722255979,1.8828585509265139,0.051585666645063394,0.05030707263904608,0.009938914125798675,0.9987346007175535,0.997470802670451
373,0.01978797285239283,-1.9415522194753077,-1.9449169491238887,5.189406981001454,1.8246773324204213,0.05845978746916863,0.05568970980966287,0.018045616808521674,0.9984497825050855,0.9969019681844526
374,0.021304593207710016,-1.9356831945686193,-1.9451257699908677,11.058431887689846,1.6158564654413787,0.05724698432861102,0.055433132880402546,0.015385901314190192,0.99846358398025,0.9969295285346859
375,0.018590420344010355,-1.9522982880549182,-1.9461119464751107,-5.556661598609125,0.6296799811984499,0.027943070799992333,0.02741970381852377,0.005063299936800215,0.9996240906539862,0.9992483226158088
376,0.019577843463818898,-1.9442252195812488,-1.9463026425738505,2.516406875060273,0.4389838824585546,0.03660759796309319,0.025925825295184217,0.025867631569202444,0.9996639528956964,0.9993280187190492
377,0.020430644298818787,-1.95793392369786,-1.946187618017808,-11.192297241550797,0.5540084385011745,0.03288924089555616,0.026314576659576826,0.019853393469379477,0.9996537778143295,0.9993076754984609
378,0.016057021665204008,-1.9547407840386783,-1.9460161725170642,-7.999157582369243,0.7254539392449466,0.034063250449746424,0.031269021717158486,0.013444474775907074,0.9995111242166002,0.9990224874327319
379,0.017690965189859444,-1.9585394989073894,-1.9463429566417647,-11.797872451080327,0.39866981454439454,0.035670636891644805,0.026121186659841138,0.024539258592100974,0.9996588527603874,0.9993178219022137
380,0.025510699945032047,-1.9467146133941642,-1.944526228659422,0.027013062144920497,2.215397796887064,0.05561837288264717,0.05254674411296882,0.017535189056579917,0.9986194265094717,0.9972407590021061
381,0.01961568251956359,-1.9233326847119565,-1.9451788700868817,23.408941744352596,1.562756369427376,0.06029710455156199,0.055971898552558276,0.023967025456864674,0.998433651660152,0.9968697567674257
382,0.019590973090790425,-1.9380350096413912,-1.9461601945082154,8.706616814917911,0.5814319480936803,0.03555785562350369,0.0326597345186118,0.013823431194895154,0.9994666762015805,0.9989336368374349
383,0.01805925858103681,-1.9344661117670932,-1.9460392002249722,12.27551468921595,0.7024262313368723,0.033356225729940576,0.03172323550310394,0.010514350384117875,0.9994968747229802,0.9989940025810048
384,0.01553034531137946,-1.9618163894427154,-1.9463308778583517,-15.07476298640631,0.41074859795742213,0.025833782785302045,0.022272788744982692,0.0128868468699679,0.9997519653155476,0.9995039921522998
385,0.020533068493069642,-1.9334300400751065,-1.9461407535843576,13.311586381202556,0.600872871951541,0.033782437955421685,0.03151153016815409,0.012533791684881291,0.9995035191560228,0.9990072848052739
386,0.027022477611132908,-1.9457851620714697,-1.944476207492585,0.9564643848394283,2.2654189637241195,0.0545717498656388,0.05271628840215165,0.014291998565631068,0.9986105183552363,0.9972229673697137
387,0.015525083384511603,-1.9748973572804764,-1.945587262085142,-28.155730824167335,1.1543643711671159,0.05185444293015359,0.04736318624750827,0.020247202183264746,0.9988785226078316,0.9977583029272044
388,0.0228124159134067,-1.9627854811240792,-1.9457505677222044,-16.04385466777014,0.9910587341046551,0.04865312901526284,0.04214745419181662,0.02371730914859445,0.9991118201773272,0.9982244292180519
389,0.023920563566891845,-1.9521241117428791,-1.9450391786211403,-5.382485286570038,1.7024478351688188,0.05042668663519841,0.04719311918279138,0.016918505991960434,0.9988864198614883,0.9977740797837015
390,0.030762799441236638,-1.9481920583868433,-1.9450439213119741,-1.4504319305341795,1.6977051443349822,0.05652954035781243,0.05519233184193228,0.010575663631659212,0.9984769389529493,0.9969561976208516
391,0.01404263312745802,-1.9593871965753367,-1.9463299529781184,-12.64557011902756,0.41167347819071054,0.030210513047341594,0.027327475706578067,0.0129043122637356,0.9996266138967164,0.9992533672106149
392,0.02306062777947754,-1.9200285455893982,-1.9452846234244607,26.713080866910932,1.4570030318483695,0.048688170544570024,0.04386402012547002,0.021545320791299442,0.9990381244293945,0.9980771740634025
393,0.017156303727559618,-1.9700574559198973,-1.9459165009118895,-23.315829463588233,0.8251255444196026,0.041870174702341334,0.038196852071329175,0.016644944908289726,0.9992705179760899,0.998541568096203
394,0.022034191584784354,-1.9570829165976875,-1.9458717524451437,-10.341290141378412,0.8698740111654502,0.03845482855853258,0.03420632863548779,0.017422194358059452,0.9994150199682652,0.998830382138168
395,0.024167515297732353,-1.9927859621076844,-1.9450236779045438,-46.044335651375334,1.7179485517653248,0.06891540977763372,0.052355720750809714,0.04470801176802647,0.9986297415670422,0.9972613607422575
396,0.018494518175110775,-1.9557933865880288,-1.9455947134489129,-9.05176013171971,1.146913007396222,0.04746571549513711,0.04234358830153732,0.021514610483343646,0.9991036681410866,0.9982081396929746
397,0.019800659357654942,-1.9150072416759871,-1.946301272791154,31.734384780321978,0.4403536651551576,0.03584345012609907,0.02921371098738314,0.020946385654809194,0.9995733120614457,0.9991468061854883
398,0.019789522014974886,-1.9308180135778563,-1.9459432050161303,15.923612878452786,0.7984214401788314,0.03443260928924118,0.03246672553669338,0.011797735216981256,0.9994729747819716,0.9989462273195236
399,0.018853747172739833,-1.9398165488380952,-1.9449701849278564,6.925077618213926,1.7714415284526552,0.05318570134981303,0.05133272816719965,0.014396555707876794,0.9986828795971737,0.997367494000503
400,0.022161497712834096,-1.939699872244099,-1.9445909408595987,7.041754212210094,2.150685596710389,0.06135360427433503,0.06077096638647224,0.009537477549121627,0.9981534452762694,0.9963103003168865
401,0.013268679955316368,-1.9362426178474015,-1.9463976368537044,10.499008608907623,0.3439896026047329,0.024540896361905925,0.021739713202730517,0.011414899955759577,0.9997636926120055,0.9995274410651925
402,0.022781076834609584,-1.9738465543506505,-1.9443822963519455,-27.10492789434138,2.3593301043636217,0.06279964528867328,0.05646979218253557,0.025889857434910707,0.9984056046988753,0.9968137514941269
403,0.02295687550849082,-1.9399939176925514,-1.9453308285973907,6.747708763757743,1.4107978589184,0.05076087109491495,0.04707367581076474,0.019474845673329445,0.9988922153570753,0.9977856579009656
404,0.02446496458188266,-1.9607134399083612,-1.946137006425394,-13.971813452052118,0.604620030915104,0.03287821306098084,0.030578400547681808,0.011793926413624856,0.9995324807307552,0.9990651800357775
405,0.020666758415130916,-1.971800831085609,-1.9461443218016947,-25.05920462929989,0.5973046546143834,0.03407470886033123,0.028858010279344724,0.01786510033557042,0.999583607808735,0.999167388999927
406,0.02153153571864403,-1.9876990276729456,-1.9460546336105546,-40.95740121663649,0.6869928457544638,0.04793220523181729,0.03733440382811372,0.029797026701501604,0.9993031652600616,0.9986068160987779
407,0.016442156784978165,-1.9433799893834511,-1.945584600021485,3.3616370728579703,1.157026434824182,0.04418486763081009,0.04285162607935555,0.010840805459005351,0.9990819218155119,0.9981646864985767
408,0.024139399155697072,-1.9457671861855708,-1.9461380262460508,0.9744402707383415,0.6036002102582927,0.03481239270876084,0.030723935258730677,0.015939843953125744,0.9995280201541172,0.9990562630732094
409,0.01485445131423989,-1.9554283022644918,-1.945180445234479,-8.68667580818272,1.5611812218301324,0.04625734124836825,0.04401996839211196,0.013729505453584286,0.9990312153148305,0.9980633691734273
410,0.024605275512388967,-1.9641349815556344,-1.9453511588445782,-17.39335509932527,1.3904676117308945,0.05135434250730728,0.04650166623463724,0.021554852029183644,0.9989188618669046,0.997838892593472
411,0.01846083409199816,-1.923674732956364,-1.9462056592068306,23.066893499945174,0.535967249478464,0.03488379560465376,0.03130347727577375,0.015706465746627964,0.9995100473117382,0.9990203346771132
412,0.020767923698654156,-1.9437755664745404,-1.9465774812976926,2.9660599817686872,0.16414515861651324,0.023252554017118506,0.017884523180197433,0.01490775415681389,0.9998400739188121,0.9996801734139757
413,0.024804926041830946,-1.961319593052225,-1.9454330379004994,-14.577966595915814,1.308588555809731,0.05139994684846248,0.0487486769953532,0.015421078496655092,0.9988118345884485,0.9976250809139421
414,0.013948500055978653,-1.9436793172462108,-1.9456636170970112,3.062309210098313,1.0780093592979156,0.03695760138810276,0.036210285973467614,0.007640487108162641,0.9993444149164324,0.9986892596246667
415,0.020091325560053178,-1.963855597348758,-1.9455669601514123,-17.113970892448815,1.174666304896821,0.04640253203792229,0.038599600096030966,0.026065488739902817,0.9992551074730323,0.9985107698109412
416,0.017936586195555573,-1.9275001484175733,-1.9462425630825322,19.24147803873577,0.4990633737769201,0.032958275093584996,0.028967060094942876,0.015871333915269955,0.9995804620763042,0.9991611001646779
417,0.024504395382469544,-1.9800639163036073,-1.9453521785647625,-33.32228984729824,1.3894478915466024,0.05790996257590061,0.044290956941747686,0.03719456939191522,0.9990191582232448,0.9980392784970807
418,0.01758922993668594,-1.9628278911307058,-1.9458829372074289,-16.086264674396666,0.8586892488802178,0.04330853829021136,0.039810214012067364,0.017000689934529165,0.9992076064073951,0.9984158407023959
419,0.02670537011582829,-1.9808077862382192,-1.9454658854794757,-34.06615978191007,1.2757409768333616,0.04758021834956898,0.04076288033054371,0.02427164096224224,0.9991692043704707,0.9983390989623195
420,0.018250087576695703,-1.9573209478625209,-1.9452111107718724,-10.579321406211761,1.5305156844367396,0.04675106338334969,0.04341768372728796,0.0171420117328743,0.9990574968751548,0.9981158820624498
421,0.023628104132266674,-1.9202278777314052,-1.9440920751754207,26.513748724903863,2.649551280888396,0.06755188732967529,0.06470183682916597,0.020510257385025626,0.9979075572141015,0.9958194927450152
422,0.021395523952390673,-1.9450681616620773,-1.9437247368423074,1.6734647942318048,3.0168896140017054,0.06716261910122939,0.05905399997012399,0.031118208608465904,0.9982566178001148,0.9965162749817245
423,0.017434619270541706,-1.947927668382955,-1.946142735016435,-1.1860419266458422,0.5988914398740164,0.03171076909751858,0.029774174421280712,0.010904871308273214,0.9995567963220724,0.9991137890736449
424,0.02305848206335359,-1.9611656727741804,-1.9455960472637226,-14.424046317871309,1.14557919258651,0.052812752033152874,0.04805382103643466,0.021218776148732146,0.9988455941657676,0.9976925209843652
425,0.027192246811610556,-1.916587820939405,-1.9452860154142397,30.153805516904164,1.4556110420693713,0.05799778358904356,0.053791706061944666,0.0227056806548493,0.9985532538420357,0.997108600758517
426,0.023690058513225247,-1.9376325867686923,-1.9443576300943202,9.109039687616782,2.383996361988938,0.05547591911472148,0.05284761923110283,0.016974697611445114,0.9986036004180823,0.9972091507679569
427,0.017748519340752132,-1.9401897426066117,-1.9460123039382553,6.551883849697404,0.7293225180537988,0.03521482079477615,0.030738164053227133,0.017164383297980687,0.9995276193512684,0.9990554618460141
428,0.01873249525153512,-1.932068166494412,-1.9465403066498073,14.673459961897173,0.2013198065018429,0.02181328165834609,0.018511936899824492,0.01151926248724278,0.9998286541168828,0.9996573375931773
429,0.01815361037746676,-1.9566483792549885,-1.9459604761453522,-9.906752798679364,0.7811503109569351,0.03344656096037322,0.03033434837601571,0.013878871144657327,0.9995399136826716,0.9990800390447626
430,0.027700974733367655,-1.9497887856113552,-1.9449951866827193,-3.047159155046053,1.7464397735897919,0.05443286193147363,0.04831442771292382,0.024330116445467342,0.998832967692762,0.9976672973499301
431,0.019669149388640665,-1.9501799016590142,-1.9462775363446834,-3.438275202705121,0.46409011162573677,0.030218748708040727,0.02631849198736576,0.01487016080108085,0.9996536920149321,0.9993075039590849
432,0.011298206166724946,-1.9420874451759371,-1.9460070861660907,4.654181280371983,0.7345402902183551,0.030718451902607198,0.029895227157896435,0.007240253172368957,0.9995531847701173,0.9991065691840844
433,0.02250789243363075,-1.9062635392614646,-1.9458346341097255,40.47808719484447,0.906992346583646,0.04621304101731196,0.03796982704726898,0.026725200055378383,0.9992792058375379,0.9985589312193005
434,0.02141823907438407,-1.9617864623847205,-1.9457817540522504,-15.044835928411437,0.9598724040587037,0.04472099967482452,0.037558941570425594,0.02382793231167991,0.9992946678449184,0.9985898331832858
435,0.030167532284537293,-1.953677527882838,-1.9443024796348813,-6.93590142652889,2.4391468214277623,0.05536296585689589,0.05371685247623525,0.012766972047043856,0.9985572714541181,0.9971166243738933
436,0.019770314046274065,-1.9148830442696025,-1.9453534172214406,31.858582186706563,1.3882092348684871,0.0523964537644131,0.04859487093715907,0.020650102711608942,0.998819463135147,0.9976403199375833
437,0.02482187683360287,-1.975355234440151,-1.9448893787366053,-28.613607983841938,1.8522477197038256,0.06515037983311459,0.057559566583401965,0.029675003357202884,0.9983436398521649,0.9966900232332692
438,0.017732096562409608,-1.9467373499918448,-1.9459923301287911,0.004276464464325613,0.7492963275179676,0.031107922319253106,0.030820901681321535,0.004096995850620316,0.9995250599626145,0.9990503454932682
439,0.012446975028169173,-1.9604731138592235,-1.945527125628553,-13.73148740291441,1.2145008277562042,0.04065883098373945,0.03665037798456683,0.017333995240567026,0.9993284806435017,0.9986574122252495
440,0.02132698324223036,-1.9337477660548144,-1.9453935472920916,12.99386040149475,1.3480791642175305,0.05114610619936088,0.04087399403307877,0.030958594884942712,0.9991646975128002,0.9983300927558456
441,0.02917023073283455,-1.9607175076852579,-1.9433402248602911,-13.975881228948772,3.4014015960179833,0.0749312618357971,0.06464698443311323,0.03754535639729622,0.9979114201244178,0.9958272024147323
442,0.021991266979992465,-1.939665720044746,-1.944640693882232,7.075906411563082,2.1009325740770635,0.05423103864799312,0.053753203879844474,0.008515828203997546,0.9985553296431037,0.9971127463586474
443,0.019602975753229987,-1.9397371526212603,-1.9466301050876138,7.004473835048763,0.11152136869529983,0.021730309709084683,0.011959991416266106,0.018116066439765596,0.9999284794377725,0.9998569639907359
444,0.02326633072936548,-1.9764072704011972,-1.9453606057155717,-29.66564394488813,1.3810207407374264,0.047561030952880855,0.040408329452257134,0.024649993711966682,0.9991835903167934,0.9983678471583576
445,0.024118048133816725,-1.9181010249271055,-1.9456391074817023,28.640601529203558,1.102518974606781,0.04640434192001495,0.03773389045924441,0.027469516600224314,0.9992880781841356,0.9985766632009431
446,0.014510699945027924,-1.9533794990717837,-1.945375441002662,-6.637872615474549,1.366185453647084,0.04651822379437285,0.045836745967081406,0.006870897921669344,0.9989495527912435,0.9979002090218254
447,0.014548289870577033,-1.947627398977658,-1.9464360592877232,-0.8857725213489154,0.30556716858587407,0.024364486916398885,0.02228280462045174,0.009668819072151507,0.9997517402382927,0.9995035421094948
448,0.02013913691139013,-1.968849682711029,-1.9462524077622982,-22.108056254719788,0.48921869401086227,0.03217361107310407,0.0253029096465501,0.019940450120295706,0.9996798843051453,0.9993598710843488
449,0.019901534389255304,-1.9580832727924784,-1.946412407391101,-11.341646336169298,0.3292190652079974,0.027920652076325977,0.022233161023753657,0.016947945605588908,0.9997528549629301,0.9995057710065295
450,0.016903058818483335,-1.94879365251515,-1.9459848906819779,-2.0520260588408057,0.7567357743312186,0.030956969651539507,0.02983296883226709,0.008186598438912214,0.9995549973404311,0.9991101927082292
451,0.01583809849977789,-1.971088703971845,-1.9457023242254954,-24.347077515535887,1.0393022308137212,0.0419158246583916,0.03787520634459706,0.01739828460653528,0.999282819629663,0.9985661536070096
452,0.02273572052545854,-1.9713544150145006,-1.94557644072256,-24.61278855819149,1.16518573374913,0.05281799184807592,0.042589868316916066,0.031237109713448247,0.9990932303398414,0.9981872829108994
453,0.023481191346374643,-1.9653078540780868,-1.9460638146935578,-18.56622762177773,0.6778117627512792,0.03392654652046051,0.03098241692269671,0.013378426486324913,0.9995200476260627,0.9990403256064067
454,0.015978028915733106,-1.9400877624059814,-1.9464040360209711,6.653864050327751,0.3375904353379866,0.034919544328031446,0.02636406795467135,0.022902835850610256,0.9996524852829369,0.9993050913323525
455,0.013185395788277697,-1.933977384073504,-1.9457000285684718,12.764242382805158,1.0415978878373089,0.04119680264206035,0.039185779543232345,0.01332550629432142,0.9992323602076117,0.9984653096860744
456,0.018376092212752822,-1.9475238018989145,-1.945783182980087,-0.7821754426053928,0.9584434762222038,0.05050682004452748,0.04087583896555476,0.029206059610978035,0.9991646364968748,0.998329970825932
457,0.02155912238681037,-1.9374554144551526,-1.9459801420048557,9.286212001156535,0.7614844514534092,0.03686732202160261,0.035320104134128914,0.011083479654422551,0.9993762861479351,0.9987529613148394
458,0.01849743774594624,-1.9218479851872219,-1.9456978057073993,24.89364126908722,1.0438207489098517,0.04157580350414459,0.03528494016941802,0.02217542741414469,0.9993775396258332,0.9987554667085838
459,0.015044911164993825,-1.941815327045297,-1.9466871863076298,4.926299411012192,0.05444014867928004,0.01210949127739863,0.008715671133944277,0.008383478991445027,0.9999620187260033,0.9999240388945838
460,0.01929109025089567,-1.9291822857356224,-1.945095485651341,17.559340720686656,1.6461408049681658,0.0523785982243757,0.05032482757238969,0.014947192721377452,0.9987337151792722,0.9974690338357917
461,0.014539889684672763,-1.9612151809926457,-1.9457311472869312,-14.473554536336586,1.0104791693779092,0.0417879451317741,0.03738881080277795,0.01836869783762577,0.9993010860220368,0.9986026605248223
462,0.01981504789535804,-1.9378232282112855,-1.9442109914152013,8.918398245023607,2.5306350411078427,0.06240324922768826,0.056936908529639785,0.026597569705708073,0.9983791676751448,0.9967609624477148
463,0.015271882282213897,-1.9468848091414397,-1.9458762645566157,-0.14318268513058285,0.8653618996934398,0.037303683468962276,0.036240466357200816,0.009242482580454264,0.9993433213493784,0.9986870739256071
464,0.019873862792797188,-1.9587018715542188,-1.9453900539335847,-11.960245097909716,1.3515725227244424,0.05211839652040953,0.05078424750526747,0.010844903883852522,0.9987108297915928,0.9974233215430117
465,0.018090464113969397,-1.959851838953765,-1.945366532323696,-13.110212497455809,1.3750941326131638,0.05114744660033372,0.047702665505121866,0.01809334834269216,0.9988624651184916,0.9977262242225899
466,0.023229685953763447,-1.9677358287501556,-1.9451041693925724,-20.99420229384652,1.637457063736747,0.04890505985622083,0.04505967946831912,0.018169477345262308,0.9989848345718754,0.9979706997045972
467,0.016582465067136544,-1.9402504448952447,-1.9462317804577067,6.49118156106443,0.5098459986023762,0.025845340329663444,0.025107003133783494,0.006270578282742327,0.9996848244611742,0.9993697482579688
468,0.02257666825690069,-1.9702652196938188,-1.9460358967837459,-23.523593237509743,0.7057296725632156,0.04184007595901018,0.032424036521889854,0.02622194186649794,0.9994743411368401,0.9989489585909206
469,0.025270314046304226,-1.9012731365727846,-1.9454973970404736,45.46848988352448,1.2442294158354628,0.05354616377900969,0.04351473541072192,0.03137196504843137,0.9990533178841842,0.9981075319753967
470,0.025309455220923757,-1.967896729278719,-1.9456293295227105,-21.155102822409955,1.1122969335986,0.043340181009405336,0.038966928990548495,0.01848728947817933,0.9992407899882905,0.9984821563764228
471,0.019988438608848837,-1.9527128659789905,-1.945009397238606,-5.971239522681415,1.7322292177031073,0.05651921328605427,0.04776049642207232,0.029394063860752564,0.9988594732043234,0.9977202472100185
472,0.023003933850149955,-1.9211582961808518,-1.9461468796328056,25.58333027545734,0.594746823503467,0.033300922768983714,0.028601374215019244,0.017306614927535633,0.9995909818004058,0.9991821308966993
473,0.014573775817130855,-1.9455000665582671,-1.9466110050013528,1.2415598980419773,0.1306214549563478,0.018318888571614934,0.014106229425723598,0.011649399812865857,0.9999005088572964,0.9998010276130803
474,0.017339271058335222,-1.9227664540515803,-1.946061542375945,23.975172404728795,0.6800840803640185,0.04215086460692652,0.037445563473245964,0.019860029009293963,0.9992989842428321,0.9985984599087561
475,0.014922709283082052,-1.940010982998514,-1.9451839837828941,6.730643457795171,1.5576426734149607,0.046994629335077066,0.04678280836230189,0.005111703238647499,0.9989059765583683,0.9978131500040275
476,0.011238768794650111,-1.941532125449682,-1.9464485469379775,5.209501006627093,0.29307951833157375,0.022308756216456258,0.020485453997500635,0.008709095834241336,0.9997901731662538,0.9995803903598078
477,0.017940410982528215,-1.9290783851861526,-1.9450128777759235,17.663241270156504,1.728748680385639,0.05455240525192538,0.05173569380687328,0.018628238080935076,0.9986619278584559,0.9973256461539677
478,0.020611108346032206,-1.929185717381565,-1.9462082294087908,17.555909074744136,0.5333970475183136,0.03168626592713148,0.02860915407737504,0.013724381962405423,0.9995907700155153,0.9991817075002108
479,0.018623991491134452,-1.944569134451968,-1.9452148316540263,2.172492004341109,1.5267948022827937,0.047922305589711875,0.047512530112229195,0.005887574797826374,0.9988712797936888,0.9977438335966818
480,0.01116187676680136,-1.940530296524831,-1.946410427048059,6.2113299314781045,0.3311994082499936,0.026189014960119654,0.020888640817355014,0.01579453839939615,0.9997818391163293,0.9995637258268298
481,0.017230129637370313,-1.948734113874375,-1.9455810769861326,-1.9924874180659025,1.1605494701765195,0.04003343940083338,0.03978324985207574,0.004120511406366969,0.9992086832082355,0.998417992598736
482,0.018920742357967178,-1.926487240380516,-1.9438242071542862,20.254386075793107,2.917419302022939,0.06932564662521153,0.06871450054706384,0.01256024515087185,0.9976391612595181,0.9952838960785948
483,0.01920614663357494,-1.9543691053556398,-1.9454717180691705,-7.627478899330686,1.2699083871385852,0.045884857991206875,0.042732978926527616,0.01680379713041074,0.9990870493096331,0.9981749320982293
484,0.02263311932651793,-1.9216452932330312,-1.9455811184047762,25.096333223277867,1.1605080515328936,0.04498368591824435,0.040335121351220776,0.02013451405547193,0.9991865659951811,0.9983737936652424
485,0.020629942358995887,-1.928708453768856,-1.9455433316717772,18.03317268745319,1.198294784531928,0.05114930487468894,0.047867297179721026,0.01779102617192164,0.9988544476443351,0.9977102075788697
486,0.01792516247389437,-1.9441992517716333,-1.9453817010537555,2.5423746846757744,1.3599254025535856,0.046383678951889315,0.0455906403834118,0.008424433170843043,0.9989609116525416,0.9979229030096771
487,0.025783068493047852,-1.9501972768165652,-1.9447100011828173,-3.4556503602560795,2.031625273491766,0.05775402351431021,0.048395781472418825,0.031242501100264018,0.9988289262593774,0.9976592239324606
488,0.024997768182368173,-1.9591985425394716,-1.9465581144038675,-12.456916083162461,0.1835120524416034,0.027274371813084144,0.017669847614850808,0.02098163311089007,0.9998438929492687,0.9996878102679486
489,0.02418187970061001,-1.947195677713655,-1.9455706123566652,-0.4540512573458777,1.17101409964393,0.04501176322388773,0.040983287491984724,0.018779446563996514,0.9991601877203282,0.9983210807253216
490,0.021151422079198214,-1.9404264685319743,-1.9444045338959286,6.315157924334791,2.337092560380505,0.06685417595915605,0.05165739479920002,0.042263405698665636,0.9986661704681115,0.997334120037443
491,0.018775899836107834,-1.9592805251095349,-1.945608629760881,-12.538898653225772,1.1329966954281012,0.0474317314640862,0.04515103503118246,0.014028233174566218,0.998980723189217,0.9979624853036511
492,0.018430930677862833,-1.9488870076550262,-1.9461105515667068,-2.1453811987171,0.6310748896023455,0.03679693834909581,0.03042999723882237,0.020575602980228827,0.9995370345383193,0.9990742834136573
493,0.02356062777946733,-1.9107467208581206,-1.9450479600085113,35.994905598188524,1.6936664477977814,0.05196088932794798,0.04592347173712985,0.024836787840821942,0.9989456571681488,0.9978924259751046
494,0.018222832282100365,-1.9456710264070372,-1.9460167352147912,1.0706000492719525,0.7248912415178665,0.03678758147052626,0.03354696959450189,0.015526578510734457,0.9994373006420747,0.9988749179147168
495,0.025249907325116255,-1.9501303190276482,-1.9455869326455064,-3.3886925713391136,1.1546938108026872,0.04080867047890999,0.03983045926282153,0.008300220975974118,0.9992068030729566,0.9984142353072784
496,0.015922530491971294,-1.9550305740840692,-1.9462057755380744,-8.288947627760113,0.5358509182347149,0.03048583818295572,0.028752108713837307,0.009698076407205741,0.999586658823823,0.999173488498574
497,0.0211909815781128,-1.9762724699619991,-1.9454956823153988,-29.53084350569002,1.2459441409102823,0.0519992444479127,0.0463518284271642,0.023143650965221554,0.9989258750054455,0.9978529037553949
498,0.01947570952146905,-1.9467889613816756,-1.9446205136668169,-0.04733492536646011,2.12111278949223,0.05826737478782309,0.056987967792084454,0.012134455859246492,0.9983767069887618,0.996756049057724
499,0.022221842986926088,-1.938855972908504,-1.9466089248337786,7.885653547805127,0.13270162253053996,0.016900349496277847,0.015436752691332701,0.006937007441973788,0.999880853418719,0.9997617210333458
500,0.020640372313242457,-1.9626611508298748,-1.9460596704439828,-15.919524373565697,0.6819560123263457,0.032690664917242325,0.02973641179624373,0.013341338988272536,0.999557873387679,0.9991159422512993
501,0.01376995647876777,-1.9316926971709465,-1.9465262547601119,15.048929285362611,0.21537169619723073,0.026861447210067894,0.020747675028929248,0.016924482473623808,0.9997847682276386,0.9995695827799931
502,0.023386788284050733,-1.9320703926305784,-1.9445631954489107,14.671233825730656,2.1784310073984514,0.060004103928122166,0.059522058430519546,0.01006981212585416,0.998228563023794,0.9964602640365487
503,0.018125564825281062,-1.973547561388015,-1.9463859258253324,-26.8059349317058,0.35570063097667415,0.03138083204531549,0.025092201801993088,0.01872587231612982,0.9996852025409066,0.9993705041792535
504,0.015765582817882953,-1.9395331977505432,-1.9462902300781353,7.208428705765879,0.4513963781738184,0.030227628322469013,0.029308550037177507,0.007406347682900125,0.9995705311628917,0.9991412467692655
505,0.021103618474399927,-1.9217059146063822,-1.9455691349383837,25.035711849926923,1.1724915179254225,0.051148518133719914,0.04845869658498518,0.01751722998222034,0.9988261411967518,0.9976536603379936
506,0.02052621482139886,-1.9285095658087366,-1.9456072511920015,18.232060647572546,1.1343752643075966,0.04375553587387677,0.0407611053080829,0.016601466388545375,0.9991693998933416,0.9983394896832205
507,0.0161565737183116,-1.9453742294106207,-1.9462392786082876,1.3673970456884454,0.5023478480215005,0.02984068501077754,0.029141755022040906,0.006402915293052088,0.9995753861038091,0.9991509525045791
508,0.01431502316196054,-1.9585074178627566,-1.9464584278366786,-11.765791406447512,0.2831986196305536,0.021798179292874087,0.019344643617977268,0.009956916051167688,0.9998128978923891,0.999625830791977
509,0.021705727683379923,-1.954164631048885,-1.9443505914565893,-7.423004592575833,2.391034999719821,0.06249175469939979,0.06136318232237792,0.010906581052282155,0.9981181194283195,0.9962397803311251
510,0.022493239003307172,-1.9261738287899954,-1.9460000941325817,20.56779766631367,0.741532323727423,0.04378479974455686,0.03879638683511537,0.020494445107150358,0.9992475590414953,0.9984956842503867
511,0.019189662472468297,-1.9501777376695568,-1.9456560235586104,-3.4361112132477167,1.0856028976986565,0.04029962015280763,0.03835755212549555,0.012208528340877094,0.9992644703996839,0.9985294818031608
512,0.017910174734336187,-1.9299077115482797,-1.9461719811274636,16.833914908029435,0.5696453288455139,0.03178075947642087,0.026076368261144806,0.01812160401289022,0.9996600154007832,0.9993201463910941
513,0.025285868257916056,-1.9367210531489107,-1.944650715756709,10.020573307398362,2.0909106996001015,0.05632694239011779,0.054786361607192045,0.012697292034130747,0.9984992937375059,0.9970008395942981
514,0.019327668545563538,-1.9481671192797434,-1.9447550925142794,-1.4254928234342934,1.9865339420297445,0.05164646937468378,0.050168716532681804,0.01216141505952334,0.9987417659155788,0.9974851149841689
515,0.019736072994698185,-1.9629775288778537,-1.9454722329673244,-16.2359024215446,1.2693934889846936,0.04196691439782746,0.03975887545968875,0.012715808507523272,0.9992096159233712,0.998419856553731
516,0.018441251568948352,-1.934579632989862,-1.9458910561559668,12.161993466447196,0.8505703003423015,0.03743513636662232,0.03561541623041853,0.011621850541114412,0.9993657798807477,0.998731961996655
517,0.018614114283682936,-1.9050496040213296,-1.9455265594484497,41.69202243497949,1.2150670078594494,0.0552442715750216,0.048336538140922314,0.027630059251655632,0.9988318663273956,0.9976650971910683
518,0.02390657371836976,-1.9451215744626393,-1.9438011054444833,1.6200519936697688,2.9405210118258474,0.064547389730982,0.06349582621837015,0.010007703233010071,0.9979842650191503,0.9959725932258136
519,0.016024709428791084,-1.9393100976920408,-1.9460071037894175,7.431528764268336,0.7345226668915572,0.032337009515780474,0.02890462017900903,0.014567858971036175,0.9995822945517598,0.9991647635813612
520,0.024690146089971443,-1.9291182521648842,-1.9449687067395505,17.62337429142491,1.7729197167586364,0.04927799236035543,0.04683291059796331,0.016403737013253993,0.9989033402357231,0.9978078831340849
521,0.01571792792277257,-1.9409199566930047,-1.9460159732357825,5.821669763304449,0.7256532205266453,0.037472301899269506,0.036003042546075954,0.010769370466745016,0.9993519786930336,0.9987043773176815
522,0.03325282714664031,-1.9553624878206903,-1.9419170392862795,-8.620861364381227,4.824587170029648,0.08656079524543285,0.08254478212900127,0.02252957944569767,0.996593281147658,0.9931981680286549
523,0.011583615540596032,-1.9250754417953393,-1.9467035346848471,21.66618466096981,0.03809177146196774,0.02147076614291888,0.00720253286310197,0.019960446663338918,0.9999740618125973,0.9999481242979842
524,0.027368380967865938,-1.9613165253909302,-1.945141302995357,-14.57489893462105,1.600323460952069,0.05676902720099466,0.055013934959384655,0.012498622494099158,0.9984867339044434,0.9969757577831628
525,0.010133231038019403,-1.9599409919337771,-1.94668382105144,-13.199365477468028,0.05780540486899355,0.029372088334442627,0.010284217189445301,0.027776263576118405,0.9999471178677284,0.9998942385319767
526,0.027404361535864848,-1.9355079555627455,-1.944965085834849,11.233670893563641,1.7765406214600432,0.04859294299338636,0.0447813843729309,0.019034144057456258,0.9989975517015977,0.9979961083057862
527,0.02612326506612452,-1.9296470998267299,-1.9448634938218647,17.09452662957922,1.8781326344443627,0.06577412104899326,0.05155878827677587,0.04109584869849996,0.9986712275983269,0.9973442208327493
528,0.015375605946902921,-1.9495127856652814,-1.9464145342778456,-2.771159208972307,0.32709217846349503,0.03384001104360134,0.02222111340206083,0.02542855192495239,0.9997531115990727,0.9995062841520278
529,0.017092940015893572,-1.944438504741974,-1.946522333160422,2.303121714334999,0.2192932958871019,0.026583469730790368,0.016991943272797568,0.020583989482119383,0.9998556370932322,0.9997112950271133
530,0.017826430495445855,-1.928711419428099,-1.9464300466980358,18.03020702821012,0.3115797582733393,0.023569027827031425,0.01951610822718275,0.013301311890185904,0.9998095619300884,0.9996191601268353
531,0.020897974494891593,-1.9461226985465523,-1.9442367550372393,0.6189279097568168,2.504871419069854,0.05583372337576115,0.05359510636253479,0.016136640883405707,0.9985641242774399,0.9971303102939705
532,0.015761203823602396,-1.941930773895604,-1.9459473582807798,4.810852560705126,0.7942681755293002,0.039180299764401114,0.03622638167623024,0.014975031160234705,0.9993438976763653,0.9986882258229898
533,0.020613980487102047,-1.9196193284245113,-1.9459590999365115,27.122298031797776,0.7825265197975995,0.039378635676387455,0.03328856580095407,0.021400193860103195,0.9994459552967214,0.9988922175589761
534,0.01511568251956572,-1.9406451598013004,-1.946252533090669,6.0964666550087365,0.4890933656400698,0.030502945801368822,0.02993746273079655,0.006222108324354339,0.999551878428625,0.9991039576701928
535,0.022695721777584547,-1.922259156116264,-1.9442373556783787,24.482470340045026,2.504270777930362,0.062281686670355926,0.060411432505760636,0.01710724109843542,0.9981752806863776,0.9963538909733287
536,0.018990031578174513,-1.9254517597885907,-1.9465352633763968,21.28986666771837,0.2063630799122862,0.021908871852738227,0.017004391125041693,0.01385644388903588,0.9998554254109616,0.9997108717237351
537,0.023256299464330908,-1.9372486034592942,-1.944736776087782,9.493022997014933,2.0048503685270447,0.05230416931459937,0.049153274096317125,0.017526235933593964,0.9987920276978624,0.9975855145928074
538,0.01958533720824135,-1.93353235148436,-1.9461913921353784,13.209274971949014,0.5502343209307092,0.03517156383310775,0.02834869620016167,0.02101052719471832,0.9995981824242918,0.9991965263059477
539,0.023821677545377583,-1.910985289387981,-1.9458657311249834,35.75633706832804,0.8758953313257045,0.044549144831696835,0.03537516879675749,0.027237381628930482,0.9993742989002691,0.9987489893024044
540,0.018861195922660345,-1.9520459937584522,-1.945137665185302,-5.30436730214312,1.6039612710070372,0.04823575374921832,0.046617414884121015,0.01205914446592297,0.9989135849025346,0.9978283501028331
541,0.018424164582960305,-1.9534897089911512,-1.9459615449929737,-6.748082534842048,0.7800814633354136,0.0338563354825013,0.03001142895141417,0.015543606796686529,0.9995496826560406,0.9990995680977914
542,0.018423083238741603,-1.9544781256775952,-1.945669442161878,-7.736499221286053,1.0721842944310112,0.03714836883884754,0.035576451182304514,0.010401319627816423,0.9993671878435437,0.9987347761383129
543,0.02785450018245594,-1.9487778392150503,-1.9439321969942311,-2.036212758741218,2.8094294620779614,0.07003305934871888,0.06939542732454546,0.00724304978928076,0.9975925501972631,0.995190896209079
544,0.01761011457847155,-1.9546088531564056,-1.9462218933664597,-7.867226700096541,0.5197330898494279,0.029274489154144556,0.02656889989624193,0.012409217783567222,0.999647049548455,0.9992942236709311
545,0.01840117682178105,-1.9370084923800428,-1.9455939587058493,9.733134076266303,1.1476677504598243,0.04623783944989753,0.04583974861555784,0.00730047245046505,0.9989494180149255,0.9978999397523585
546,0.02606577941860855,-1.9180886621989683,-1.9457674404014,28.652964257340763,0.9741860549090653,0.04441451121657532,0.039571470289661986,0.020581926926310872,0.9992170823195033,0.9984347775991012
547,0.029203408289073772,-1.9789774101765232,-1.9438134648358634,-32.23578372021407,2.928161620445735,0.08237847679196666,0.07442736711679225,0.032686551271126775,0.9972307655632244,0.9944691997858147
548,0.030122536191254247,-1.9575208767038805,-1.9466488222159104,-10.779250247571426,0.09280424039870283,0.016514624393587817,0.012078022458718285,0.01127567125496309,0.9999270606886128,0.9998541266973687
549,0.025518057495256728,-1.9453842667189811,-1.9430482320680202,1.3573597373279789,3.693394388288862,0.08574211361565638,0.08134627421303997,0.02705221401752553,0.9966922419163937,0.9933954250963271
550,0.0201215383002191,-1.9550619264714852,-1.9456241813932682,-8.32030001517614,1.1174450630409005,0.04206935064553378,0.03910018230872286,0.015259768871119869,0.9992356334565651,0.9984718511693429
551,0.0143421634981345,-1.9507455888060192,-1.9465319059480877,-4.003962349710122,0.20972050822143373,0.023967302552628602,0.01627371716107976,0.01763589919028803,0.9998675837678881,0.9997351850698347
552,0.015034345016514435,-1.9359340898567134,-1.9453375819894478,10.807536599595657,1.404044466861265,0.04429852941497627,0.043735252816207035,0.007752038312598768,0.9990438165028506,0.9980885472925813
553,0.018749492247690562,-1.9479938252615245,-1.9458457276169143,-1.252198805215432,0.895898839394782,0.035920954221523665,0.035656636347646105,0.004217258854990958,0.999364349916863,0.9987291038847541
554,0.023752075988220434,-1.9652660462387923,-1.943769626994153,-18.524419782483204,2.971999462156205,0.06203414116419193,0.05926882980559799,0.01711998482037874,0.9982436900237316,0.9964904646721959
555,0.029081648615545977,-1.9338876376054637,-1.9451751689956154,12.853988850845433,1.5664574606937265,0.04910365353665773,0.048583857165440024,0.008014040756696936,0.998819875422934,0.9976411435398855
556,0.0257069630851358,-1.959418057193832,-1.944212414188412,-12.676430737522892,2.529212267897041,0.05776333178011896,0.054753165454859413,0.017848351807659993,0.9985010872067501,0.997004421153062
557,0.017954867461765674,-1.9404917964921669,-1.9455837245403191,6.249829964142251,1.1579019159899673,0.0420160508736314,0.040420264965177984,0.011648135172635986,0.9991832125988132,0.998367092339285
558,0.02704592425638351,-1.9839274524497157,-1.9443835020042426,-37.18582599340658,2.3581244520665123,0.06317816665379053,0.05622636206235908,0.027463676160521526,0.998419355893589,0.9968412102229691
559,0.022503142131950787,-1.9314507312413498,-1.9455692610287738,15.2908952149593,1.1723654275352935,0.042414003016627275,0.038327412105003865,0.018241486068848626,0.9992655075638702,0.9985315546068791
560,0.015870809425333088,-1.9530934537761289,-1.9462765585665645,-6.351827319819758,0.4650678897446525,0.03122660404593245,0.029234470469400132,0.010838364971249164,0.9995726816082844,0.9991455458175766
561,0.015486471683831788,-1.9460333393509746,-1.944987538238969,0.7082871053345485,1.7540882173401329,0.04737303967697403,0.04665658186551426,0.00796622026120292,0.998911614136757,0.9978244128573013
562,0.021363715594557416,-1.940779195352914,-1.9446608368173346,5.962431103395005,2.0807896389745117,0.05493613565563278,0.05295529412455801,0.015505962603140765,0.9985979207268164,0.9971978072799211
563,0.022519512795167288,-1.946478445047467,-1.945015145721764,0.26318140884207253,1.7264807345451771,0.050125540352740736,0.047672840605402396,0.01508916463062156,0.998863709480723,0.9977287101175902
564,0.03138802755962149,-1.9491304362642488,-1.944228772082748,-2.3888098079396514,2.5128543735610798,0.07531557342217299,0.06798601480960673,0.03028582602472651,0.9976891108737787,0.995383561956111
565,0.01927714298451981,-1.9769493514427217,-1.9450579375084283,-30.207724986412554,1.6836889478808459,0.055594763324267014,0.0503697673838847,0.02237406025400842,0.9987315640963637,0.9974647371223689
566,0.024101760612496116,-1.950725658009006,-1.9457511566321541,-3.9840315526968872,0.9904698241549603,0.04022350963602451,0.03761336566641133,0.014566628024357594,0.9992926934810076,0.998585887244527
567,0.019380799932227452,-1.9261379270544496,-1.9457415678859016,20.603699401859465,1.0000585704075249,0.04700001375505165,0.0431555464780216,0.019175881159675546,0.9990689293610286,0.998138725614592
568,0.021766620355360734,-1.918864038500783,-1.9460125853361416,27.877587955526195,0.7290411201674729,0.03785637669596326,0.030983777013457486,0.021730645647334124,0.9995200118256807,0.999040254040009
569,0.018231412719590355,-1.9494869501697119,-1.94659306591392,-2.7453237134027475,0.1485605423892089,0.017167516267717543,0.014432912187216583,0.009298671894415954,0.9998958481818702,0.9997917072113416
570,0.020862081503614387,-1.977894671342608,-1.9460131435476826,-31.153044886298886,0.7284829086264821,0.04091530576015895,0.03364594327997998,0.02322223990596074,0.999434018149123,0.9988683566337015
571,0.020040204670000727,-1.9363555821613174,-1.945951124741941,10.386044294991681,0.7905017143681192,0.038991745057086545,0.036514208179015475,0.013830582344933989,0.9993334421061699,0.9986673285117657
572,0.018505635882598417,-1.952462842995278,-1.9465884417478632,-5.721216538968843,0.15318470844594145,0.018787766785159126,0.01644904506090742,0.0091227378702887,0.9998647154114446,0.9997294491248091
573,0.014682985179597634,-1.9539272042414597,-1.9460305281421848,-7.18557778515061,0.7110983141243032,0.037840655855519385,0.035141610939752134,0.01381490206262793,0.9993826186286126,0.9987656184169829
574,0.01902791175558604,-1.9556278970040875,-1.9457004356371577,-8.886270547778352,1.0411908191514385,0.04150021113245877,0.03829649243636266,0.016065673686465803,0.999266692817651,0.9985339233747257
575,0.014049858106461737,-1.9563830868013514,-1.9462243319057377,-9.641460345042319,0.5172945505713678,0.03050174492934001,0.02647865228605571,0.014868369076667451,0.9996494493888239,0.9992990216633789
576,0.023876732285566485,-1.922991878360332,-1.942749791572682,23.749748095977186,3.991834883627199,0.07245143536081582,0.07033945463042732,0.020069190716120035,0.9975263294023662,0.995058777850958
577,0.013458024794136473,-1.9510288690172344,-1.9464418010915512,-4.287242560925275,0.2998253647579219,0.025411570070224213,0.023359703514380444,0.009866246411376524,0.999727169197478,0.9994544128316027
578,0.013983909429763493,-1.9489647916755823,-1.9461409497953974,-2.2231652192732376,0.6006766609116809,0.03789613818628036,0.025979512061182024,0.027483286593855464,0.9996625420894814,0.9993251980568041
579,0.024859141420960126,-1.9209371369475774,-1.9459764269753925,25.80448950873171,0.7651994809165785,0.037048702491914644,0.03257843684102969,0.017854064082163435,0.9994693310185173,0.9989389436466025
580,0.014387612482193736,-1.949157390498408,-1.9466895728039717,-2.415764042098978,0.05205365233740267,0.009223663758542026,0.008907003780557952,0.0023726403014363933,0.9999603328099973,0.9999206671934806
581,0.027912363032649254,-1.9456097087630393,-1.9464811099811008,1.1319176932698127,0.26051647520830556,0.021320739227768934,0.01907174890595865,0.0095058469375432,0.9998181350531239,0.9996363031811066
582,0.017241646033999664,-1.9387971004616051,-1.9458069326909186,7.944525994703966,0.9346937653904597,0.035838673231492583,0.0338474682347033,0.012062574103399287,0.9994272366016492,0.998854801261209
583,0.020841969506611706,-1.9320872149042547,-1.9446681138076858,14.65441155205438,2.0735126486233213,0.05561092905843109,0.05374636849617793,0.01486690338469985,0.9985559273144541,0.9971139399748293
584,0.019509191904073655,-1.9492736639983448,-1.9463095348301016,-2.532037542035681,0.4320916262074981,0.03352661209222924,0.025680323876137074,0.02144144192912409,0.999670266213331,0.999340641151032
585,0.012170318309530033,-1.9495289199970542,-1.9463775227837725,-2.7872935407451394,0.3641036725365865,0.021557242515846967,0.02075135616641048,0.0058111050799310275,0.9997846912337388,0.9995694288253425
586,0.025290313733191246,-1.9554038482490366,-1.9453305039694075,-8.662221792727465,1.4111224869015615,0.05242349046657241,0.04576404365294837,0.025303395152627303,0.9989528355872451,0.9979067677277976
587,0.023815421851123113,-1.955933662031671,-1.9445897349012704,-9.192035575361857,2.1518915550386986,0.059207007509762086,0.05402378437603513,0.023110576977868818,0.9985407706558137,0.9970836706619064
588,0.015291397725629966,-1.9707600855441478,-1.9464735453198656,-24.01845908783873,0.26808113644349874,0.028695908414451163,0.022744853046543733,0.01744765680542797,0.9997413397700177,0.9994827464451499
589,0.013185813550690255,-1.9663072170233906,-1.9463359451746831,-19.565590567081514,0.4056812816259914,0.02843172053516418,0.022683879780724236,0.017106483624637733,0.9997427283610373,0.9994855229107708
590,0.023237935954817525,-1.9459336861274508,-1.9433471898939227,0.8079403288583364,3.3944365623863604,0.06609669378083738,0.06334166300855561,0.01880211780624725,0.9979945306740123,0.9959930832552422
591,0.02027514867771674,-1.9652282319420882,-1.9456860884602378,-18.486605485779073,1.0555379960712763,0.05246188640462464,0.04304688090225964,0.02987778691603519,0.9990735952489096,0.998148048723582
592,0.01772844790357321,-1.9459743201177588,-1.9460761041579915,0.7673063385502665,0.6655222983176223,0.038607164306713675,0.030151772347113033,0.02399852975184106,0.999545455930625,0.9990911184715611
593,0.020875496883787214,-1.943186005390835,-1.946249353890021,3.555621065474135,0.4922725662881433,0.02540018035529176,0.02430773590124706,0.007544675340927542,0.9997045724049266,0.9994092320873171
594,0.022294247583260943,-1.9726817790103912,-1.9462135067640587,-25.940152554082108,0.5281196922504172,0.03508357758518275,0.02912283064015805,0.019333000103450054,0.999575956072333,0.9991520919579185
595,0.01722833884037305,-1.930194844356153,-1.9459170641494599,16.546782100156143,0.8245623068492414,0.03289553103781401,0.030756906975179008,0.011977910084818563,0.9995270078936302,0.9990542395087931
596,0.0225527353458356,-1.9505217709731004,-1.9439856272277296,-3.7801445167913172,2.7559992285794976,0.05775697641505692,0.05657410344873983,0.011196229912341099,0.9983997861319822,0.9968021329483878
597,0.019268740150238408,-1.9481110014333625,-1.9455165432606043,-1.3693749770533614,1.2250831957048014,0.04083492910098963,0.038497046112175616,0.013740343017916315,0.9992590076996484,0.9985185644688859
598,0.024299885488241742,-1.9576705235359226,-1.945288798648363,-10.928897079613531,1.4528278079461998,0.053094919196949725,0.048932659994101194,0.020670280622187977,0.9988027996386915,0.9976070325660881
599,0.017595990933397462,-1.9514877508866284,-1.9456271895859645,-4.746124430319298,1.1144368703446261,0.044516642470323595,0.039130760499786435,0.021745868297219115,0.999234424081001,0.9984694342684899
600,0.028005543207649412,-1.9373718981315984,-1.943795620715403,9.369728324710724,2.946005740906088,0.06472779143439793,0.0629415667513476,0.01556343715250593,0.9980192941313815,0.9960425114585009
601,0.016613536803439365,-1.957566850004983,-1.946429760029621,-10.825223548673879,0.31186642668812325,0.02975192621369762,0.02389016269397266,0.0177159266833547,0.9997146409438539,0.9994293633174987
602,0.013224365056489485,-1.9428438223449296,-1.9465484776526714,3.8978041113795214,0.19314880363774378,0.015866824729049583,0.015284254677629972,0.004326144588429703,0.9998831989501458,0.9997664115427768
603,0.029696448202597425,-1.9140011326641282,-1.9449758504392098,32.740493792180914,1.7657760170992631,0.05649467098482347,0.04482961665399208,0.03380678911476209,0.9989953249207796,0.997991659213574
604,0.02335087503162848,-1.9315467921053802,-1.9456395074542046,15.194834350928943,1.1021190021045513,0.04047434241534607,0.0384489960659904,0.013003209305782897,0.9992608375877725,0.9985222215366166
605,0.020596124729944106,-1.9408452598356274,-1.9453115679764459,5.8963666206817145,1.4300584798632165,0.042977372942075084,0.040813580188326815,0.013687943974534642,0.9991671397512991,0.998334973158792
606,0.017098553187438224,-1.9803728382291024,-1.9461600499988838,-33.631211772793264,0.5815764574252924,0.04108478283059191,0.0317882739369755,0.02626014192650146,0.9994947638554279,0.9989897829744175
607,0.026648348450673258,-1.9512777215661081,-1.9450559515745665,-4.536095109799021,1.6856748817426492,0.061085591929945275,0.05653076050271614,0.022102034052321987,0.998402450840738,0.9968074538447922
608,0.019524777370296086,-1.9817871444608823,-1.9458440439315374,-35.045518004573225,0.8975825247716784,0.046677729503217476,0.038196157807592834,0.02634581360007687,0.9992705601589017,0.9985416524002851
609,0.024491998503178136,-1.9441990707381518,-1.945754763000611,2.5425557181573133,0.9868634556982059,0.04397020778164793,0.038996605551044984,0.020709350454565238,0.9992397215554502,0.9984800211342135
610,0.02576312575420407,-1.9514522356939537,-1.943931524607896,-4.710609237644547,2.810101848413016,0.06756937295292396,0.06075054801234963,0.02812117525993539,0.998155056206089,0.9963135162297807
611,0.012122934880337572,-1.941460410362201,-1.9467006777008462,5.281216094108032,0.040948755462899555,0.009251070025600855,0.007262120639562389,0.005735534238412321,0.999973630876412,0.9999472624481547
612,0.01212450311623403,-1.9667533990779507,-1.946405669822744,-20.011772621641555,0.3359566335650044,0.02540436535529514,0.021103978620225172,0.014030779887447373,0.9997773208752546,0.9995546913365019
613,0.024184711945483613,-1.933147735324624,-1.9459225747492017,13.593891131685076,0.8190517071073877,0.047879814440153906,0.03920100854700084,0.02763607325580099,0.9992316623132159,0.9984639149692328
614,0.014514807487954081,-1.9427810880647927,-1.946456486537769,3.960538391516444,0.28513991854017817,0.0225316302894204,0.021774055649078132,0.005958471217518817,0.9997629521377034,0.9995259604670957
615,0.01597043120639903,-1.9309800785397326,-1.9455809744605108,15.761547916576468,1.1606519957982897,0.043254203885343165,0.04090806319831472,0.01460161696525422,0.9991633251065873,0.998327350238052
616,0.01927261115708162,-1.9232171951451489,-1.9464027880871677,23.52443131116022,0.3388383691413921,0.028753802661851912,0.023286011120666368,0.01701016949504027,0.9997288854303248,0.9994578443637595
617,0.020638782590848975,-1.9413475622922578,-1.945938725316063,5.394064164051304,0.8029011402461705,0.03735254311634205,0.03192124254705876,0.01952828272019843,0.9994905624371146,0.9989813844008598
618,0.0191137155945392,-1.96199124155699,-1.9462570584580268,-15.249615100680902,0.484567998282337,0.032815841474515155,0.030798476234709368,0.010896856393015344,0.9995257740275023,0.9990517729452776
619,0.025000776517714304,-1.9537824968616586,-1.9454437708192074,-7.040870405349509,1.2978556371017191,0.04626049899352664,0.04402008526217198,0.014425545154343366,0.9990311976525684,0.9980633338831253
620,0.020103240645812412,-1.9284612047158907,-1.9461379562135563,18.28042174041844,0.6036702427527629,0.03537851738617982,0.028479457097978,0.020750509487721034,0.999594472664312,0.999189109781044
621,0.02174730155175894,-1.9357512344708911,-1.9459142682568478,10.990391985417958,0.8273581994613366,0.03658350510658286,0.03374551286378509,0.014304655640734585,0.9994306808984348,0.998861685921109
622,0.02983836849058244,-1.9643296294151644,-1.9447532064962016,-17.58800295885532,1.988419960107457,0.056778159451465846,0.051496306149895955,0.022646034934398578,0.9986740663996,0.9973498908991126
623,0.02028750887005768,-1.9492326090602796,-1.9463172378448388,-2.490982603970515,0.4243886114703166,0.0300290312473729,0.026534261266984216,0.014130928844205557,0.9996479936889948,0.9992961112864326
624,0.01603700234310785,-1.9344160307112597,-1.9456116518794861,12.325595745049434,1.1299745768229563,0.041724738883525375,0.040171836057448375,0.011763873894257771,0.9991931506678743,0.9983869523415934
625,0.02110129398185376,-1.9163695867167323,-1.9445885324441317,30.372039739576806,2.153094012177448,0.06811988058480971,0.06601028729330631,0.018783928722447784,0.9978223582668713,0.9956494586572604
626,0.018361636359412934,-1.9758143511466189,-1.9459254575092817,-29.072724690309748,0.8161689470274069,0.043161983231849305,0.03700628477353254,0.02182703885092979,0.9993153337982024,0.9986311363642126
627,0.015454908583458727,-1.9425905030686292,-1.9461292243186425,4.151123387679867,0.6124021376665567,0.029038629881493118,0.028074506880163424,0.007452827399718796,0.9996059389548964,0.9992120331939
628,0.019658207809296203,-1.9352722512414766,-1.9445985802087586,11.469375214832489,2.143046247550462,0.05621493883599781,0.05100239957555087,0.023469678571510066,0.9986993926180728,0.9974004768157075
629,0.021160993834235742,-1.9348462698185627,-1.945615436190635,11.895356637746435,1.1261902656740652,0.04739218125350604,0.04407119502022881,0.01714967031753085,0.999028884091198,0.9980587112485044
630,0.013780702878842727,-1.9561107917910172,-1.9465500313887316,-9.369165334708107,0.191595067577488,0.018306407422920255,0.017114649524002587,0.006399203563725689,0.9998535447908656,0.9997071110308595
631,0.019486471683816307,-1.9499601053380482,-1.9452168448512268,-3.2184788817390952,1.5247816050822927,0.04556800209670905,0.044205533100346216,0.010298026752732852,0.9990230019200997,0.9980469583654477
632,0.01802468979360851,-1.9736867566278449,-1.9458167185180508,-26.94513017153577,0.9249079382582792,0.04107410215340732,0.03416739426721157,0.02257448107930721,0.9994163115277297,0.998832963747692
633,0.021177503354702525,-1.9777133214567442,-1.94616699590546,-30.971695000435062,0.5746305508491645,0.03769651753183867,0.026790576111100677,0.026552772021015025,0.9996411448006234,0.9992824183783009
634,0.024462997656867144,-1.9585396010339509,-1.944714924022083,-11.797974577641757,2.026702434226202,0.054584767437092896,0.05141081685752218,0.017521294479860824,0.9986787384800636,0.9973592226921313
635,0.01440067294317765,-1.9471938860601854,-1.9455204638795143,-0.4522596038762927,1.221162576794832,0.039474773562257946,0.03703692976788487,0.013411664549935606,0.9993141878799475,0.998628846098159
636,0.017735611462241216,-1.9312950803458369,-1.9463108607332236,15.446546110472248,0.4307657230855355,0.030360475831503083,0.026963618380872946,0.014119161943968166,0.9996365077638245,0.9992731476542548
637,0.015044181102289486,-1.9536527833194952,-1.9464508743828783,-6.911156863186108,0.2907520734307667,0.024904522683153185,0.021105388661394272,0.013061573345121955,0.9997772812894525,0.9995546121825291
638,0.011132037982407412,-1.938805158434519,-1.9465072679186297,7.936468021790155,0.23435853767939108,0.020729745448173978,0.019230371775960826,0.007796089227939838,0.9998150989308684,0.9996302320501421
639,0.024698611767467078,-1.9966058641466204,-1.9450264115817226,-49.86423769031134,1.7152148745864793,0.0650031261939058,0.0516076873497452,0.038741684978844095,0.9986683261616633,0.9973384256785384
640,0.013177768247251108,-1.9392655790597597,-1.9458739705194563,7.47604739654939,0.8676559368527847,0.03219374385288651,0.031839625179105886,0.005160476358825811,0.999493119360569,0.9989864956491206
641,0.013488950234056713,-1.9459191915128657,-1.9462814013032987,0.822434943443362,0.46022515301036293,0.027943053762419366,0.024276661505204685,0.013941876138095603,0.9997053330620082,0.9994107529526206
642,0.0170975839026839,-1.9497204191367727,-1.9454925599812605,-2.9787926804636378,1.2490664750486324,0.04663910588845577,0.04255718792012884,0.019732528474577196,0.9990944727584073,0.9981897654963999
643,0.015216497356297128,-1.9242112135856104,-1.9464894372526367,22.53041287069868,0.25218920367242603,0.029373276287041998,0.020753713949260927,0.02077833684393435,0.99978464207847,0.9995693305359743
644,0.021495667460770907,-1.9584058968506424,-1.9443694949792893,-11.664270394333265,2.3721314770197566,0.058427980415137776,0.05685393090147185,0.012474593430248607,0.9983844466140676,0.9967715032408779
645,0.019441669331339746,-1.96757774952303,-1.94455639827497,-20.83612306672089,2.1852281813390384,0.05857800312035887,0.05506291589433597,0.018821763367176877,0.9984845039069468,0.9969713045423015
646,0.017192222078154917,-1.9454667427081171,-1.9464856205446182,1.2748837481919573,0.25600591169094855,0.027921801696493803,0.01732897740364789,0.02190942349766425,0.999849853791842,0.9996997301275679
647,0.02589585413810211,-1.97589158037134,-1.9450416695781525,-29.149953915030835,1.6999568781566055,0.05808109901469179,0.051207115226644555,0.02630198661698377,0.9986889917765741,0.9973797022957102
648,0.02235655468416275,-1.9688885094884891,-1.9453885688027153,-22.146883032180043,1.3530576535938366,0.04697537079682029,0.04345350690475957,0.01721438939521236,0.9990559224107194,0.9981127361039334
649,0.018279374802136497,-1.9543247812850832,-1.945132696101039,-7.583154828774141,1.6089303552702106,0.05698992665101613,0.04630280712220791,0.032845996137276755,0.9989282081505736,0.9978575650389157
650,0.02390420810411354,-1.977880541057724,-1.9451764514691188,-31.138914601414935,1.565174987190332,0.057306148473573536,0.04479502672444962,0.03564250712281615,0.9989969069677698,0.9979948201311708
651,0.019970116221009256,-1.954550699592614,-1.9462424452999867,-7.809073136304967,0.49918115632241467,0.03370666700542378,0.024118026799725554,0.02351398909160246,0.9997091615139877,0.9994184076150003
652,0.014487687450478503,-1.9578660254808085,-1.9464724826918556,-11.124399024499354,0.2691437644535277,0.023541862403563804,0.01903924803810449,0.013918611433975723,0.9998187574179697,0.9996375476848128
653,0.023346586262384637,-1.974826690508891,-1.9459890514107785,-28.08506405258182,0.7525750455306124,0.041313637455966994,0.03147990977127375,0.026652456884872642,0.9995045132306146,0.9990092719683679
654,0.020229618012231,-1.9493617828657468,-1.9459343882400526,-2.6201564094376906,0.8072382162565006,0.034896712920220306,0.03441304183963922,0.0059541261323555915,0.9994078985499378,0.9988161476840028
655,0.025290603359100043,-1.900052249618273,-1.9428617542995508,46.68937683803609,3.879872156758335,0.089899504773827,0.08556284019021976,0.031624662183966416,0.9963405860117798,0.9926945633342967
656,0.017146007569881692,-1.92620376047586,-1.9460274538581108,20.537865980449155,0.7141725981982816,0.036714511102725576,0.02951781426593126,0.021709021033892762,0.9995643527711916,0.9991288953308912
657,0.013054238288560055,-1.9509567939225592,-1.9458153628744455,-4.215167466250058,0.9262635818636511,0.03612725048602114,0.03348403388701489,0.013804047993251856,0.9994394635008247,0.9988792412028162
658,0.02359000258158532,-1.9469267852018957,-1.9457523357391133,-0.18515874558655554,0.9892907171957788,0.037373527748200464,0.033778237891613494,0.01570923594577408,0.999429540643397,0.9988594067106714
659,0.02667931622206829,-1.953080698914828,-1.945308294170146,-6.339072458518835,1.433332286163047,0.05945040148102716,0.04465434225219187,0.0389306561882792,0.9990031272444801,0.998007248244251
660,0.02139481716254821,-1.9443631088273972,-1.945702144939504,2.378517628911947,1.0394815168051075,0.04678830423278661,0.041934122282880876,0.020780766594377643,0.9991208097457649,0.998242392467033
661,0.01599283644131874,-1.9450572655584584,-1.9456593873846975,1.684360897850734,1.082239071611646,0.04270295303631572,0.03815969844240363,0.01872189358077865,0.9992719606086453,0.998544451258646
662,0.014914707786282495,-1.9433069364419795,-1.9462718507507064,3.434690014329611,0.469775705602693,0.03483014458614277,0.028850358831759657,0.01938316524719325,0.9995838549175742,0.999167883011878
663,0.02005793197947049,-1.963061224340583,-1.945905896533742,-16.31959788427384,0.8357299225671966,0.03969088446576688,0.03432651222409958,0.02017219304513015,0.9994108861063211,0.9988221192678219
664,0.02288217417662456,-1.9152338586991575,-1.9462897624478541,31.507767757151584,0.451864008454983,0.03459684951493307,0.026715310744296013,0.02208371816520035,0.9996431485841522,0.9992864245112373
665,0.021963221427748304,-1.9628064149371809,-1.9466403228001987,-16.064788480871783,0.10130365611038528,0.01835367749502389,0.010989687597752104,0.014799005988579096,0.9999396136176502,0.9998792308818155
666,0.02576445647925604,-1.97336005478181,-1.9461579407734144,-26.618428325500876,0.5836856828946857,0.041234514564760814,0.02711565784723823,0.03141560421191986,0.9996323890431608,0.9992649132241371
667,0.023368847598537794,-1.9519597889842102,-1.943448343189705,-5.218162527901082,3.2932832666041634,0.07701568587213886,0.06843624463727915,0.03495688210138312,0.9976595729458055,0.9953246234904071
668,0.01637684399706727,-1.9800921776257148,-1.9462164301348335,-33.35055116940566,0.5251963214756294,0.03754693409611902,0.02969837987281119,0.02281602182677767,0.9995590260256734,0.9991182465093927
669,0.02101644303943831,-1.957605397280236,-1.9464846032408782,-10.863770823926977,0.2570232154308627,0.023709933853054026,0.018202351341284062,0.015219033026115738,0.9998343387510817,0.9996687049458128
670,0.024000087576664806,-1.9497598820553106,-1.946300930602421,-3.0182555990014848,0.4406958538880623,0.03054305772554318,0.028082394297376266,0.011991927659888562,0.9996057031657023,0.9992115618013981
671,0.021264766366302132,-1.938589402806197,-1.9454266587893374,8.152223650112145,1.3149676669717003,0.05172336948494914,0.05149229267540958,0.00628866591575671,0.9986745035351008,0.99735076401108
672,0.026266443039435296,-1.9498289693107285,-1.9449215891453397,-3.0873428544193615,1.820037310969358,0.046072215641580434,0.045382608999116426,0.007452526081806128,0.9989704417978705,0.9979419435858327
673,0.013056669195951548,-1.941150239285199,-1.9456499567459822,5.591387171110185,1.0916697103269257,0.041222482233778834,0.0352037805401542,0.021534043611221763,0.9993804139291171,0.9987612117451335
674,0.015565754685226755,-1.9383587854498925,-1.9448848462480457,8.38284100641662,1.8567802082634088,0.04983402216326459,0.04931058784826249,0.00776370175882612,0.9987844860370119,0.9975704495482179
675,0.018458069788611597,-1.9553626263053372,-1.9465680477764928,-8.620999849028088,0.1735786798162664,0.01978263216230381,0.017400162580073857,0.009462973000067166,0.9998486193929378,0.9996972617019638
676,0.029659513800926223,-1.9729914835009261,-1.9438622282802533,-26.24985704461702,2.8793981760557585,0.06452881965377714,0.05678518385396717,0.029748272790197393,0.9983880514191861,0.9967787012165993
677,0.01950638704095674,-1.935012661015069,-1.9454952635571041,11.728965441240025,1.246362899204989,0.0453895120586374,0.04223521162233618,0.016967450191469533,0.9991082282283734,0.9982172517136395
678,0.022098465610736553,-1.93943547305474,-1.9455694151239828,7.306153401569038,1.1722113323262562,0.048495827488668555,0.04537595381968169,0.01639863251158465,0.9989705117231896,0.9979420832924913
679,0.01904303181663265,-1.9451318715530055,-1.9450490888333485,1.6097549033036174,1.6925376229606215,0.04720900847512971,0.047039146882339296,0.0035837397017640243,0.9988937716030161,0.9977887669472985
680,0.018767860855435026,-1.9046868441414728,-1.946020293656291,42.05478231483628,0.7213328000181818,0.047551292830506124,0.03720949943977768,0.02978916120000694,0.9993078075862822,0.9986160943029021
681,0.016467398137625135,-1.974670543033876,-1.9464410962507908,-27.92891657756691,0.30053020551834564,0.03777272141395258,0.02464823031853192,0.02885713144094533,0.9996962483154609,0.9993925888960077
682,0.027233732113909857,-1.941966827475844,-1.9447484061570008,4.774798980465178,1.9932202993082626,0.05760089850860573,0.057248581234170065,0.007245006435469953,0.9983615646177364,0.9967258137059747
683,0.017080959674513004,-1.9427448762287403,-1.9458826851523747,3.996750227568846,0.8589413039343796,0.03321777630678343,0.032578038329145985,0.006479568735648984,0.9994693455029006,0.9989389725999964
684,0.026708009593670846,-1.924212066123202,-1.945340723177232,22.529560333107046,1.4009032790771592,0.05551863107406498,0.05212333414174778,0.02057684081680177,0.9986415895048663,0.9972850242888058
685,0.01838555288224778,-1.9411591468456961,-1.946249410165697,5.582479610612978,0.4922162906120242,0.034547381070772355,0.03027077805995987,0.01664396546049047,0.9995418413401446,0.9990838925896467
686,0.023011826283734202,-1.913647118833423,-1.9450694937510595,33.09450762288613,1.6721327052495738,0.05787534429421417,0.04608407065703257,0.03524334971310184,0.9989382559793976,0.9978776392591604
687,0.014238438608879023,-1.9516138053736014,-1.9455084782769922,-4.8721789172923025,1.2331481793168564,0.041495098397814296,0.037761181482604975,0.01684416263873032,0.999287057732563,0.9985746237518027
688,0.02252362808462647,-1.9522368981559388,-1.9438246830150685,-5.495271699629711,2.916943441240605,0.06759475367984653,0.059460439448421,0.03243238448295159,0.9982328247844289,0.9964687724771003
689,0.0208233771279871,-1.9555565817666578,-1.946077838998778,-8.814955310348704,0.6637874575310398,0.033249783224378895,0.030755329187592172,0.0125284252003194,0.9995270565013394,0.9990543366782318
690,0.021910396107585405,-1.9234948419941922,-1.9452149285703209,23.24678446211692,1.5266978859882485,0.05463742476690617,0.052973689395030145,0.014658309119744984,0.9985969654476571,0.9971958994012692
691,0.013118116075240221,-1.9429452178965712,-1.9459211153482154,3.7964085597379515,0.8205111080936689,0.03362729664918739,0.032516389314395336,0.008723616867446635,0.9994713453976691,0.9989429702710269
692,0.013674301027822251,-1.941088186960067,-1.9459995022629097,5.653439496242196,0.7421241933993628,0.03418874994823872,0.033157527078592056,0.008386691257581864,0.9994502979903072,0.9989008981529138
693,0.014759963323534353,-1.9528337372841513,-1.944987587763883,-6.092110827842223,1.7540386924261853,0.05420675797610767,0.05118489976815283,0.017658616706865832,0.9986904583605003,0.9973826316203062
694,0.02058887236916006,-1.940791737895698,-1.9456478090382323,5.949888560611072,1.0938174180767923,0.05012041881438483,0.04674261926784517,0.017835107463931955,0.9989076822041033,0.9978165575663739
695,0.011809122386792725,-1.9478629984396745,-1.946492844042823,-1.1213719833653712,0.24878241348602614,0.019503282460001693,0.01659547366463126,0.010311655747260003,0.999862298517581,0.9997246159968602
696,0.02505704315169046,-1.963345404429487,-1.944921778357523,-16.603777973177802,1.8198480987861032,0.060066342041743534,0.05403228799254691,0.02583577840902032,0.9985407709249907,0.9970836711994748
697,0.018679316222071495,-1.9542704703584055,-1.9447438806690165,-7.528843902096405,1.9977457872926152,0.053096909592175834,0.052000703490462284,0.010164294663182477,0.99864825982247,0.9972983468464475
698,0.018861614872912075,-1.9668460146176663,-1.945381543704589,-20.10438816135718,1.3600827517201708,0.046182363071524596,0.04211075530258955,0.01867315139444859,0.9991134588940349,0.9982277037432024
699,0.017507534866120486,-1.922430785114473,-1.94588139761897,24.31084134183603,0.8602288373391609,0.04307602313307207,0.0404410356805083,0.015550546300693028,0.9991822613616773,0.9983651914198353
700,0.02125649610415023,-1.9516960184987073,-1.9451546779072275,-4.954392042398226,1.5869485490815904,0.044596238165126006,0.04361627019157049,0.008775505982563056,0.9990488153621884,0.998098535476592
701,0.020628327903201925,-1.9396625361925455,-1.946058842025035,7.079090263763632,0.6827844312740083,0.03587131427570758,0.034516270465316315,0.009803092535011616,0.999404375700229,0.9988091061687645
702,0.01846487700524769,-1.922849080121029,-1.94535594218138,23.89254633528015,1.3856842749291332,0.045997606082711695,0.042241012545259526,0.01844769520156921,0.9991079315945519,0.9982166589751438
703,0.022095393206681073,-1.949271066787399,-1.945131340413648,-2.529440331089816,1.6102860426610022,0.052488437231806385,0.049447358388430535,0.01793487329896699,0.9987777513079458,0.9975569965077568
704,0.022491266979976735,-1.9365764132256136,-1.943923410368552,10.165213230695525,2.8182160877570084,0.06180219415094403,0.05777896333163144,0.023165986990629144,0.9983310004234925,0.9966647864065714
705,0.02078901038987537,-1.9481345577986702,-1.9462366880112236,-1.39293134236107,0.5049384450854788,0.02792444879736234,0.02764487460227651,0.003604275273893528,0.9996178861501344,0.999235918311263
706,0.014711807249546412,-1.9473997929009845,-1.9457471383496248,-0.6581664446754232,0.9944881066843436,0.035813032757881016,0.03482718296324754,0.008286809895852622,0.9993935354012007,0.9987874386017109
707,0.023080917092333855,-1.9251062148958964,-1.9458989659084842,21.63541156041271,0.8426605478248916,0.034823089361168444,0.031997959632130764,0.014135368698764101,0.9994880900826503,0.998976442217064
708,0.02082733571149832,-1.916626357802907,-1.9457827085814319,30.115268653402083,0.9589178748772298,0.04645082468533742,0.03951005692714156,0.024701129756551636,0.9992195777181909,0.9984397644953198
709,0.018309122386788314,-1.9553987366480292,-1.9450454534725055,-8.657110191720108,1.6961729838036455,0.04815012297349283,0.04621281854784177,0.01294302678085771,0.9989324121735006,0.9978659640907684
710,0.018955375214091137,-1.9531774226251304,-1.945503577946494,-6.435796168821284,1.2380485098151262,0.04564302066262509,0.04498677413108623,0.007217201691098897,0.9989881876477209,0.9979773990596781
711,0.017843537742517603,-1.962236615198601,-1.9461876098588549,-15.494988742291937,0.5540165974542433,0.03279481560791721,0.027640758771813646,0.017839750509746465,0.9996180048056276,0.9992361555315836
712,0.013388782590827935,-1.9442930940829848,-1.9466225804042627,2.448532373324319,0.11904605204637875,0.01655843753174411,0.011995721657292218,0.011353170229059375,0.9999280513893092,0.999856107955221
713,0.013898307328987173,-1.949201197682582,-1.945909619062771,-2.4595712262729386,0.83200739353817,0.0339396241467074,0.03308889088039108,0.007200522064406208,0.9994525940581941,0.9989054877696533
714,0.025590928096312138,-1.9508323100970302,-1.9426989508884829,-4.090683640721071,4.042675567826226,0.08476216248622095,0.0812254550744738,0.023030235626237117,0.996703517024479,0.993417900848966
715,0.011017215684314012,-1.9504952028062614,-1.9465787566950026,-3.7535763499523256,0.16286976130652775,0.01964240257153593,0.018242681602889586,0.007333947640936697,0.9998336062271425,0.9996672401411726
716,0.02437843431800823,-1.9553447964489672,-1.9449858137135656,-8.603169992658088,1.755812742743501,0.05176692242156159,0.04741720825389042,0.020765311820437424,0.9988758931749044,0.9977530499659631
717,0.016297697189930505,-1.9319192663003537,-1.9461506605422956,14.822360155955394,0.5909659140135304,0.0364380070828943,0.033066576796084,0.01557988023862829,0.9994533261438879,0.9989069511400808
718,0.01817270928303181,-1.9451682934994554,-1.9458863650320708,1.5733329568536902,0.8552614242383072,0.03691997221736022,0.03340566232677938,0.016002424011692766,0.9994420314185611,0.9988843741660601
719,0.01929473384911498,-1.952002066564175,-1.9463238413850126,-5.260440107865971,0.4177850712965281,0.026227775715655544,0.024530774874540928,0.00924520172846434,0.9996991341429208,0.9993983588061055
720,0.016834164649681488,-1.9688999932580777,-1.946534306296711,-22.158366801768636,0.2073201595980123,0.0387919170053761,0.015685185649615126,0.03606822216647224,0.9998769882139085,0.9997539915597164
721,0.02231093525417353,-1.951967806270887,-1.9459344814103356,-5.226179814577847,0.8071450459734564,0.03858717732469517,0.0334941650350834,0.01879199989357176,0.999439078242941,0.9988784711190996
722,0.02630892574696591,-1.9004442719637062,-1.9459040276422737,46.297354492602864,0.8375988140354451,0.04678404554266675,0.03474648957068071,0.03146284535765955,0.9993963523675324,0.998793069125529
723,0.017859893205261726,-1.9500353051875707,-1.9437945670223014,-3.293678731261629,2.9470594340077483,0.059912298272974646,0.058824916209035454,0.010660181611961412,0.9982698492393542,0.996542691900363
724,0.01836957137522813,-1.9631320276277238,-1.9457118368802389,-16.39040117141466,1.0297895760702502,0.04538843454379622,0.04201299745978443,0.01632058785705957,0.9991174733882541,0.9982357256297286
725,0.018704090944028036,-1.9662969054134434,-1.9457797878803558,-19.55527895713427,0.9618385759533332,0.04745825420412946,0.041919661425851094,0.021552269718059895,0.9991214010722074,0.9982435740804907
726,0.02429104525639117,-1.9742740791668802,-1.9446672314289895,-27.532452710571143,2.074395027319653,0.06643444755858001,0.0541817678048097,0.0378629761508522,0.9985322051816337,0.9970665647848962
727,0.01927877707544426,-1.9399094364878586,-1.9459269460340345,6.832189968450475,0.8146804222746162,0.03602952436245821,0.030363332071788627,0.019366629520905308,0.9995390790923326,0.9990783706327484
728,0.019643598148973398,-1.9635597493504295,-1.9459635656093475,-16.818122894120435,0.7780608469616368,0.038038579285509855,0.03476269273300689,0.014968644628021662,0.9993957958500246,0.998791956762704
729,0.02652877707545161,-1.9355009537599732,-1.9454745545296717,11.240672696335885,1.267071926637442,0.048897594913323905,0.04666625052253834,0.014692178573989608,0.9989112128576845,0.9978236111728103
730,0.02710728355908413,-1.9547757378305304,-1.9444975371854796,-8.034111374221276,2.24408927082953,0.06857211395716928,0.06294232997913507,0.026058268481424472,0.9980194038646223,0.996042730490296
731,0.020934133004743803,-1.9547189857145202,-1.9453630130319033,-7.977359258211081,1.3786134244058168,0.04890492125868329,0.04457652671906853,0.019818799812299448,0.9990066382031457,0.9980142631739509
732,0.013226150792785817,-1.9498199060248778,-1.9461449772431452,-3.0782795685686537,0.5966492131639356,0.03260803789275366,0.03145051891457064,0.008409057973399844,0.9995054531373122,0.9990111508512238
733,0.01937609221274024,-1.9567751313911288,-1.9459467695790795,-10.033504934819693,0.7948568772295772,0.037369261925544094,0.03621530569334447,0.009159835765449084,0.9993442260336216,0.9986888821067382
734,0.021130799932209864,-1.9217984110218918,-1.9449344781775044,24.943215434417354,1.8071482788046822,0.05198207596459949,0.048688769245826456,0.018876853365961174,0.9988148724267756,0.997631149380916
735,0.030675008416239515,-1.9094995603070106,-1.9454504914744077,37.24206614929848,1.291134981901365,0.052551442417301475,0.04447840361381981,0.028426158340514426,0.9990108801482188,0.9980227386545188
736,0.016566571136794595,-1.964786216503691,-1.946673269813356,-18.044590047381792,0.06835664295312682,0.016137864456924632,0.010751733750868481,0.012050086566079055,0.9999422006933103,0.9998844047273805
737,0.016575240088091144,-1.9194036274789472,-1.945508703284821,27.337998977361888,1.2329231714880429,0.052658681198680876,0.04758310989781161,0.02355705635791527,0.9988679849261274,0.9977372513103823
738,0.0214234604413859,-1.9363281037115436,-1.9458221722811204,10.41352274476548,0.9194541751886831,0.04873194920874344,0.03623946866300883,0.03283460500752221,0.9993433736538889,0.9986871784659362
739,0.022488438608889116,-1.9416875437127137,-1.9457776578789872,5.054082743595423,0.9639685773219497,0.040367211573892954,0.03394042708411264,0.021583740923435842,0.9994240238646818,0.998848379477872
740,0.023633627078849667,-1.9311358296574272,-1.9439027350726346,15.605796798881855,2.8388913836745466,0.06527565396676353,0.06025727869998356,0.02563080077270315,0.9981853319099996,0.9963739568402761
741,0.029166187819548543,-1.9067395821221667,-1.9431228446129214,40.002044334142454,3.6187818433877084,0.08238029595636027,0.077242282006288,0.032063410844761935,0.9970168983721414,0.9940426956396049
742,0.01850475030168148,-1.9437985674258693,-1.9460068519717566,2.9430590304397874,0.7347744845525028,0.03913404537492663,0.03594855303671855,0.015951590712214282,0.9993538551949978,0.9987081278931046
743,0.019749538467584406,-1.9341459076447782,-1.9452964826259913,12.595718811530876,1.4451438303177966,0.04520733501357708,0.04433452691721025,0.009398365190287068,0.9990172267893034,0.9980354194217904
744,0.011088852108127963,-1.9375103337850585,-1.94657398064884,9.231292671250557,0.16764580746908564,0.015830769508018365,0.014081244376120901,0.0072754291969614505,0.9999008594674933,0.9998017287638318
745,0.02706367869696573,-1.947490227550418,-1.9457071197636837,-0.7486010941089027,1.034506692625392,0.04760236368082996,0.04188264922158083,0.022070755407325837,0.9991229997693021,0.9982467686680088
746,0.02200452917905995,-1.9702113198143494,-1.9458527476059178,-23.469693358040278,0.8888788503913503,0.04557943691115662,0.036496616949638454,0.02718767533736565,0.9993340028485996,0.9986684492494049
747,0.022827335711514685,-1.9351411570563213,-1.9451387315289812,11.600469399987823,1.6028949273279025,0.04435665743852407,0.04365331835205929,0.008573669299080735,0.9990471942952038,0.9980952964291188
748,0.017442620767332134,-1.9405098395049192,-1.9462758446968704,6.231786951389928,0.46578175943867706,0.026882485671650018,0.026559108771952236,0.004464298489124623,0.9996473302867505,0.9992947849494276
749,0.027415439309488233,-1.9492245144519387,-1.9437442391210273,-2.482887995629568,2.997387335281765,0.07928188153930409,0.07342457757527028,0.0304672105385445,0.9973047456396797,0.9946167556754263
750,0.01612361753536748,-1.9420936334526633,-1.946072711179397,4.647993003645823,0.668915276912152,0.034980094807765136,0.03156046384014637,0.0150243217234589,0.999501981148368,0.9990042103195125
751,0.020206875508494253,-1.9457525244214569,-1.9452814370592295,0.9891020348522517,1.460189397079592,0.047482335333808676,0.04612859437760948,0.010582394542351967,0.9989361223877207,0.9978733766110153
752,0.02461371559451747,-1.932827350466453,-1.9451820853776824,13.914275989856062,1.5595410786266584,0.05123895930140518,0.05033603909549152,0.010629143803712483,0.9987334968500089,0.9974685977302468
753,0.02078870437563781,-1.9491803123507958,-1.945783483258219,-2.438685894486703,0.9581431980900668,0.044269103694591715,0.04007763604620243,0.018806903739052822,0.9991969772155423,0.9983945992766771
754,0.024427265593179072,-1.9289150506664712,-1.944774754238942,17.82657578983793,1.9668722173671327,0.0583382505337964,0.0515965880531308,0.02834735220880426,0.9986690019259324,0.9973397754077381
755,0.02399770024087635,-1.930858303774684,-1.9456532327961777,15.883322681625067,1.0883936601313593,0.043861682190061486,0.03880121960283572,0.020946982575063174,0.9992472326867204,0.9984950320320688
756,0.016139156546598754,-1.9452503814199014,-1.9459690092253032,1.49124503640774,0.7726172310058566,0.03844365399909139,0.03645788893282279,0.012131570642336536,0.9993354678381096,0.9986713772792133
757,0.01735874273178914,-1.9548176003613047,-1.9464452752977583,-8.075973904995593,0.2963511585507561,0.02147696631152494,0.018665289667743834,0.010641666563560448,0.9998258043450068,0.9996516390341398
758,0.02766654214013194,-1.9581106045091434,-1.945747367942767,-11.368978052834322,0.9942585135420678,0.0417377690271693,0.03931415470021277,0.013453792439308724,0.9992272739251594,0.9984551449559056
759,0.028113935492562855,-1.939823206029576,-1.9434535788596585,6.918420426733185,3.2880475966505784,0.06662476064285233,0.06224133846538992,0.023639654946720393,0.9980630786992539,0.9961299090626331
760,0.02184132556006036,-1.962302246634519,-1.945079299942132,-15.560620178209916,1.6623265141770815,0.05162754616371074,0.04971540415641334,0.012736359095126049,0.9987642107305866,0.9975299486362916
761,0.020996440105651278,-1.9317740002278316,-1.9458369103433266,14.96762622847747,0.9047161129824843,0.0375845553664759,0.0333652716582096,0.017076021697104975,0.9994433940641685,0.9988870979385048
762,0.01969529772910254,-1.9293586886234138,-1.9447005188920115,17.38293783289535,2.0411075642976506,0.053698177976600626,0.04773519805436066,0.024609812169132852,0.998860970938297,0.9977232392637974
763,0.0167818507039773,-1.938924036115847,-1.945885035381181,7.817590340462033,0.8565910751281436,0.033169779834895996,0.032564651233369796,0.006526426606497606,0.9994697726169245,0.9989398263749267
764,0.020793389384080582,-1.9277880256032682,-1.9456708419218944,18.953600853040875,1.0707845344146705,0.04451661936457367,0.04227407623955395,0.014499181252746596,0.9991065338360849,0.9982138659539559
765,0.014804278222407648,-1.9599378900289943,-1.9459080962209157,-13.196263572685218,0.8335302353934537,0.03747086569088209,0.03504729326867719,0.013253706915425625,0.9993858682491253,0.9987721136560581
766,0.015604852651717571,-1.9513082429954667,-1.9453083612767428,-4.566616539157575,1.4332651795663232,0.047936464713282646,0.043185158071297525,0.020288837577594226,0.9990676085797019,0.9981360865131644
767,0.016937362713331457,-1.9361592101772096,-1.9448186332760347,10.582416279099505,1.922993180274446,0.04943227369422579,0.048279418503212906,0.011425969980706134,0.9988345785315229,0.997670515270245
768,0.02465182076828891,-1.9336785824299223,-1.9455010762250209,13.063044026386805,1.2405502312882177,0.044201995217994824,0.041270346446284675,0.016042135768032883,0.9991483882966671,0.9982975018358274
769,0.02279789118144079,-1.9888517220253157,-1.945525568154909,-42.110095569006575,1.216058301400036,0.053597413095839236,0.04209742568614559,0.03292806526354067,0.9991139039870944,0.998228593140333
770,0.018718174655345567,-1.9504386313037168,-1.9456211587430154,-3.697004847407648,1.1204677132936602,0.03677239863284614,0.03562416977131835,0.00884960328206858,0.9993654800549017,0.9987313627253641
771,0.02341393391686508,-1.963502379201713,-1.9453232974620855,-16.760752745403895,1.418328994223561,0.04609806148895459,0.04064981778845153,0.02141545234170885,0.9991737966245205,0.9983482758610588
772,0.02181575468516608,-1.9540026997688231,-1.945621487082829,-7.261073312514021,1.1201393734801002,0.041134654875852446,0.038396468497102015,0.014118737841960206,0.9992628887668973,0.9985263208667645
773,0.02379031373312468,-1.9373656970341584,-1.9455704409578176,9.375929422150708,1.1711854984914893,0.043050957311142404,0.04098486243099589,0.014004533060762868,0.9991601411096944,0.9983209875823444
774,0.016635443819068403,-1.9184258974695079,-1.9455208704793534,28.315728986801236,1.2207559769557008,0.04370648050831003,0.03951967533061164,0.01948693942105834,0.9992191025912217,0.9984388149832064
775,0.02138800607309682,-1.938004575611968,-1.9456085624458292,8.737050844341177,1.1330640104798562,0.037426542176581055,0.03704440659269823,0.005911378202246842,0.9993139566202867,0.9986283838960922
776,0.024075349151277188,-1.9534751864405557,-1.9451675282911907,-6.733559984246629,1.5740981651184427,0.057418298485274244,0.05187719940859134,0.02428939357003383,0.9986544585216901,0.9973107275252501
777,0.020870569266200952,-1.956341245603068,-1.9459385874731019,-9.599619146758887,0.803038983207216,0.03600980581748299,0.03077668018564339,0.018484687500739703,0.9995264356785654,0.9990530956202972
778,0.022118468544576993,-1.964917994296395,-1.9458480301549173,-18.176367840085916,0.8935963013918524,0.04332814976418751,0.03947514076454388,0.017537574953510413,0.9992208571432188,0.998442321350029
779,0.01992993691038849,-1.9790160753714028,-1.9453640143989153,-32.27444891509368,1.37761205739384,0.0562612639628882,0.04863317863441192,0.027536889094449395,0.9988175417806016,0.9976364817686437
780,0.02128344244880149,-1.9550422859287602,-1.94460129167185,-8.300659472451066,2.1403347844590748,0.05879213445656584,0.05752828942747575,0.011175464464620704,0.9983458888503071,0.9966945137843096
781,0.012526411461235568,-1.9472367389519356,-1.946509066098902,-0.49511249562650406,0.2325603574071522,0.019147140649933708,0.01823872047968544,0.0059076734845453305,0.9998336753281838,0.9996673783202641
782,0.023818120299365666,-1.929983462679804,-1.9462061278696983,16.758163776505075,0.5354985866108386,0.03478213732607393,0.031523788211222904,0.014779782652326061,0.9995031452576575,0.9990065373799499
783,0.01679906638835864,-1.9369379066021193,-1.9463417681750455,9.803719854189819,0.3998582812636542,0.029587806060774872,0.02622645037520808,0.013748933131337867,0.9996560921043178,0.9993123024812763
784,0.014405577302525067,-1.9648348132825004,-1.9461854259417943,-18.09318682619132,0.5562005145147708,0.031465476907644084,0.026053815472601615,0.01759086081606012,0.9996606139217603,0.9993213430264307
785,0.013262421612715836,-1.9429372198484198,-1.946148330294964,3.804406607889277,0.5932961613450694,0.033708352753259334,0.026741886174341666,0.02056296676673876,0.9996424490196386,0.9992850258819808
786,0.017420563566888193,-1.979403259147502,-1.9461884081122245,-32.66163269119282,0.5532183440846161,0.0364315453340205,0.02769420916601904,0.023548768608995158,0.9996165159446242,0.9992331789492691
787,0.018966011090432906,-1.9264453398149815,-1.9452260706506113,20.296286641327654,1.5155558056978435,0.0476616149200862,0.04463183531077307,0.017616263856164303,0.9990041363235693,0.9980092643916006
788,0.020510454687637823,-1.935567696768156,-1.9465549162926086,11.173929688153006,0.18671016370053195,0.019896257780284744,0.015128896406031595,0.01291353208847212,0.9998855582747552,0.9997711296464189
789,0.024209354058687814,-1.9663750985410304,-1.945304481593242,-19.633472084721326,1.437144863067008,0.0503071159494057,0.04771925050208853,0.01493015545799847,0.9988616256268955,0.9977245471500044
790,0.019907435164402,-1.9327407915336943,-1.9450283339987149,14.000834922614835,1.7132924575942177,0.05062242759936711,0.04931845868954207,0.013076322543054675,0.9987838477362925,0.9975691744989135
791,0.017848550539069728,-1.947751268024034,-1.9465747528160253,-1.0096415677249837,0.16687364028378227,0.017205959948049014,0.014491351406517824,0.009248285678978528,0.9998950022223546,0.9997900154692425
792,0.013090352402493836,-1.921793521498757,-1.9463440856288916,24.948104957552175,0.3975408274174974,0.02779690735981588,0.022638124751250373,0.016268755637724674,0.9997437621962542,0.9994875900503204
793,0.025236471683831956,-1.947593162877508,-1.9453236089309611,-0.8515364211989507,1.418017525347981,0.049942664253716455,0.04409477331413349,0.02296332706730451,0.9990278365051941,0.9980566181122489
794,0.01689912232005692,-1.9337708650930228,-1.9452407086632804,12.970761363286343,1.5009177930287443,0.050869414372225696,0.043708887107751455,0.026199145467934604,0.9990449291665612,0.9980907704934192
795,0.013826584553107773,-1.9448422170846322,-1.9462864331914973,1.8994093716768745,0.455193264811804,0.028707417894777317,0.02261602784458714,0.01784573119824457,0.9997442643718457,0.9994885941444029
796,0.02226465343033164,-1.9473038471507633,-1.9464592446430993,-0.5622206944542185,0.282381813209831,0.026326532158849537,0.022212320515186332,0.013984400702211,0.9997533146329174,0.9995066901195051
797,0.020708954743603267,-1.9235723491656456,-1.945754354810244,23.169277290663537,0.9872716460650466,0.041031144349352455,0.03668702875443706,0.018653583469403396,0.9993270390599922,0.9986545309964112
798,0.025424631213572108,-1.9843329531205531,-1.9442579658562955,-37.59132666424403,2.483660600013593,0.06830635236663157,0.060856503385061,0.02993418240490297,0.9981484443974314,0.9963003170530123
799,0.023272767863078265,-1.9297632956992048,-1.9449327191096424,16.97833075710431,1.8089073466667216,0.05521582460560345,0.05434940472648677,0.011033383173351653,0.9985235219785266,0.997049223944401
800,0.028518834013002134,-1.9595997558004965,-1.9434809520575944,-12.858129344187397,3.2606743987146913,0.06593973516984546,0.064163836209551,0.013727157972428246,0.9979415184914098,0.9958872743289408
801,0.015140771002391279,-1.9438835448112648,-1.9456522838408,2.858081645044308,1.0893426155091923,0.03707229048059325,0.03672431249660624,0.005404033863698518,0.9993256641347759,0.9986517829984108
802,0.019234530118116232,-1.948336080868222,-1.9458061385898773,-1.59445441191286,0.9354878664318278,0.03840948104794477,0.03752567143229539,0.008029446929895035,0.9992959177739983,0.9985923312797775
803,0.02304228065826921,-1.9391716154617693,-1.944904838551454,7.5700109945398,1.8367879048550861,0.05011236224951492,0.046087545716129906,0.020229851809887317,0.99893798025797,0.9978770884018724
804,0.019309346157698946,-1.9624525409529487,-1.946308440167411,-15.710914496639639,0.433186288898213,0.03753512913492998,0.02447055762670974,0.028954548109925673,0.999700600180349,0.99940129000095
805,0.022167028405972844,-1.9551220772220235,-1.9451307844359398,-8.380450765714365,1.6108420203693186,0.04772982719704846,0.04676201049494877,0.00934614643850612,0.9989066948128312,0.9978145849418948
806,0.015951307567399372,-1.954594242008861,-1.9457930761555,-7.852615552551789,0.9485503008090923,0.04396125696245281,0.041225163217337435,0.014810604376594514,0.9991503076721066,0.9983013373212651
807,0.02058900616576626,-1.9356863395130717,-1.9458720272269072,11.05528694323743,0.869599229401885,0.04137891699410433,0.03647632736118328,0.020016561093254722,0.9993347707838478,0.9986699840976057
808,0.019244473180626758,-1.9440275027614404,-1.9448824122542143,2.7141236948686753,1.8592142020947833,0.054392783866988904,0.048223867355183234,0.02454308921570386,0.9988373635144508,0.9976760787524992
809,0.023641082349951603,-1.9463424901343023,-1.9458502020114146,0.39913632200683224,0.8914244448945396,0.04380286648062232,0.03641070727740012,0.024519087406549227,0.9993372184093834,0.9986748760982036
810,0.02057684944565654,-1.9253730962670204,-1.9463355116902192,21.368530189288748,0.4061147660898712,0.03294547397245022,0.028448183204157304,0.016797245495913833,0.9995953826722482,0.9991909290596784
811,0.02434972574594138,-1.9164401096273893,-1.944670239143141,30.301516828919794,2.071387313168138,0.06256748956867718,0.05982560035586748,0.020263963161237675,0.9982106654035264,0.996424532525351
812,0.01668891068809891,-1.927050544914717,-1.9464648735939611,19.691081541592048,0.27675286234796204,0.029645919686681472,0.01784685992975726,0.023396065871210105,0.9998407503677289,0.9996815260959032
813,0.02290266012933353,-1.9695690851853553,-1.944988518652033,-22.827458729046235,1.7531078042760662,0.050645517041635696,0.04470666244101132,0.023197174402284436,0.9990008515161387,0.9980027013299703
814,0.01681944327786896,-1.94985576619697,-1.9465238441545025,-3.1141397406608817,0.21778230180657943,0.019746455831822333,0.018972264701613503,0.005300138795352453,0.9998200265913694,0.9996400855731665
815,0.013765536362861817,-1.9382381705690335,-1.9466589879140448,8.503455887275635,0.08263854226431278,0.01931762511592658,0.010008270515836335,0.016418220061870315,0.9999499172824476,0.9998998370731739
816,0.018422197657895864,-1.938819127916221,-1.946576528056722,7.922498540088085,0.1650983995871158,0.017786699251221248,0.013791511369658808,0.011238481570034296,0.9999048979939473,0.9998098050322862
817,0.013287508870059547,-1.9440273952470928,-1.946121170623165,2.7142312092163223,0.6204558331441845,0.033532428131756886,0.030305449768596292,0.014466738376358347,0.9995408184744514,0.9990818477965763
818,0.01238007105736175,-1.949046717333254,-1.9465708527704064,-2.3050908769448597,0.17077368590268094,0.01755321246029426,0.015121428869038948,0.009007689395733012,0.999885671194922,0.9997713554609197
819,0.018404249225800126,-1.9407955493247024,-1.9454207154844527,5.946077131606664,1.3209109718563816,0.04777401932648646,0.04241681939218851,0.02167501999999075,0.9991004140962572,0.9982016374473125
820,0.021401446812624896,-1.9357126568728191,-1.9462527119592028,11.028969583489978,0.4889144971063075,0.02834542934765897,0.026751411391166317,0.00953100278040032,0.999642210699931,0.9992845494130452
821,0.0208485531874092,-1.9717032425694871,-1.945682655796215,-24.961616113178042,1.058970660094083,0.043374067276896404,0.03904783588943241,0.018243864674185813,0.9992376334130808,0.9984758480289745
822,0.027958203585218222,-1.9201202537465087,-1.9439600754713064,26.62137270980036,2.7815509850026565,0.06832484003294953,0.06573029513907133,0.020558076247548032,0.997839824007998,0.9956843143763123
823,0.0226629607593198,-1.938283592662575,-1.944107282772342,8.45803379373411,2.6343436839670886,0.062328168792947586,0.06049902959157299,0.014137611148988377,0.9981700601372041,0.9963434689543097
824,0.018190478923977533,-1.945121753924006,-1.9452438920832333,1.6198725323031127,1.4977343730757653,0.04233660450532322,0.04222302764106353,0.0029160385799916534,0.9991086167540948,0.9982180280722807
825,0.02041177035197081,-1.9365879706547136,-1.9450295436542937,10.153655801595551,1.7120828020154022,0.0550980245197624,0.04597284280416776,0.030040757680191685,0.9989432851116707,0.9978876868696968
826,0.024260787521741198,-1.963018439032146,-1.9457393991431708,-16.276812575836797,1.0022273131382597,0.038255509017355464,0.03546177884578989,0.013777285155283642,0.9993712348503785,0.9987428650463703
827,0.011444587692352987,-1.950375950566969,-1.9466174066157327,-3.6343241106600033,0.12421984057642277,0.01633758828296064,0.01375177518398811,0.008817130769133518,0.9999054461175385,0.9998109011755137
828,0.022111244790898273,-1.9675677046513786,-1.945711424225604,-20.82607819506954,1.0302022307051573,0.047948044533769246,0.04520291591105883,0.015150039405889451,0.9989785760833905,0.9979581954735983
829,0.02107976926717294,-1.9200386578083541,-1.946460163480481,26.70296864795496,0.2814629758280951,0.026684635129709377,0.018867068511300038,0.01880034016314596,0.9998220217489358,0.9996440751741293
830,0.015627991822174402,-1.954369501222965,-1.9466433315713443,-7.627874766655829,0.09829488496482242,0.01631380387088321,0.013607767438574165,0.0089927134948246,0.9999074143777255,0.9998148373275484
831,0.01485447869599706,-1.9356914585246272,-1.94670840946944,11.050167931681898,0.03321698686908903,0.01539558123190384,0.007686095529883141,0.013233984821284949,0.9999704621276092,0.9999409251277043
832,0.017363211716001935,-1.9274477053668286,-1.945616927555789,19.29392108948047,1.124698900520027,0.041943566888922874,0.039670971707750406,0.01416270278760381,0.9992132400133994,0.9984270990180754
833,0.022502428457479795,-1.976165743614059,-1.9463991407013255,-29.42411715774984,0.34248575498363465,0.03736561025633887,0.02677976337424316,0.026350854184447166,0.9996414490402449,0.9992830266392805
834,0.015726061990684517,-1.9582419885831783,-1.9463843014735132,-11.500362126869224,0.35732498279594793,0.02716974543280083,0.020969389297661928,0.01739372527666226,0.9997801440885489,0.9995603365137196
835,0.021313454926079792,-1.9387145461376674,-1.945185679687848,8.027080318641744,1.5559467684611583,0.04469213445485892,0.04325602999606252,0.011458428131729044,0.9990645504873893,0.9981299760405692
836,0.023879897364483767,-1.951748498884066,-1.9441009322064546,-5.006872427756992,2.6406942498544694,0.056762546018974964,0.05556348124056922,0.010644080526283243,0.9984565932417591,0.9969155685879395
837,0.019658719434474364,-1.9229157254378977,-1.9433284031505706,23.82590101841142,3.4132233057384553,0.07299752389933267,0.0703245594102291,0.020694471296701402,0.9975283734751871,0.9950628558880523
838,0.022786732352290315,-1.958639769238377,-1.945389727278745,-11.89814278206791,1.3518991775640643,0.051548683444236014,0.04987550402970098,0.012353703493284865,0.9987562192091631,0.997513985408982
839,0.017973230971244467,-1.945578064771946,-1.9455070288559762,1.1635616843630459,1.234597600332954,0.03861382596382265,0.038317325244302924,0.004668074121091067,0.9992659047527257,0.9985323484012835
840,0.01674438947675426,-1.9411642083923863,-1.9462446117006895,5.577418063922757,0.49701475561958475,0.030564520174849837,0.028620195147909155,0.010718431881576701,0.9995904451350998,0.9991810580053869
841,0.013309455220924036,-1.9617429653519018,-1.9463699311928717,-15.001338895592742,0.37169526343738823,0.02928816420962571,0.024050126896045375,0.016509256320319226,0.9997107957928574,0.9994216752247882
842,0.020922200306170827,-1.9635122726317997,-1.9443960983051494,-16.770646175490622,2.345528151159737,0.06008116200261751,0.05736837993086344,0.016824584333646954,0.9983550174524763,0.9967127408725344
843,0.012765495241225892,-1.9459488596668215,-1.9464863700650719,0.7927667894875867,0.2552563912372463,0.02839060561467071,0.02213690019014447,0.01766516408075508,0.9997549850310194,0.9995100300943739
844,0.03027589983609911,-1.939273040678639,-1.9430744994675384,7.468585777670178,3.667126988770697,0.07052138680165025,0.06874553797429307,0.015669946976617485,0.9976374046154842,0.9952803910879194
845,0.021122536191175212,-1.9561473514041958,-1.9438759731813497,-9.405724947886718,2.8656532749593566,0.06317552709470363,0.061270093546278236,0.014554940535776915,0.998123361638597,0.9962502450487336
846,0.019983311703148945,-1.9190851505277389,-1.9458136591287023,27.656475928570234,0.9279673276068046,0.0447543190425346,0.03903041053596756,0.022584787402142988,0.9992383211835413,0.998477222521702
847,0.02132863518195552,-1.9550763650343803,-1.9456061147484915,-8.33473857807121,1.1355117078175603,0.04639227252228862,0.039956879594402285,0.023110551854077423,0.9992018106363145,0.9984042583788894
848,0.020777033921280007,-1.947433273867947,-1.9449160301546302,-0.6916474116378524,1.825596301678889,0.05125995764216791,0.04931274732875859,0.013634125274472143,0.9987843887568847,0.9975702552244637
849,0.02232539027296116,-1.9209102096967625,-1.9463612688791783,25.83141675954659,0.38035757713084095,0.036018875338341194,0.025391027769206428,0.025314761311337686,0.9996776596804479,0.9993554232641774
850,0.021870834158771585,-1.926705093466192,-1.946600823166097,20.036532990117095,0.14080329021215476,0.020959988121488998,0.014074051002364474,0.015458264399666561,0.9999009605837391,0.9998019309762842
851,0.02311126240366783,-1.9495093692045529,-1.9459190722835504,-2.767742748243762,0.8225541727586716,0.035868808850092714,0.03383700712660017,0.012265720728925785,0.9994275577810462,0.9988554432521864
852,0.02005226871517511,-1.9281717865069015,-1.9454410469028651,18.56983994940764,1.3005795534439812,0.046645498480258146,0.04552105280933057,0.011283261950783476,0.9989640018142509,0.9979290769207427
853,0.0257750833845197,-1.9376994928665476,-1.9444069822390742,9.04213358976147,2.334644217234949,0.07114733786195868,0.05524868610664967,0.04403000414490106,0.9984741021357789,0.9969505326358499
854,0.022410619878501934,-1.934522710023973,-1.945457905695663,12.21891643233608,1.2837207606462009,0.053997114727666926,0.0490562750138686,0.02253374907222495,0.9987967690691336,0.9975949859029403
855,0.020424301027851994,-1.9530437992999838,-1.945510289253454,-6.302172843674736,1.2313372028551761,0.046972518608596685,0.04479958844771947,0.01350082408595855,0.9989965461968634,0.9979940993132619
856,0.016730861160590044,-1.954579193128983,-1.9464417554151614,-7.83756667267399,0.29987104114770347,0.020950975787473437,0.01934876854096985,0.007968117861201619,0.9998128212379617,0.9996256775118123
857,0.03007698324223787,-1.9037598244210499,-1.9431729795494197,42.98180203525925,3.5686469068894056,0.07734485807045273,0.06980063863835048,0.03539579401920506,0.9975639363024783,0.995133807011295
858,0.01956053656506454,-1.976522521062601,-1.9456055157587542,-29.780894606291852,1.1361106975549262,0.04882501657231049,0.040373626170024705,0.027236301566108387,0.9991850347541034,0.9983707336765587
859,0.025159047170283305,-1.9639437816943983,-1.945718785295871,-17.20215523808921,1.0228411604380483,0.0456107135890609,0.03486049186333373,0.02974189792615791,0.9993924507709169,0.9987852706578995
860,0.013215696105152833,-1.959986883468048,-1.9464927813979223,-13.245257011738953,0.24884505838684845,0.025499803254592585,0.022327389266911427,0.012344347137455235,0.999750748049525,0.9995015582255848
861,0.021389486732358763,-1.9682342456167146,-1.946247727673306,-21.492619160405457,0.49389878300321044,0.03200501441641846,0.02681505034916855,0.01723162374821355,0.9996404777602448,0.9992810847767305
862,0.024507272621848958,-1.9530783940645533,-1.9436027630410122,-6.336767608244198,3.1388634152968997,0.06431862130536094,0.06287440210530976,0.012243320873031151,0.9980234241335394,0.9960507551192347
863,0.02126069994505515,-1.9361304428120618,-1.9445361135445764,10.61118364424729,2.2055129117326544,0.06216644191496906,0.059417286412412985,0.01829153728503976,0.9982353974687832,0.9964739087596596
864,0.026164305224242786,-1.9737435675745336,-1.9458624896805314,-27.001941118224515,0.8791367757776669,0.04328443912012535,0.038043085603314236,0.01998270634824027,0.9992763640137357,0.9985532516765119
865,0.030213645476280013,-1.94489570891927,-1.942821596223402,1.84591753703911,3.9200302329072123,0.07507311332278194,0.07501610215173608,0.004844636854295717,0.9971864692031757,0.994380854361896
866,0.02678746122720139,-1.9545554148420858,-1.9428249149689434,-7.813788385776732,3.9167114873657205,0.07168341718628385,0.06768752158021112,0.02288257664687265,0.9977102408590752,0.9954257247150738
867,0.02489715804335311,-1.952271131396058,-1.9455321974426043,-5.529504939748797,1.2094290137047992,0.04306642809116046,0.037885696167951864,0.02059687450197236,0.9992823413065122,0.9985651976470247
868,0.02475671987503916,-1.968272730945526,-1.9447905008185915,-21.5311044892168,1.951125637717599,0.05645937655146239,0.04835760017827236,0.028749920317280873,0.9988307776856961,0.9976629224522123
869,0.0204767908655899,-1.9436531632075467,-1.9460141161166031,3.088463248762441,0.7275103397059723,0.03418911347292576,0.03309961913799223,0.008661023900209466,0.9994522735632497,0.998904847130749
870,0.020057155461734533,-1.9582913132059157,-1.946179719768103,-11.549686749606547,0.5619066882061041,0.03792247379470473,0.031639038651735646,0.02092114935298728,0.999499513519165,0.9989992775250475
871,0.019556958821906965,-1.9140638245930435,-1.9459867950199399,32.67780186326563,0.7548314363692299,0.042292477213055964,0.03444524823181414,0.0247802805119312,0.9994067677854889,0.9988138874954381
872,0.025051366147458905,-1.9758990540854817,-1.945705541262788,-29.157427629172616,1.0360851935211635,0.05057864893051514,0.039713951654334514,0.03091937499772593,0.9992114012638718,0.9984234244157102
873,0.02364560888071692,-1.950076271340876,-1.9463393300121055,-3.3346448845668064,0.4022964442036425,0.02583614065255019,0.024270215468922322,0.008744410629081847,0.9997054930837365,0.9994110729017966
874,0.020982828085655922,-1.941651489622944,-1.945020852846598,5.090136833365122,1.7207736097111237,0.05823210439754755,0.05232205624263254,0.02525526996984987,0.9986312025832276,0.9972642787728233
875,0.02252873595377119,-1.9199146623631778,-1.9457813037571234,26.826964093131345,0.9603226991856673,0.046278886855208826,0.04160046524820516,0.020992285779542933,0.9991347956269616,0.9982703398325303
876,0.02215378769340256,-1.9471942395910367,-1.9461196586695146,-0.45261313472755305,0.621967786794464,0.03338971676028114,0.031514985985796405,0.01062767547490984,0.999503402868834,0.9990070523463787
877,0.01682300317218694,-1.9601839585956198,-1.9459964010048865,-13.442332139310675,0.7452254514226375,0.041872500134333614,0.0351761231150276,0.02296676544487708,0.9993813489325458,0.9987630805942349
878,0.016614668240388507,-1.913982812154521,-1.9453896942126498,32.758814301788064,1.3519322436592596,0.04854061274444649,0.04410906539618418,0.021189858901134766,0.9990272238071587,0.9980553939078387
879,0.016466207730281707,-1.9621811194152297,-1.946084820260266,-15.439492958920553,0.6568061960430249,0.033374946373041336,0.027257205574126617,0.019308874235697934,0.999628537384142,0.999257212752759
880,0.023253668957539997,-1.947077698247177,-1.9437566269831323,-0.33607179086780903,2.9849994731767637,0.06868479497789233,0.05975139855237269,0.03386326910163872,0.9982154476714666,0.9964340799699466
881,0.020448521542481418,-1.958655543942189,-1.9463549382160223,-11.913917485879999,0.38668824028675886,0.0322519084822339,0.026717267258274214,0.017792509357873073,0.9996430950722067,0.999286317525541
882,0.020258684151762272,-1.9448979180951154,-1.945229886449267,1.843708361193741,1.5117400070421283,0.046570501313481304,0.04313183248452339,0.017411299721732443,0.9990700062019952,0.9981408772924546
883,0.01550808907341878,-1.9596229261350169,-1.945684696885068,-12.88129967870777,1.0569295712410387,0.043875601053702994,0.042474699195363765,0.010262672763466612,0.9990980183292274,0.9981968502293892
884,0.015304593207705958,-1.9434122311250916,-1.9460969698068886,3.329395331217455,0.6446566494204831,0.03404907297524916,0.03375724815861098,0.00460847265913562,0.9994302348621908,0.998860794356694
885,0.02629349579893229,-1.9291716000245904,-1.9453680603601187,17.570026431718677,1.3735660961904372,0.05235042565687255,0.04214746315569686,0.030981895374557034,0.9991118049132943,0.9982243987171007
886,0.021774315837906653,-1.9417405356381188,-1.9462875051414,5.001090818190335,0.45412131490918384,0.02865332984267102,0.02735187484591117,0.008443523849673222,0.9996259500393968,0.9992520399921666
887,0.020074991583752734,-1.9609613630560052,-1.9460523503686116,-14.219736599696109,0.6892760876975323,0.034393131008089856,0.03043658381850621,0.015884029597365932,0.9995368108576366,0.9990738362594548
888,0.02208379069391136,-1.9501082976678539,-1.9459990771975655,-3.3666712115447694,0.7425492587436189,0.04087993776344067,0.03451553304006888,0.022463226755076872,0.9994043389901565,0.9988090327923516
889,0.01983935863500294,-1.9542487297903024,-1.944945340898882,-7.507103333993292,1.7962855574271686,0.0537993635970192,0.04857477766581349,0.023142310753250225,0.9988205238063017,0.9976424387766949
890,0.018801101254885502,-1.9840398325038169,-1.9464274500506542,-37.298206047507776,0.3141764056548979,0.04134956686594454,0.02161322594688404,0.03580821757990753,0.9997664362333285,0.9995329270186901
891,0.02602424789637852,-1.9108204171331373,-1.9450374615309054,35.92120932317178,1.7041649254037061,0.0557058232553839,0.04816899738859946,0.028766686136049796,0.9988399066456427,0.9976811591078762
892,0.01750795527683889,-1.961659205548315,-1.9465034919307047,-14.917579092005973,0.2381345256043943,0.033130576529410795,0.02132138291942678,0.025683469727628357,0.9997726993278813,0.9995454503213581
893,0.027381157499728657,-1.9347060196030925,-1.9444945948658912,12.035606853216585,2.247031590417947,0.05480978166089837,0.05289602871031931,0.014933733232182759,0.9986011096391644,0.9972041761725704
894,0.018263569437832437,-1.920021845692392,-1.9454197267113515,26.71978076391701,1.3218997449575554,0.04744880301781339,0.04051275457317996,0.024771426927005978,0.9991794480001169,0.9983595693058184
895,0.015206456558227416,-1.959844907996824,-1.945735277591586,-13.103281540514988,1.0063488647231722,0.044128789030643496,0.04153522685790561,0.013964966057960928,0.9991374546245789,0.9982756532336825
896,0.01515865295342713,-1.9348985099189544,-1.945958434112055,11.843116537354703,0.7831923442540578,0.03423104201099143,0.03279776940715522,0.010133442369205053,0.9994622156903368,0.9989247205926373
897,0.0180537317616573,-1.9537945551750269,-1.9455502051741809,-7.052928718717766,1.1914212821282355,0.03913777050899776,0.037441219001878696,0.011044011058035054,0.9992990950691558,0.9985986814060337
898,0.019651179470138874,-1.9547446597406954,-1.946498806397688,-8.00303328438634,0.2428200586210849,0.024829601945149063,0.020934243371178805,0.013356091756198724,0.9997808816977595,0.9995618114083493
899,0.026577403652948212,-1.9644890028749902,-1.944524507999488,-17.74737641868107,2.2171184568211544,0.06651314355049714,0.05864542670014738,0.03189719823119262,0.9982804398411868,0.9965638365695133
900,0.028495599519242756,-1.9198120836894954,-1.943143886585671,26.929542766813697,3.5977398706381614,0.06809564113546615,0.06644787682771704,0.016671380326775478,0.997792483700048,0.9955898405283106
901,0.017584893524634604,-1.9440938057107287,-1.94562366132644,2.6478207455804537,1.1179651298691695,0.0406164757960948,0.03812800336309928,0.013753431535438733,0.9992731276822123,0.998546783707791
902,0.017676622872055164,-1.9231020969612904,-1.9464543214039123,23.639529495018685,0.2873050523968246,0.030427130215609707,0.018537879727586436,0.023828484262537503,0.999828175663188,0.9996563808499788
903,0.014249999999993868,-1.9563216718699208,-1.9464144338859357,-9.580045413611682,0.32719257037339133,0.028825268869801565,0.020761307746646415,0.020139804523629328,0.999784484102692,0.999569014652486
904,0.023800525561059452,-1.9443404969977973,-1.945084848765709,2.401129458511786,1.6567776906000198,0.053097471425746424,0.05000242090676933,0.01856982453471226,0.9987498836327041,0.99750133005634
905,0.02110768102277874,-1.954059584186269,-1.9462091355447917,-7.317957729959801,0.5324909115174137,0.03280486767540993,0.02835380768002255,0.0167750305215818,0.9995980319355534,0.9991962254494317
906,0.018813875336814334,-1.9712958757561692,-1.9454009346870393,-24.554249299860054,1.340691769269764,0.05046103557057862,0.04697185391267753,0.017749630425730023,0.9988970366288116,0.9977952897858213
907,0.021173460441404113,-1.9282411941342745,-1.944344467976525,18.500432322034577,2.397158479784167,0.0643952823364154,0.05687655352405381,0.03078524656389809,0.9983826864835212,0.9967679886700531
908,0.01807291559556471,-1.922431268779593,-1.9457647257149702,24.310357676716077,0.9769007413389375,0.03985132163704298,0.03672887444763968,0.01595936265174769,0.9993255313694345,0.9986515176468026
909,0.020279878680697007,-1.9434932262292521,-1.9463487334926437,3.248400227056969,0.39289296366540327,0.03024951638359911,0.026125038558863382,0.015492475859267966,0.9996587416892868,0.9993175998358083
910,0.024903962846729764,-1.9552229050081447,-1.9440388206089334,-8.481278551835558,2.7028058473757,0.0676345097695054,0.06610144581897649,0.012937342462808987,0.9978157655107155,0.9956363019017351
911,0.02263069351734507,-1.9301064574472224,-1.9452114711453314,16.63516900908668,1.5301553109776656,0.05358205596703235,0.04796516294499182,0.024216788809625463,0.998849974753462,0.9977012720649918
912,0.021216934155301466,-1.967665172132482,-1.94610403781507,-20.92354567617294,0.6375886412390841,0.04002864140439688,0.03478447922113172,0.019736301730567486,0.9993950839791392,0.9987905338816707
913,0.014154140162622826,-1.940220750687389,-1.94606473595406,6.520875768920131,0.6768905022491722,0.029260615778512272,0.028146018172429337,0.008133131869089441,0.9996039255661794,0.9992080080073159
914,0.019069448376114375,-1.9427370459192892,-1.9443597774687322,4.004580537019908,2.3818489875768734,0.06334645978267855,0.06112118270091536,0.016760965336161362,0.9981325461389695,0.9962685796618621
915,0.015835803838907637,-1.924356320822272,-1.9465868863375941,22.385305634037067,0.15474011871496884,0.027764790408427182,0.015438691921985378,0.022728556883357176,0.9998808244918167,0.9997616631864351
916,0.022595280896649028,-1.9546027173607052,-1.9464309988899149,-7.861090904396129,0.31062756639421707,0.03004048454497289,0.021709833327463415,0.020711951670472753,0.9997643424342287,0.9995287404029458
917,0.01929131014897183,-1.939170130252555,-1.946436421000614,7.57149620375408,0.30520545569512336,0.02529911879622442,0.02442059661938414,0.0067562233718254025,0.9997018254419221,0.9994037397919113
918,0.020749999999986904,-1.9462479881357717,-1.9455076544015981,0.49363832053739287,1.2339720547109856,0.05155720606983499,0.04620199870622288,0.022876363565916682,0.998932748006281,0.99786663503938
919,0.025622024566064425,-1.9696167531716402,-1.9444673090666258,-22.875126715331096,2.2743173896833113,0.07253950733612816,0.06719376159814802,0.025850772159647414,0.9977432601482915,0.9954916131713413
920,0.01777199134539359,-1.978630448907264,-1.946561240413988,-31.888822450954812,0.18038604232106792,0.02995426330884385,0.018138606909063378,0.023983621452983238,0.9998354955139348,0.9996710180895956
921,0.02254506668321547,-1.972449055345398,-1.9457936470031265,-25.707428889088835,0.9479794531825902,0.042936242110208654,0.03802395390752744,0.019543881811195995,0.9992772067700474,0.998554935970148
922,0.021016620355363072,-1.9351175504189155,-1.94578036179662,11.624076037393571,0.9612646596890428,0.03634573009580671,0.0340737155412912,0.012847443023808285,0.9994195116045681,0.9988393601759135
923,0.020429316222022702,-1.936947679068948,-1.9460402550017506,9.793947387361168,0.7013714545585081,0.03957806555401552,0.031121433256840785,0.024130712069891376,0.9995157327005638,0.999031699915945
924,0.0186953642101128,-1.9372000554049122,-1.9460164575692482,9.541571051396858,0.7251688870608675,0.03075904371200653,0.029724174741836067,0.008085998825129746,0.9995582467537437,0.999116688653418
925,0.018271991345388018,-1.9528750756893014,-1.945411247759271,-6.133449232992305,1.3303786970380038,0.04420835486371224,0.041563517831793635,0.01479578042044421,0.9991363664941417,0.998273478851116
926,0.021261826283639304,-1.9090008251849666,-1.9459524406142366,37.74080127134249,0.7891858420725484,0.04430150161162946,0.036912216576837784,0.024914371715939403,0.9993188104150108,0.9986380848492723
927,0.020477148433093617,-1.9127054209822882,-1.9461456738275704,34.03620547402086,0.5959526287386829,0.0410061315777892,0.03370383880184771,0.02342629829913379,0.9994320256723883,0.9988643739396135
928,0.017906328460909032,-1.9153095099339403,-1.9459426464409908,31.43211652236877,0.7989800153183069,0.03690746057891811,0.03080324280541521,0.0205515773664699,0.9995255863300219,0.999051397728374
929,0.018548293743457844,-1.9431483575397566,-1.9459803791251786,3.593268916552539,0.7612473311304768,0.03777684310372098,0.03195971851949018,0.020519797611087666,0.9994893152158637,0.9989788912306762
930,0.02339193992317707,-1.9426878099199214,-1.9438178389207994,4.0538165363877,2.923787535509703,0.06030404170533681,0.0588623216631259,0.013099756648503103,0.9982676319742676,0.9965382650475118
931,0.02707094867049211,-1.9192285720130802,-1.9436010742780307,27.513054443228935,3.140552178278355,0.0713296774488928,0.06979257632325447,0.017179833730278052,0.9975658805505161,0.9951376860385266
932,0.014840199221441846,-1.9699521818411958,-1.9463476302959763,-23.2105553848867,0.39399616033275464,0.02820948591705421,0.023329255519973523,0.01572982276600727,0.9997278832879819,0.9994558406234687
933,0.024954646339190537,-1.9694780005637964,-1.9445207912170737,-22.7363741074873,2.2208352392354413,0.05939568317729353,0.056256378934028975,0.017525482104638397,0.998417999651041,0.9968385020271863
934,0.015876868730483235,-1.9482860193425087,-1.9463795708195228,-1.5443928861995637,0.3620556367862626,0.024401440186986458,0.02131891018298449,0.011955623708113289,0.9997727558975192,0.9995455634349206
935,0.018041090250903148,-1.9438079550166847,-1.9459776648230849,2.933671439624419,0.7639616332242305,0.04073653818618172,0.038315183940149836,0.014150471449743284,0.9992660253956737,0.9985325895100671
936,0.021310627779412825,-1.936305527604113,-1.9454341489756561,10.436098852196096,1.3074774806529632,0.04179496962288998,0.04075436859273521,0.009340942029581311,0.9991696024769655,0.9983398945139773
937,0.022625958416180987,-1.9547980518608437,-1.945919893763936,-8.05642540453455,0.8217326923731783,0.043916940565996744,0.04139100787689829,0.014750013999993379,0.999143533163378,0.9982877998621983
938,0.027497301551728137,-1.9287360863389373,-1.9437223797651597,18.005540117371766,3.019246691149391,0.06735377046451319,0.0664326015182305,0.012574954154985944,0.9977942154621156,0.9955932964096587
939,0.01729906638837829,-1.9304581862659347,-1.9458113377117632,16.28344019037442,0.9302887445459262,0.0403776275778172,0.03887134811619068,0.01157478519239127,0.9992446426207573,0.998489855806285
940,0.020352066626748516,-1.929011701606475,-1.9458278400296518,17.729924849834156,0.9137864266572926,0.03615998493307117,0.03424371281987608,0.012108734987602964,0.9994137364464055,0.9988278165977653
941,0.011708203585215621,-1.9506827918217684,-1.9464280077782161,-3.941165365459298,0.31361867809298616,0.024802368129877305,0.02380853325033952,0.0069255718355959945,0.9997165770355643,0.9994332343997053
942,0.019373726598556767,-1.9627715687830063,-1.9455997994469463,-16.02994232669719,1.141827009362828,0.047135632866860566,0.042931385524837384,0.01874756254156798,0.9990785479575605,0.9981579449889875
943,0.02914600756985854,-1.9206254936145537,-1.946112081182292,26.1161328417554,0.6295452740170404,0.03904679532414739,0.030170825726347876,0.02483516132925251,0.9995448722909133,0.9990899517230581
944,0.020276436194677602,-1.9278390664492269,-1.9463436904667575,18.902560007082236,0.39793598955162324,0.0301989514180822,0.024990901366813978,0.01717346648903473,0.9996877274703432,0.9993755524548191
945,0.017975285472933443,-1.9597129033128045,-1.9462866668379888,-12.97127685649535,0.4549596183203164,0.027953727725630057,0.025136835014731147,0.012065283844568332,0.9996840731367544,0.9993682460832918
946,0.021116304979652514,-1.909132278517742,-1.9456139255566718,37.60934793856707,1.1277008996373183,0.0522528946188697,0.042480744925764424,0.030743010685357397,0.9990977697608878,0.99819635354118
947,0.014803087815082445,-1.9630722744861935,-1.9464120691237243,-16.330648029884376,0.3295573325847734,0.02602528636187124,0.022111992845739573,0.013637705048870961,0.9997555389224098,0.9995111376060379
948,0.02616680850785314,-1.9304081666608506,-1.9438583481426412,16.333459795458527,2.8832783136678586,0.06926160116887388,0.06866655989855266,0.012703732689646727,0.9976424633260487,0.9952904846312663
949,0.025258487762597356,-1.9372327393502895,-1.9462415905234203,9.508887106019603,0.5000359328888315,0.025887207061817793,0.02486963423631753,0.007401231924483888,0.9996907630575402,0.9993816217425671
950,0.026373265066154963,-1.935802975792236,-1.9457029967773922,10.93865066407318,1.0386296789168803,0.03620033879715531,0.034530146169672815,0.011160012948021112,0.9994038425197006,0.9988080404431425
951,0.01694691218487823,-1.9324454625130325,-1.9456555439929148,14.296163943276596,1.0860824633942556,0.043099297957060516,0.04111654902801603,0.013362958738617732,0.9991547151184909,0.9983101447435127
952,0.01772725749621005,-1.9404649487320558,-1.9463972723099772,6.276677724253332,0.3443541463319377,0.027232781104230153,0.024278323545789276,0.012387513158418835,0.9997052928180338,0.9994106724883907
953,0.013943749754299307,-1.9409353698711749,-1.9464397314720616,5.8062565851342285,0.30189498424748606,0.03153532988786847,0.02206104469658642,0.022600500658171263,0.9997566568417784,0.9995133728994494
954,0.020279374802080002,-1.9599192420966813,-1.9458204792019804,-13.177615640372231,0.9211472543286803,0.04338381798141612,0.04041093436159264,0.015493393503361392,0.9991836359455054,0.9983679383412802
955,0.021294733849052568,-1.95205802437307,-1.9445582437303377,-5.316397916760973,2.1833827259714056,0.054731603585217066,0.051142464816251364,0.01940579153242662,0.998692588873965,0.9973868870717824
956,0.02171405936585646,-1.9608417374257463,-1.9455423315412357,-14.100110969437196,1.1992949150734233,0.04935809274519498,0.04328775813384211,0.023065073206040343,0.9990630871870035,0.9981270521796263
957,0.019604325264242044,-1.9657831824508547,-1.9447363392905916,-19.0415559945456,2.005287165717462,0.054743435225567676,0.0524605332563713,0.014354119408727285,0.9986239658867794,0.9972498252434395
958,0.01482885895290309,-1.9586743555252035,-1.9464484765840255,-11.932729068894421,0.29314987228357126,0.025745690170866864,0.023266266466216656,0.010903218848120061,0.9997293424101179,0.9994587580757668
959,0.015294733849082646,-1.9543526291460538,-1.9462523787990207,-7.611002689744684,0.48924765728841635,0.030012318017375226,0.026121358425078966,0.01473283088886859,0.9996588424764224,0.9993178013413008
960,0.01947725749622896,-1.9481481967186498,-1.946471105227278,-1.4065702623407006,0.2705212290310399,0.022659179304122402,0.021354724442634282,0.00753983224282879,0.9997719946181624,0.9995440412227788
961,0.01814920989669086,-1.9664188723363993,-1.9463220579837255,-19.677245880090233,0.4195684725836202,0.028161145043567353,0.024408682072604843,0.013824678730444304,0.999702116813054,0.999404322360501
962,0.019769098905526007,-1.9526471727745685,-1.945171985581488,-5.905546318259347,1.5696408748211432,0.04822937966542827,0.04649212601444625,0.01305895601684914,0.998919246430778,0.9978396608898334
963,0.015579302636492673,-1.9317841672003089,-1.9463371996801893,14.957459256000227,0.40442677611984834,0.03253560114374427,0.027301755100658635,0.017836363313467166,0.9996273204745102,0.9992547798390491
964,0.027168528700364916,-1.9469446324335895,-1.944965486207235,-0.2030059772804016,1.7761402490741318,0.05577931204181051,0.053722387284509864,0.014131392296939537,0.9985569572042899,0.9971159967810901
965,0.022057021665202663,-1.96054605639998,-1.945949067845574,-13.804429943670815,0.7925586107351279,0.03974254038786088,0.0354958375449805,0.017755815920424505,0.9993700286515426,0.998740454166985
966,0.02077316655222612,-1.9305420363820367,-1.9450417334364396,16.199590074272407,1.6998930198695028,0.05492173383971409,0.052668731888616406,0.015642608230407078,0.9986131004035999,0.9972281242976901
967,0.020746041416467582,-1.9663267215091864,-1.94550468383045,-19.58509505287731,1.236942625859161,0.05331882192858986,0.045551671506451535,0.027209483241142234,0.9989625643992806,0.9979262050711868
968,0.013139620528901885,-1.9433919495756677,-1.9465295847602884,3.3496768806413613,0.2120416960207372,0.01885601058668364,0.01604949617352332,0.009876706852488771,0.9998712081907153,0.9997424329687608
969,0.0184832869697647,-1.9553810976290646,-1.9446098325711654,-8.639471172755542,2.131793885143729,0.06386996988092423,0.05548155696155805,0.03158754080329773,0.9984612186386579,0.9969248051253938
970,0.022102134568243767,-1.9704717400360348,-1.945709062949765,-23.730113579725653,1.0325635065440153,0.04476153709326977,0.04002263824231258,0.0196275243026216,0.9991991207098383,0.998398882827314
971,0.018409997418452773,-1.9549954701189838,-1.944465355424455,-8.253843662674676,2.276271031854016,0.05615110075386877,0.052143922751804565,0.020390516380170472,0.9986405056666853,0.9972828595582128
972,0.01892310797222648,-1.93173966769071,-1.9451125202025732,15.001958765599177,1.6291062537359124,0.053865315014961654,0.051919580387831815,0.015131836636707323,0.9986525568879661,0.9973069293788723
973,0.019518409964489645,-1.9720333695219254,-1.9455975005693762,-25.291743065616323,1.1441258869329118,0.04276900786177105,0.0373252757838416,0.020650624137056935,0.9993034595744562,0.9986074043174769
974,0.014557931979504899,-1.9545824703968522,-1.9462828069404277,-7.840843940543074,0.45881951588144787,0.0291094596796239,0.02598015545751516,0.013317018031451326,0.9996625168123218,0.9993251475195455
975,0.016630469746482683,-1.9353928511938816,-1.9457550337493623,11.348775262427502,0.9865927069467872,0.03580163925682334,0.03439953527090916,0.010465114858423684,0.9994083511109968,0.9988170522704014
976,0.018816528554575534,-1.924615633010774,-1.9455222381716382,22.12599344553512,1.2193882846709414,0.0479699947287739,0.04568818620898881,0.015451497564961104,0.9989563348174711,0.9979137588719555
977,0.018012022923519135,-1.9460735377293117,-1.9464512335865594,0.6680887269974178,0.2903928697497449,0.018705419715848853,0.018389873982688994,0.0034656662057965465,0.9998309065625359,0.9996618417176625
978,0.025170742358004088,-1.9385143541921146,-1.9458273549489034,8.227272264194507,0.9142715074057506,0.03790591085117172,0.036504072757598795,0.010168008949641929,0.9993337790255064,0.9986680019013996
979,0.019815489792659263,-1.9533167253611083,-1.9457465556544438,-6.575098904799237,0.9950708018653387,0.04506762252266528,0.03574715738891916,0.027390468159562413,0.9993610737361447,0.99872255569906
980,0.021847315137276387,-1.9607135715344117,-1.9461967566986267,-13.971945078102621,0.5448697576824202,0.036823391240828944,0.029641838704472703,0.021973642489355294,0.9995607150874721,0.9991216231461786
981,0.017523166552219062,-1.9255248521105457,-1.9456537909715885,21.21677434576341,1.0878354847205784,0.039403054390112074,0.03728700836178031,0.013348114333118324,0.9993048726629641,0.9986102285279429
982,0.025891961409630675,-1.9605883392080232,-1.942086779166701,-13.846712751714119,4.654847289608188,0.08037995600005694,0.07835678648529118,0.015236595092080174,0.9969313945639485,0.9938722054672192
983,0.024813812493560326,-1.9285303442013586,-1.9451023134951855,18.2112822549505,1.639312961123629,0.046958976476616565,0.04460350848600387,0.015113073818717335,0.999005436447793,0.9980118620522455
984,0.017555783615034178,-1.942036768171487,-1.945786246113722,4.704858284822144,0.95538034258702,0.03387433946322502,0.03333984154960118,0.0062088230768801555,0.9994442908196834,0.99888889045206
985,0.021088872369152564,-1.9411674239985433,-1.9453586867298684,5.574202457765853,1.3829397264406573,0.049458521958455876,0.04930813703877808,0.005469913619061938,0.9987843794198543,0.9975702365731035
986,0.02374995887830733,-1.940309757366174,-1.9458057119142753,6.431869090135045,0.9359145420337889,0.03919970392571928,0.036218608260605856,0.015447507444568489,0.9993441111288894,0.9986886524479901
987,0.015512287816119812,-1.9418178410995368,-1.9464776866060458,4.923785356772292,0.26393985026329503,0.03142767898500542,0.02117332001984761,0.023156207699016718,0.9997758481844854,0.9995517466130072
988,0.013460836740295969,-1.9371606335097458,-1.9464391566978583,9.580992946563338,0.3024697584508296,0.026303169753402234,0.018791790585356356,0.01833648993128185,0.9998234400212146,0.9996469112158552
989,0.01939675670585423,-1.9511178174514103,-1.9459853663591165,-4.376190995101226,0.7562600971926514,0.03519912022371379,0.03086158734955477,0.017291258029709634,0.9995237892214588,0.9990478052196232
990,0.017886703355702242,-1.9418329406991426,-1.9461691904149883,4.90868575716652,0.5724360413208451,0.033180514218860466,0.027176790746118798,0.01923691737259379,0.9996307236310122,0.9992615836270612
991,0.015133228389692933,-1.946089114940582,-1.9454604663263992,0.6525115157272054,1.281160129909864,0.047314704789006824,0.045459027347229265,0.013101742899324453,0.9989668457029159,0.9979347588136335
992,0.02158571116396585,-1.9531052905721367,-1.9455064243150815,-6.363664115827561,1.2352021412276315,0.04005698020682538,0.03911496518746673,0.007918763303066975,0.9992350097493722,0.9984706047088279
993,0.021461295624436737,-1.9293845767135787,-1.9441746706773715,17.357049742730446,2.5669557789376185,0.06020567278796561,0.058783364490079426,0.014408053312297267,0.9982729075699285,0.996548797988119
994,0.02142438595619186,-1.9591777140294664,-1.9434072181295294,-12.436087573157284,3.33440832677967,0.06403905267811145,0.06282149030760438,0.010478900610274037,0.9980268309069316,0.996057555210133
995,0.019659912490116425,-1.9481374993864444,-1.9457691723510486,-1.3958729301353223,0.9724541052604785,0.04478242379617594,0.04223980757108615,0.01448837845481683,0.9991079005546001,0.9982165969506206
996,0.011973298912767133,-1.9525830846104852,-1.9456838768816922,-5.841458154176138,1.0577495746169063,0.03622119964789545,0.034520877462257564,0.010699845197478347,0.9994041925507174,0.9988087400879515
997,0.02298761950896229,-1.9260836654006137,-1.9462825685315603,20.657961055695395,0.4590579247487625,0.02784975905468649,0.02329344854307747,0.015321944393581349,0.9997287130080061,0.9994574996126443
998,0.01811170367501429,-1.95369775313868,-1.9464158695675564,-6.956126682371,0.32575688875269293,0.025944825041124404,0.02400665635364504,0.00958127204498441,0.9997118492549889,0.9994237815408297
999,0.02089908119838456,-1.9293767269686029,-1.9443473127481259,17.364899487706253,2.3943137081832155,0.062389290143704965,0.06014374742289265,0.018639828298565392,0.9981913720933878,0.9963860153216803
1000,0.013351293981838203,-1.9432375800499175,-1.9461718641170573,3.50404640639157,0.569762339251767,0.03089741928816391,0.027797689771350578,0.01381582669441104,0.9996136492909757,0.9992274478488218
1001,0.02136245545933141,-1.9778485194885105,-1.9448045982490492,-31.106893032201377,1.9370282072599387,0.05884106621238471,0.05361826220073991,0.023018963682147037,0.9985628882189207,0.9971278417281128
1002,0.017116081208770603,-1.9319233754012026,-1.945664311974953,14.81825105510648,1.077314481356062,0.040028041319874294,0.03782469156487568,0.013857292881367578,0.9992846480603128,0.9985698078490233
1003,0.023596099996547444,-1.965785075722336,-1.945083742607739,-19.04344926602697,1.6578838485701297,0.055079361474872524,0.049240614740451834,0.024444329572520535,0.9987876816208342,0.9975768329575209
1004,0.020253892728403236,-1.937549261807909,-1.9450387900903696,9.192364648400009,1.7028363659394863,0.05453150633579515,0.049532899328579245,0.02375805859597963,0.9987732492841616,0.9975480034856419
1005,0.020497413012564886,-1.9525086888830303,-1.9465657088709143,-5.767062426721203,0.1759175853948136,0.01666979732204163,0.014286802323899797,0.00860909950285159,0.9998979460866267,0.9997959025882547
1006,0.019724911517243673,-1.9457278500893016,-1.9459715125533357,1.0137763670075017,0.770113902973435,0.03469285083011956,0.033420369666929205,0.00972707324944151,0.9994415396099964,0.998883391098
1007,0.023753576282564512,-1.9553419460510522,-1.9462081553771895,-8.600319594743056,0.5334710791196073,0.0280874150275416,0.027298048794953404,0.006266473489930423,0.999627426268108,0.9992549913474016
1008,0.017364338054587036,-1.926034410769429,-1.9458385150001678,20.707215686880165,0.9031114561413034,0.04818038704394362,0.04022703585253751,0.02710251255880159,0.9991909137941124,0.9983824822087134
1009,0.01753456878742511,-1.9234635288071897,-1.9463275028531537,23.278097649119367,0.414123603155403,0.03656337516591049,0.023479845052159453,0.027684350060097087,0.9997243578734778,0.9994487917255375
1010,0.0150689817454727,-1.9443100829419813,-1.9459435823118876,2.4315435143278386,0.798044144421528,0.032044989743790143,0.030349430531047383,0.010332080731875854,0.9995394952999053,0.9990792026643893
1011,0.02635224687830914,-1.9707895897689365,-1.9464165357592143,-24.047963312627374,0.32509069709485416,0.030804766754952716,0.02113148722984778,0.022743794301962886,0.9997767303566659,0.9995535105626655
1012,0.023524247896369012,-1.918772835295463,-1.9448503524609044,27.968791160846163,1.8912739954046742,0.06353751036677109,0.05441902390620653,0.03396281008691708,0.998519300030882,0.9970407925341624
1013,0.020916296882727482,-1.9284991683927741,-1.9465173547302086,18.242458063534972,0.22427172610051116,0.02246939333919273,0.01745613124980349,0.014131871142916658,0.9998476451757699,0.9996953135635321
1014,0.022372536191182693,-1.9644506651763687,-1.9449769375420674,-17.709038720059578,1.7646889142417521,0.05158798948193775,0.048808891155408506,0.016334342655889136,0.9988088543909064,0.9976191276096749
1015,0.018636370521622807,-1.9369401519397773,-1.945994356514383,9.801474516531794,0.7472699419261986,0.03397057119623725,0.031050411465631256,0.013952260327631465,0.9995179468205583,0.9990361260163844
1016,0.01528074400050932,-1.9431068197041694,-1.9465621131032715,3.6348067521396743,0.17951335303756366,0.019103826194632856,0.014972180837084044,0.01186722385396008,0.9998879169458507,0.9997758464543124
1017,0.022945272995727836,-1.9667549428385376,-1.9458054319724105,-20.013316382228474,0.9361944838985892,0.043628573197759306,0.040083368322727915,0.017128792375704745,0.999196669030341,0.9983939834013288
1018,0.021239280419764223,-1.9521913364331247,-1.946388548163087,-5.449709976815598,0.35307829322217543,0.028403867758903745,0.024062994018739476,0.01533828510623003,0.9997104889825017,0.9994210617816327
1019,0.023071390567755964,-1.9796346823122162,-1.9460666576835661,-32.89305585590707,0.6749687727429787,0.046081405801377665,0.034738131914401775,0.030198890410079674,0.9993966512041446,0.9987936664380586
1020,0.023661060315242455,-1.9177072480208899,-1.9454948072721143,29.034378435419228,1.2468191841947807,0.049673456446608574,0.044899427756591025,0.021560582459664655,0.9989921214604764,0.9979852587401034
1021,0.02637925341792837,-1.9486755850494262,-1.9459416799208842,-1.9339585931170689,0.7999465354249224,0.038873857707463634,0.03667895237542683,0.01295767202278248,0.999327392078259,0.9986552365579345
1022,0.022163114816956465,-1.9711011077593474,-1.9465544408428925,-24.359481303038333,0.18718561341657391,0.027312970809073057,0.01831703294647565,0.020384032329252167,0.9998322431534483,0.9996645144492562
1023,0.023661767703652695,-1.9252600363531778,-1.9457740966977288,21.48159010313133,0.9675297585802767,0.03998273112763793,0.03334518888127706,0.022179156887717794,0.9994440560363546,0.9988884211463999
1024,0.01813637052161373,-1.931762247176308,-1.9462041071311906,14.979379280001037,0.537519325118474,0.04015065078361509,0.03160138135276649,0.024718236754469314,0.9995006833993961,0.9990016161158599
1025,0.0217432827733082,-1.9519507550556054,-1.9459064682934242,-5.209128599296342,0.8351581628849303,0.03607355203538964,0.034147621593013745,0.01161540003615891,0.9994170080476654,0.9988343559749473
1026,0.02876319813042677,-1.9142914630794017,-1.9446734494899085,32.450163376907426,2.0681769664006033,0.06830508116676841,0.06455075052762309,0.02459655590219897,0.9979167757826419,0.9958378913884236
1027,0.020487220819825777,-1.9615024543463748,-1.9458017155619973,-14.76082789006572,0.9399108943117795,0.040850282664674165,0.03666359149095466,0.017842307193858098,0.9993280020325085,0.9986564556462852
1028,0.016640858579009595,-1.953806816719818,-1.9463778020732063,-7.065190263508825,0.3638243831027843,0.0296937873770026,0.023394683613067683,0.01833238576945179,0.99972635142535,0.9994527777342425
1029,0.02263079993225535,-1.9151595696503436,-1.944087380989701,31.582056805965486,2.654245466608085,0.06394467083413477,0.058934511450889855,0.02608078722450681,0.9982634880727614,0.9965299916191963
1030,0.01272924405647125,-1.9397528417527032,-1.9463066000364708,6.988784703605866,0.4350264198382803,0.028846786887378347,0.025014818263105528,0.01443250491079076,0.999687132330391,0.9993743625469607
1031,0.020991288466501556,-1.9457413573026698,-1.946291146150011,1.000269153639266,0.45048030629812885,0.03461212001809146,0.022942280991047805,0.026168520458749685,0.9997368281988956,0.9994737256571882
1032,0.021653787693416894,-1.9305685735818223,-1.9454330103663386,16.173052874486782,1.3086160899704602,0.0489453510974169,0.04161003420585775,0.02593767185485238,0.9991343467626209,0.9982694428807692
1033,0.021601248987351544,-1.9507922396602406,-1.9455457305550226,-4.050613203931519,1.1958959012865478,0.04823990889772207,0.046351574023904385,0.012529352656861423,0.9989257669978338,0.9978526879722105
1034,0.022177528088141926,-1.929795852945947,-1.946411440343322,16.945773510362194,0.33018611298718525,0.03535755325170548,0.022589608354468986,0.02706320535801331,0.9997448548006167,0.9994897747003062
1035,0.021832593765477713,-1.9389870319236608,-1.94596579878685,7.754594532648262,0.7758276694591615,0.034824569550427655,0.03257536893346982,0.012445095991996214,0.9994694268032909,0.9989391351144988
1036,0.017111614872893553,-1.9416768111085967,-1.9460520865212991,5.064815347712415,0.6895399350099751,0.04052014956288452,0.03511386791764337,0.020818440503553522,0.9993835111048797,0.9987674022683172
1037,0.027953673181649284,-1.939045833067382,-1.9458205501152406,7.695793388927008,0.9210763410685274,0.0475599378578052,0.042214531855172474,0.021273359261057015,0.99910899618758,0.9982187862629537
1038,0.015684023941565935,-1.9250231672701517,-1.9458815630945974,21.718459186157446,0.8600633617117381,0.039962173217735424,0.034681783117439045,0.020311054557801685,0.9993985950817743,0.9987975518514243
1039,0.021219763751836814,-1.9597091158836244,-1.9453151992234277,-12.967489427315293,1.4264272328814442,0.05620387248704377,0.05227918670870861,0.019972900246333785,0.9986335280929499,0.9972689234313726
1040,0.018078950167273088,-1.923122489066041,-1.9456831131635057,23.619137390268108,1.0585132928033758,0.04504536192256812,0.04258533720216836,0.015372431370801364,0.9990934294592074,0.9981876807885602
1041,0.024637186973169016,-1.9252046461918997,-1.9430869038055179,21.536980264409422,3.6547226507912534,0.0702206403983669,0.06489628720232456,0.02818367122998703,0.9978948486495783,0.9957941289613649
1042,0.020673899690396937,-1.9471065999111647,-1.9464367985412376,-0.3649734548556438,0.30482791507147056,0.035035672043911475,0.019023529475630636,0.029549160580294047,0.9998190528515837,0.9996381384450379
1043,0.020971999442250637,-1.934248950776601,-1.9454106298145064,12.492675679708132,1.3309966418026953,0.04218792568655987,0.04135847239680177,0.009275798954807048,0.9991448040772307,0.9982903395145277
1044,0.018569423642732934,-1.9652824107992999,-1.9449109506759596,-18.54078434299078,1.8306757803494556,0.051240928175930366,0.04889239630183332,0.0143846359008492,0.9988049003994297,0.9976112290619147
1045,0.02267845600052238,-1.9419913735509133,-1.9456466350597188,4.750252905395769,1.0949913965903058,0.03761411499576313,0.037072991723037234,0.00652094059549697,0.9993128703826238,0.9986262129123588
1046,0.022171094827259014,-1.9563947501635897,-1.9465662341818974,-9.653123707280553,0.1753922744116565,0.017148558698165214,0.014711775549607037,0.008730146562343636,0.9998917823046057,0.999783576320281
1047,0.01667699172952229,-1.9485125978110422,-1.9459639084794909,-1.7709713547331418,0.7777179768182485,0.03643525975180203,0.03598405298369195,0.006010122128542855,0.9993525807979172,0.9987055807474576
1048,0.020361703675011708,-1.963537445104136,-1.945046563054303,-16.795818647826977,1.6950634020060917,0.05928549401085438,0.0564405663015167,0.016376265508350845,0.9984072319500298,0.9968170008101206
1049,0.019710896935257544,-1.9489959141303628,-1.945610221104774,-2.2542876740536677,1.1314053515349975,0.03770669979680181,0.03703472054744521,0.006809442433121766,0.9993142169939194,0.9986289042861702
1050,0.022576209372845372,-1.9468385793352632,-1.945780366529718,-0.09695287895405968,0.9612599265911292,0.039447433205952516,0.03749499535603166,0.012026577037960496,0.9992970878590608,0.9985946698035995
1051,0.012554593207748327,-1.9381156913732618,-1.945995268824548,8.62593508304732,0.7463576317610077,0.03641025261459585,0.033375800171350375,0.015002888588535235,0.9994430440189688,0.9988863982379024
1052,0.02037916848960057,-1.960167856896782,-1.9450118004344874,-13.426230440472864,1.729826021821701,0.06032332399200715,0.05297485489236121,0.02801951327200387,0.9985969174875492,0.9971958036156351
1053,0.024211254502667628,-1.9559410990446346,-1.9452934598405853,-9.199472588325541,1.4481666157237782,0.0433303655682452,0.04094578128728798,0.013825581262645055,0.9991617311402148,0.9983241649751109
1054,0.020065642973688007,-1.9213046885076495,-1.9459240828469297,25.436937948659644,0.8175436093793564,0.039096460501307044,0.035739161529979885,0.016416512601645845,0.9993613672131455,0.9987231422781274
1055,0.0153672057609794,-1.9611273756347039,-1.9465910656714513,-14.385749178394747,0.15056078485775615,0.021987907515626775,0.016800286886878804,0.014193264846398174,0.9998588794097553,0.9997177787345315
1056,0.030598795796466287,-1.962017850832379,-1.9456726456159463,-15.276224376069791,1.0689808403627765,0.05574592154239671,0.0399282818156477,0.03878205480631473,0.9992029211410084,0.9984064776167242
1057,0.030115682519562176,-1.924859557332346,-1.9441882607139973,21.882069123963177,2.5533657423117972,0.07075115810766726,0.06714986144182657,0.02398605968057289,0.9977464065579362,0.9954978917992746
1058,0.012904336802460722,-1.9635951746898141,-1.9462276709648643,-16.853548233505045,0.5139554914448397,0.029053001935305616,0.02605580566397653,0.012739107268564833,0.9996605585134908,0.9993212322475044
1059,0.02298770708564566,-1.9576848021214335,-1.9460339284816153,-10.943175665124372,0.7076979746938328,0.03160254340191418,0.02965564120929113,0.010714960580888675,0.9995602950992664,0.9991207835389324
1060,0.020540313733182585,-1.9521047835246217,-1.945472078504176,-5.363157068312585,1.2695479521331876,0.04708323096109459,0.04465886484963563,0.014483053001698217,0.9990027929248853,0.9980065802717212
1061,0.026253157332342153,-1.9653942054911122,-1.9454152979962973,-18.652579034803107,1.3263284600117942,0.05019578171470554,0.045593915885967104,0.020475026208774366,0.9989606954532204,0.9979224710603818
1062,0.02230852705782825,-1.9352829084776781,-1.9463045531348395,11.458717978630961,0.4370733214695832,0.028859706387937518,0.027262902909235318,0.00984464952397997,0.9996283711892289,0.9992568804864307
1063,0.025181059376187028,-1.956842507823312,-1.944736001637734,-10.100881367002934,2.0056248185751357,0.05844835116145812,0.0555828840927054,0.01718586160190996,0.9984557614313871,0.9969139075355311
1064,0.014862452811019196,-1.9528134260330068,-1.946682199802386,-6.0717995766976784,0.05942665392311142,0.014119593160023952,0.010222717187858311,0.009794891831970437,0.9999477480425231,0.9998954988153131
1065,0.01141150281104851,-1.9517283669852483,-1.9465056141221309,-4.986740528939215,0.2360123341782483,0.0212007901636971,0.0207236149835563,0.0042668943038233105,0.9997852670351753,0.9995705801805969
1066,0.020625605946925724,-1.9744959734818528,-1.9448884618005626,-27.75434702554369,1.8531646557464754,0.06733494287384265,0.06142217816273347,0.026422842769089017,0.9981142769720043,0.9962321098953468
1067,0.025270644232061372,-1.9127969508402025,-1.94461165712058,33.94467561610659,2.129969335729065,0.05864324505665031,0.05243271861445296,0.027042877361700943,0.9986255446615026,0.9972529784504827
1068,0.01946333049094382,-1.9835156249934955,-1.9457773728738175,-36.773998537186436,0.9642535824916365,0.04328871264561313,0.03416283796767178,0.026488054954073095,0.999416455588979,0.9988332517020375
1069,0.014703319486977015,-1.9501685570328806,-1.9451054178537717,-3.4269305765715075,1.6362086025374367,0.04528354829682604,0.044861866348956246,0.005727747397537761,0.9989937858684446,0.9979885842037677
1070,0.016319800845375904,-1.944913198641088,-1.9461769829981306,1.8284278152211897,0.5646434581785265,0.03225556746678835,0.02695923489517463,0.01760728304566042,0.9996366232060877,0.9992733784548697
1071,0.016070814873925032,-1.9537771167179387,-1.9464870513295762,-7.03549026162964,0.2545751267328811,0.03114410290760951,0.021255452920775558,0.02269492304459306,0.9997741035182439,0.9995482580657084
1072,0.025979249154722016,-1.8983406418704243,-1.94549240961323,48.40098458588482,1.249216843079104,0.056212638318829354,0.047398063081336074,0.030825113953560655,0.9988770072005692,0.9977552755139659
1073,0.02894701614980255,-1.966718016912931,-1.9456490684316188,-19.976390456621917,1.0925580246903266,0.04953866652675527,0.04333656390802824,0.02340507154443242,0.9990610568764036,0.9981229953669964
1074,0.024905754618444,-1.9468468760622624,-1.9446943958280325,-0.1052496059532615,2.0472306282766084,0.06273883233628591,0.054212082043744864,0.030504983187177776,0.9985307421030168,0.9970636429248015
1075,0.019268789018499276,-1.9489087422775684,-1.9455505933981738,-2.16711582125928,1.1910330581352824,0.04304037136467289,0.04093381601731811,0.012646449709305781,0.9991622846816594,0.9983252711302733
1076,0.02379327707402544,-1.9442400652428342,-1.9455382448985252,2.50156121347489,1.203381557783878,0.04809811575489314,0.04261954479397228,0.021479865851536356,0.9990918042793462,0.9981844333781594
1077,0.018643819271598916,-1.9447898533205616,-1.9459070023500618,1.9517731357474588,0.8346241062473503,0.041237507750284695,0.038761326235445995,0.013456890093925805,0.9992487847067187,0.9984981337378543
1078,0.015864338054595133,-1.9381004779009554,-1.9462147117143445,8.641148555353695,0.5269147419646458,0.038284123904323585,0.0287818070813996,0.02527556444968147,0.9995858042116175,0.9991717799813861
1079,0.01659338128720732,-1.9467034613980896,-1.9465206884298316,0.03816505821951921,0.22093802647749072,0.01942084737150673,0.01889572616070894,0.004611247770397958,0.9998214784333986,0.9996429887367471
1080,0.01895787339944607,-1.934930616184728,-1.9460058441817203,11.811010271581157,0.7357822745888143,0.041563885989735136,0.035571699158809734,0.02203901407164122,0.9993673354455599,0.9987350711555583
1081,0.028066990087043303,-1.946926136693058,-1.9454715552109236,-0.18451023674881384,1.2700712453854734,0.04509729415903188,0.037882657260600125,0.024505262541952018,0.999282541148456,0.9985655970441157
1082,0.01934442004916613,-1.9219412829903473,-1.9449694738092667,24.800343465961827,1.7721526470424465,0.05441335497541302,0.051523315759964126,0.018581742894572602,0.9986730315783937,0.9973478240019794
1083,0.01820340828902927,-1.9546045041848503,-1.9452240549548632,-7.862877728541218,1.5175715014459357,0.05395509773480443,0.050969520158500634,0.016988262366999202,0.9987013575387281,0.9974044015496984
1084,0.02267266428854948,-1.9544534516498506,-1.9451350540418624,-7.711825193541522,1.6065724144467275,0.05069584583849981,0.04815975689368331,0.015510665822265662,0.9988406430042098,0.9976826301170634
1085,0.021016443039431024,-1.9491637131716144,-1.9465496530340836,-2.422086715305305,0.19197342222554425,0.018416797792163805,0.015466678650776137,0.009934972886223675,0.9998803911730403,0.9997607966523521
1086,0.01895769970661467,-1.9529388190191372,-1.9461262071942735,-6.1971925628281355,0.6154192620355659,0.03206351833276066,0.027369596493627996,0.016662445866378772,0.9996254538162302,0.9992510479173042
1087,0.02194270834400909,-1.9472484504790166,-1.9448005797205308,-0.5068240227075194,1.941046735778329,0.05161308893580331,0.05023976666867209,0.011583906087758144,0.9987380443990119,0.9974776813299627
1088,0.013880887508893245,-1.9497987632577602,-1.9461318923167108,-3.0571368014511435,0.6097341395983058,0.03170274183637032,0.026778605196733234,0.017168898421273268,0.9996414556997447,0.9992830399535046
1089,0.016192579645630402,-1.9402003486031851,-1.944967965212763,6.541277853123972,1.7736612435461652,0.05145478088285718,0.05026510609486204,0.011056475037280173,0.998737064770973,0.9974757245473388
1090,0.015819822331873606,-1.9573671037860743,-1.9460514368928294,-10.625477329765154,0.6901895634796595,0.03582952678918897,0.03452084963536031,0.009306452492760065,0.9994041969614069,0.9988087489040747
1091,0.019550746934313554,-1.94801813393647,-1.9461982874394763,-1.2765074801608378,0.543339016832789,0.03467574499314136,0.03198502484375641,0.01374764321620256,0.9994884828856685,0.9989772274210953
1092,0.01790201740816736,-1.9611734544594224,-1.9463942759855406,-14.431828003113267,0.3473504707685038,0.03040689783040722,0.02445229274947155,0.018249019542156228,0.9997010549933693,0.9994021993548555
1093,0.021098908106580997,-1.951778184262747,-1.945571861894124,-5.036557806437969,1.1697645621850938,0.03954468952245063,0.03790307154427642,0.011069818121812127,0.9992817850707044,0.9985640859740935
1094,0.018189019751277874,-1.9477591889065178,-1.9462068614673071,-1.0175624502086755,0.5347649890019568,0.03217368965931178,0.027658591643510075,0.016781945186717752,0.9996175063621965,0.999235159025776
1095,0.023256496104160546,-1.9517252513267394,-1.9465298321589926,-4.983624870430248,0.21179429731654764,0.0178169865538972,0.016097150365712153,0.007564262042658296,0.9998704408959148,0.9997408985773911
1096,0.01946010521704452,-1.921323989917673,-1.945770781110378,25.417636538636046,0.9708453459311706,0.04104743722705637,0.03684422710971557,0.018463471369165606,0.9993212896519433,0.9986430399516232
1097,0.024873133917840518,-1.9912298076728037,-1.9449131157000539,-44.48818121649456,1.8285107562552305,0.06357725727975905,0.05019356936685857,0.038447389066099145,0.9987403618195565,0.9974823103274586
1098,0.01449973510743342,-1.9467441866637574,-1.94657827758055,-0.0025602074482655723,0.16334887575908397,0.02206942718191438,0.014129437722066505,0.01698485663760516,0.9999001812530449,0.9998003724698721
1099,0.024860758525116926,-1.9411449048851421,-1.9448543993365985,5.596721571166974,1.8872271197105661,0.055618067081651,0.05468912962197407,0.010602022212766769,0.9985046921056473,0.9970116201569935
1100,0.016310627779456202,-1.9322876562792624,-1.9455845435413284,14.453970177046749,1.1570829149807338,0.03974308845611873,0.03850008983185867,0.010310416625917694,0.9992589362831054,0.9985184217416432
1101,0.023187052826277102,-1.94492502039408,-1.9456468781582117,1.8166060622291091,1.0947482980974144,0.046058861127572286,0.0364189144589282,0.027972101780166604,0.9993369126222081,0.9986742649292869
1102,0.023714877005211046,-1.9464342298138877,-1.9462965431010788,0.3073966424214092,0.4450833552303024,0.03376010082050793,0.02754982409105055,0.019335729595750986,0.9996205068252823,0.9992411576656341
1103,0.016193218493982937,-1.9496366729018029,-1.9459486819645233,-2.895046445493765,0.7929444917857964,0.033416691741835855,0.03238533225850171,0.007808619612325907,0.9994756184337643,0.9989515118435557
1104,0.016636014414614576,-1.9532082949923006,-1.9458970348453606,-6.466668535991538,0.8445916109485196,0.03283791749106878,0.031555301191768914,0.008910672098669107,0.9995021330666533,0.9990045140047898
1105,0.016317855406788685,-1.953605592298192,-1.9458218089985049,-6.86396584188298,0.9198174578042284,0.04231057233637338,0.04076546195753433,0.010930766590225995,0.9991691898608871,0.9983390699672614
1106,0.02273008851571577,-1.954923696686943,-1.9458985762076215,-8.182070230633887,0.8430502486875824,0.03863603328018274,0.036522858892385136,0.012931757740152773,0.9993330403972419,0.9986665256295956
1107,0.015561225506103163,-1.9382764090796047,-1.9461372633302185,8.46521737670436,0.6043631260905791,0.03363565524951809,0.03228163562250513,0.009893784412448009,0.9994789655142344,0.9989582025054042
1108,0.022049423955765406,-1.949015612057188,-1.941611924025689,-2.2739856008788806,5.129702430620053,0.08089265883132231,0.07743097160593758,0.0222500717077496,0.9970022292135132,0.9940134450567147
1109,0.021169856777076525,-1.9444690737197978,-1.9450526297452997,2.2725527365112796,1.6889967110094162,0.04559139374428099,0.04520145699160695,0.005716381394728652,0.9989784244291353,0.9979578924749176
1110,0.025888430121605376,-1.9165610794815342,-1.9463924131623795,30.180546974774902,0.34921329392956224,0.03483696411470058,0.026716921145047378,0.022351984341440482,0.9996431228538811,0.9992863730690597
1111,0.015626003410669755,-1.9513002698355344,-1.9453612012696515,-4.558643379225291,1.3804251866575967,0.045604876755400765,0.043824448799845005,0.012517935852208291,0.9990399122201845,0.998080746208914
1112,0.020682253656353386,-1.9554996238858189,-1.946358129985972,-8.757997429509778,0.3834964703370858,0.02414810195596891,0.022495508164137458,0.008528333365904505,0.9997469804756915,0.9994940249702627
1113,0.024674167231219197,-1.9710380547039186,-1.9453981646287481,-24.29642824760947,1.3434618275609544,0.04926075550735681,0.04124660282318374,0.026467401893650294,0.9991493648070844,0.9982994531944002
1114,0.02355308781505661,-1.962624610522757,-1.9456279058494645,-15.882984066447836,1.1137206068445593,0.049034020779126386,0.04216319288305125,0.025554779063807275,0.999111137616299,0.9982230653089351
1115,0.016644040644803543,-1.9436416011750028,-1.9464414672266963,3.1000252813062623,0.3001592296127953,0.03471836499351354,0.02349999993087217,0.025578578972452738,0.9997238756409382,0.9994478275265382
1116,0.019827444774600356,-1.9602574001444968,-1.9451749297611187,-13.515773688187682,1.5666966951903838,0.04740999820257661,0.044396652077781394,0.016114908260676,0.9990145047920838,0.9980299807849723
1117,0.012502428457419303,-1.9757419227416155,-1.946500331701985,-29.000296285306426,0.24129475432399516,0.029868874892599373,0.01876661033933635,0.023439252419819093,0.9998239115923904,0.999647854191908
1118,0.012719654688671034,-1.9471178341594164,-1.946365381836818,-0.3762077031073119,0.3762446194910396,0.023776084380510286,0.023195318836615877,0.0052263989514769295,0.9997309886950487,0.9994620497571797
1119,0.015409071903654283,-1.930035496148882,-1.9456457933831153,16.70613030742718,1.0958330731938304,0.04275686289118226,0.04119586620796751,0.01241263984815471,0.99915145502646,0.998303630081492
1120,0.023999271125061467,-1.9750003721075087,-1.9459764845893301,-28.25874565119957,0.7651418669789578,0.03915583803034409,0.030313125269576826,0.024895061799481394,0.9995405669868072,0.999081345052308
1121,0.017926593040348566,-1.9613942517342664,-1.9458750246792211,-14.652625277957299,0.8666017770879719,0.03676165784141331,0.0341014894359919,0.013271831599293326,0.9994185578456871,0.998837453766353
1122,0.014937824245756437,-1.9577290425514942,-1.946483866687229,-10.987416095185054,0.25775976908004594,0.026798744561288536,0.019002133463887235,0.018845755178554163,0.9998194598498081,0.9996389522943621
1123,0.01554071242230316,-1.9431128638014765,-1.9463295464530888,3.6287626548325846,0.41208000322034977,0.02755547368924991,0.02658484408808408,0.007351004574206171,0.9996466402339222,0.9992934053309688
1124,0.01056820787605021,-1.9548840936794452,-1.9464309738348013,-8.142467223136052,0.3106526215077565,0.026096201820010424,0.0214223654023068,0.014824259677973782,0.9997705426140604,0.9995411378788127
1125,0.02941117262535734,-1.9205520779065413,-1.9449337188793876,26.18954854976785,1.807907576921508,0.05627969032889904,0.0529733933711387,0.019932016104749702,0.9985972838746525,0.9971965353618334
1126,0.02507461762807317,-1.9564464997681348,-1.9453576631859633,-9.70487331182568,1.3839632703458449,0.05156583661152741,0.04452852893317238,0.026537417946175555,0.9990086751418745,0.9980183330087233
1127,0.02809539320675975,-1.9349873819293373,-1.9430559241880638,11.754244526971824,3.6857022682452723,0.07782798617704,0.0764210159683701,0.01749950580016478,0.9970807811361841,0.9941700841111432
1128,0.016315779418592934,-1.9201192915541323,-1.946400240966873,26.622334902176803,0.3413854894360746,0.029761938137573114,0.0229019227532468,0.01904153331536092,0.999737751058046,0.9994755708905995
1129,0.017604213803359196,-1.956477019736561,-1.945980754663715,-9.73539328025197,0.7608717925942088,0.03190635054809449,0.030665225527319987,0.008558589559617743,0.9995298221310532,0.9990598653293349
1130,0.013813454926043505,-1.9440343948925938,-1.9460351578954194,2.707231563715329,0.7064685608897392,0.029559757002219918,0.028737902190699223,0.006989784402969788,0.9995870679507591,0.9991743064143955
1131,0.024084938519106973,-1.930694120421476,-1.9450401704786147,16.04750603483307,1.7014559776944438,0.05611738666198441,0.050789242733588764,0.024247381801959546,0.9987103268177139,0.9974223168923448
1132,0.011847600290942156,-1.9518905190716855,-1.946144999920948,-5.1488926153764325,0.5966265353611888,0.028953669987850997,0.027238036124985453,0.009735106779075419,0.9996290682817952,0.99925827415393
1133,0.01637080677702106,-1.9610245554845986,-1.94536576967972,-14.282929028289537,1.375856776589135,0.04444365952223949,0.03958648878572097,0.02015641536211235,0.9992165703611825,0.998433754484364
1134,0.017632302874929805,-1.9377477814450776,-1.9457920701268063,8.99384501123146,0.9495563295027765,0.04086142851753931,0.03666040262670009,0.018241812060483458,0.9993280587032679,0.9986565689116421
1135,0.021485144831625946,-1.9526525476275312,-1.9452498791750454,-5.91092117122205,1.4917472812636667,0.04635082054440296,0.04595330167895987,0.005033292386698765,0.9989442697023102,0.9978896539710819
1136,0.02386051326769007,-1.940757291880441,-1.943524671450375,5.984334575868111,3.216955005933997,0.06757993747757877,0.06217996110468659,0.025854191347826017,0.9980669960606753,0.99613772862558
1137,0.028240140641360892,-1.9792788037773132,-1.9462100389035408,-32.53717732100414,0.5315875527682756,0.041705683990304034,0.025787223695375974,0.03336292289728223,0.9996675318222235,0.9993351741795361
1138,0.021517545870056803,-1.9795887260226481,-1.9451873933139587,-32.847099566339026,1.5542331423503697,0.059354053705790555,0.053062326321756934,0.0253632967888641,0.9985924162321519,0.9971868137563673
1139,0.023924983682819843,-1.9535004787670667,-1.9449583683996317,-6.758852310757568,1.7832580566774503,0.051742973880527524,0.04564370410300575,0.024158227521902338,0.9989583304784428,0.9979177460322778
1140,0.014643090396677647,-1.9477378991270384,-1.9465959874593437,-0.9962726707293257,0.1456389969654026,0.02279449553873207,0.013445823908738525,0.018409320601260715,0.9999096052513685,0.9998192186739476
1141,0.011242881435759982,-1.9636751830076953,-1.9464903366300745,-16.933556551386175,0.25128982623456864,0.027560385800524743,0.01879911405030191,0.020215092010673546,0.9998232969683504,0.9996466251606622
1142,0.023952171661822785,-1.967148502014066,-1.9457832541310396,-20.406875557756887,0.9583723252695187,0.04634521793009998,0.03696188550771851,0.02843700607043572,0.9993169309152502,0.9986343284138749
1143,0.020311089311867914,-1.969687328605407,-1.9449938296028277,-22.94570214909797,1.7477968534813648,0.05445917652880244,0.04857524898348846,0.02404166497978033,0.9988202346381105,0.9976418611225302
1144,0.014752428457435424,-1.9548223842974128,-1.9462678680815062,-8.080757841103736,0.4737583748029017,0.029511880174323303,0.02720968832593603,0.011271176868455255,0.9996298166986396,0.9992597704329558
1145,0.025853349709013106,-1.9550155715240611,-1.9450276943711764,-8.273945067752031,1.7139320851327078,0.04814195331536237,0.04698886439333569,0.010317471298724325,0.9988961426394588,0.99779350377999
1146,0.015224957737132469,-1.9236769509314662,-1.9464134096812653,23.064675524842926,0.3282167750437992,0.026503197503607984,0.021045407681708497,0.016191173436474526,0.9997785458535392,0.9995571407490174
1147,0.016499999999993062,-1.9470489058858729,-1.9466143525699346,-0.3072794295637671,0.12727388637445713,0.02511717653802079,0.01235169315582969,0.02185524165961113,0.999923717911597,0.9998474416421509
1148,0.025636329399960973,-1.9756472704152717,-1.946265242205343,-28.905643958962557,0.4763842509660776,0.03824713262667858,0.025492276782042935,0.02871648714588879,0.9996750759261774,0.9993502574280086
1149,0.022378434318022493,-1.950197828420001,-1.945317764954926,-3.456201963691896,1.4238615013830724,0.05103133844413406,0.04781493140843011,0.018023547715419405,0.998856951495534,0.9977152095509515
1150,0.025031121829099272,-1.9520466808908015,-1.945430566639194,-5.305054434492362,1.3110598171151011,0.05254939798115724,0.05143687683096402,0.01110372434140906,0.9986772518288924,0.997356253320509
1151,0.02068093067785712,-1.9458312368325845,-1.9455532820783408,0.9103896237245834,1.1883443779683311,0.043481260095571864,0.04336157139150412,0.0033789540171479046,0.9990598929796538,0.9981206697605173
1152,0.029252231817616076,-1.9377102004183764,-1.9451835337887908,9.031426037932722,1.5580926675182738,0.052117616470323605,0.04828580775128387,0.01966950782302394,0.9988343466494297,0.9976700520465931
1153,0.019634627367517674,-1.920356792342835,-1.9460532302882412,26.38483411347403,0.6883961680679285,0.0407622568902756,0.032224427165204565,0.02519909937378711,0.9994807931634269,0.9989618559025929
1154,0.02163670335569575,-1.9640138768733209,-1.94622923732879,-17.272250417011747,0.5123891275191639,0.036059034821962384,0.02755595079204469,0.023236920519939804,0.9996203405317212,0.9992408252047543
1155,0.02089470485248361,-1.9410533821821165,-1.9450298309900036,5.6882442741925665,1.7117954663055102,0.045614067075862776,0.045078919944954506,0.006954505751669204,0.9989840860702033,0.9979692042215194
1156,0.018476525973042515,-1.9403327955237881,-1.9452207029896271,6.408830932520981,1.5209234666819782,0.052793747268942065,0.05126400886096563,0.012992522618798847,0.9986861462986237,0.9973740188087961
1157,0.018890858579018045,-1.9585560350815958,-1.9450462104397157,-11.81440862528671,1.6954160165933985,0.047555197324281526,0.04486104685060863,0.015161545864455993,0.9989937712756422,0.99798855504753
1158,0.021956476819353518,-1.9648570673559866,-1.9454525677838401,-18.115440899677537,1.289058672468979,0.04957972467755407,0.03954429008893842,0.03004172305727484,0.9992182768402655,0.9984371647716296
1159,0.012220032517193708,-1.9441342533797943,-1.9465803353118412,2.6073730765148184,0.16129114446794546,0.021576619319748108,0.017312628151376647,0.012953352693414877,0.9998501377680599,0.9997002979948083
1160,0.018943858817447347,-1.9607165162698201,-1.9462591710069417,-13.974889813511027,0.4824554493674249,0.030918713809801136,0.026965146763849243,0.015375995748243405,0.9996364422196979,0.9992730166136555
1161,0.020829681690518874,-1.9381407944020934,-1.9451314346130737,8.60083205421569,1.610191843235409,0.04752099323865982,0.04735933723571416,0.004971079862565085,0.998878806857997,0.9977588707900557
1162,0.011927349297030038,-1.9495745101477346,-1.946035903718965,-2.832883691425536,0.7057227373441499,0.03393396575854133,0.03297910300918708,0.007481624439251107,0.9994561919186712,0.9989126795645717
1163,0.026869571375148737,-1.9711840635939815,-1.944240693410663,-24.442437137672357,2.5009330456460255,0.06776264983064527,0.0637469015092237,0.02127571787272993,0.9979685647895328,0.9959412563080798
1164,0.019821390567755965,-1.962792208611617,-1.9458311307199254,-16.050582155307858,0.9104957363836874,0.04221968976564651,0.036498062893190984,0.02099580801017186,0.9993340433723198,0.9986685302428695
1165,0.018163464637834303,-1.944413241418123,-1.9450514126938236,2.3283850381861093,1.6902137624854596,0.04712076606329332,0.04579464002942396,0.0108814978863206,0.9989514564457745,0.9979040123351341
1166,0.01628637988308021,-1.9522904929847804,-1.946118667198795,-5.548866528471308,0.6229592575142107,0.033200281790023205,0.027779195658806956,0.018172434509443204,0.9996141862730176,0.999228521398267
1167,0.021848066921585377,-1.9740265003872983,-1.9455152797691435,-27.284873930989217,1.2263466871655915,0.049264998775356145,0.041910023682689194,0.025252245266510456,0.9991217958695504,0.9982443629815956
1168,0.012944587692352474,-1.9451956439086124,-1.946684313609582,1.545982547696667,0.05731284672716441,0.01576451824954672,0.009617692450523359,0.012484294853935462,0.9999537500793626,0.9999075022977804
1169,0.01966351350608471,-1.9440969223107218,-1.946569641056336,2.644704145587262,0.1719853999730958,0.017172732563079645,0.015746061891150295,0.006882942030846992,0.9998760341318701,0.9997520836312767
1170,0.019262754446797953,-1.960502909816605,-1.9460567865278737,-13.761283360295806,0.6848399284353768,0.0397275517208645,0.037498882523814184,0.012646491015297532,0.9992970229692846,0.9985945401152748
1171,0.022201395144124475,-1.9576990681023687,-1.9442493746113094,-10.957441646059607,2.492251844999682,0.05621028286888457,0.05444828768710585,0.013076846036028692,0.9985177034164977,0.9970376040361568
1172,0.02240854064335112,-1.942518506595831,-1.9455592688430625,4.223119860478075,1.1823576132465874,0.04126743693819499,0.0404229967591975,0.008187738027074391,0.9991829922938587,0.9983666520893092
1173,0.02302700653959574,-1.9464961978478097,-1.9441983590983474,0.2454286084994095,2.5432673579617315,0.0591242355735099,0.057171738825648855,0.015538082378466194,0.9983662253882826,0.996735119996047
1174,0.019086177794636224,-1.9437093853048466,-1.9460505143532416,3.0322411514625003,0.6911121030674927,0.038831289366057016,0.03387865743994945,0.01874829006202966,0.9994261212075768,0.998852571752022
1175,0.02507684944563439,-1.9460046094826378,-1.9458015330798697,0.737016973671345,0.9400933764394104,0.0482877857013791,0.04009293363039531,0.02758512958098987,0.9991962823423649,0.998393210646803
1176,0.024598577920820982,-1.930208198492063,-1.9464013952657042,16.533427964246172,0.3402311906048894,0.029873897389897666,0.021990212303453247,0.020079303075555194,0.9997582173129993,0.9995164930848663
1177,0.022495470820917164,-1.9076655650178187,-1.9457644384118138,39.076061438490406,0.977188044495314,0.048454138429771205,0.03502443705552884,0.03299372670675444,0.9993866645709152,0.9987737053221789
1178,0.016060985346958587,-1.9249817199358896,-1.9464513650112953,21.75990652041948,0.29026144501376194,0.029712821180077675,0.02246617946577517,0.019295660237473075,0.9997476366430336,0.999495336973331
1179,0.017724055169398026,-1.9562444638235454,-1.9450816984362793,-9.502837367236339,1.6599280200297883,0.04668149193853799,0.0447171898356184,0.013484914237769607,0.9990002363238782,0.9980014721751646
1180,0.020752827146632236,-1.9549310635844506,-1.9460705932498177,-8.189437128141464,0.6710332064914226,0.038716046422496896,0.03515517114259359,0.015991977246419507,0.9993820630924882,0.9987645080309981
1181,0.019490364412284137,-1.958051393523651,-1.945877370817869,-11.30976706734188,0.8642556384401701,0.0410868508179531,0.03829048017027681,0.014634258172179412,0.9992670277107549,0.9985345926698866
1182,0.02054071242227634,-1.956357910160411,-1.9454563108757401,-9.616283704101836,1.2853155805689909,0.04072622034057952,0.039833169859652615,0.007650163135515456,0.9992066824731841,0.9984139942990666
1183,0.021444478629202374,-1.9250302994082371,-1.944854108258055,21.711327048071993,1.8875181982540568,0.05398555584143494,0.051062189765378005,0.018355046833228163,0.9986967083502413,0.9973951152696069
1184,0.019169744467028925,-1.9496678926949136,-1.9461279814615098,-2.92626623860448,0.6136449947993228,0.03286241879892191,0.028171176054700986,0.0167195039175808,0.9996031924264807,0.9992065423092117
1185,0.022756496104122923,-1.9807236248680737,-1.9453379978541567,-33.981998411764636,1.4036286021523736,0.049971352451878226,0.043437544451125396,0.023950893224470665,0.9990565963470435,0.9981140827045394
1186,0.01692648907546171,-1.9425197080171042,-1.9448002384025311,4.221918439204941,1.9413880537779704,0.05346064077975695,0.046971758086428284,0.025515740749584383,0.9988970321789074,0.997795280895829
1187,0.01650205450169317,-1.946440911767805,-1.9459379800220773,0.3007146885041223,0.8036464342318084,0.03779292875472471,0.030658573818563385,0.022119621973487692,0.9995300288849033,0.9990602786426556
1188,0.023494848360888495,-1.935045000057629,-1.944654936943125,11.696626398680188,2.0866895131841368,0.05816538450797745,0.05535605136500772,0.018680234587659758,0.9984682727757074,0.9969388917397044
1189,0.013821057733651793,-1.9632673310539956,-1.9465923372567013,-16.52570459768654,0.14928919960777165,0.022550318114362332,0.01323969929930419,0.018469144274979216,0.9999123552940067,0.9998247182696078
1190,0.020076983242241532,-1.9320541757875647,-1.945744812571921,14.68745066874444,0.9968138843881036,0.04695852540799361,0.03675329534885263,0.029430838384252676,0.9993246103476244,0.9986496768464314
1191,0.02646536327106745,-1.940384678125587,-1.9464123562584354,6.356948330722201,0.3292701978736545,0.025337074763553426,0.024786845732470874,0.005422035803090938,0.9996928087174402,0.9993857118013644
1192,0.01572043120636815,-1.9335742768393132,-1.9462896090010122,13.16734961699595,0.45201745529688253,0.028994949519034682,0.026311058708662276,0.012342891314436773,0.9996538916699464,0.999307903130869
1193,0.02554855863603262,-1.9355672159776753,-1.9429764249830022,11.174410478633767,3.765201473306945,0.07544141716034543,0.06837050231249357,0.03266623918130154,0.9976630918866586,0.9953316449128473
1194,0.01977318175266201,-1.9802145878783983,-1.9462768641904027,-33.47296142208922,0.46476226590641545,0.040304590990580355,0.027729110626674453,0.02941814841216206,0.9996155518869702,0.9992312515742919
1195,0.017857681022841798,-1.9382501807318568,-1.9460194726078346,8.491445724452262,0.722153848474516,0.04045126500924395,0.037151613989785885,0.01630002424077951,0.9993099837116846,0.9986204435458472
1196,0.022246485100113705,-1.9352020705348105,-1.9460219960738259,11.539555921498579,0.7196303824832384,0.03966739686683322,0.03807552549178843,0.011726922539609407,0.9992752357515408,0.9985509967862973
1197,0.025010325989300218,-1.944686814283316,-1.944331504638712,2.0548121729930813,2.410121817597144,0.05758233916305903,0.055272637036437026,0.01594627323232617,0.9984727591356861,0.9969478507360299
1198,0.015537835182964282,-1.9440035632571127,-1.9456210499906168,2.73806319919645,1.1205764656923023,0.043325739805559225,0.04062686440653231,0.014578380671391486,0.9991748311470933,0.9983503431978223
1199,0.020123133917836575,-1.978833125431765,-1.9460927773778922,-32.091498975455934,0.648849078416891,0.04388157701531859,0.03303426978099953,0.029038384153564748,0.9994544344748074,0.9989091665913571
1200,0.02152791175565067,-1.9566910006245706,-1.9450631684659225,-9.949374168261471,1.6784579903865726,0.050480543596713064,0.0472509458583735,0.017713469310104056,0.9988838713782133,0.997768988499527
1201,0.030525595009679614,-1.9589166843053054,-1.9442958047520038,-12.175057848996307,2.4458217043052954,0.06873370319656598,0.06455127950784079,0.02339563717875615,0.9979166818157904,0.9958377038462375
1202,0.025075103893829137,-1.9312940562275658,-1.945378979917747,15.447570228743324,1.3626465385621067,0.05309681535146226,0.05138445966269175,0.014316935915201986,0.9986801704841839,0.9973620829183186
1203,0.022739679108948835,-1.9398854246585902,-1.9433552929562816,6.856201797718953,3.386333500027483,0.07108843745382026,0.0655971918763524,0.027492984814312164,0.9978491977042637,0.9957030213590428
1204,0.019786270819868036,-1.9255303521026892,-1.9457025514564712,21.211274353619913,1.0390749998379079,0.047444949296094135,0.04557562327487365,0.014021979041847057,0.9989616230364491,0.9979243242996166
1205,0.017585337208283175,-1.916917748267762,-1.946172638513772,29.82387818854715,0.5689879425370137,0.03734753046546887,0.03171798828358869,0.020037766074340654,0.999497013479171,0.9989942799537821
1206,0.02125160935757118,-1.9642306178380082,-1.9455994801562977,-17.488991381699126,1.1421463000114151,0.043422660026542215,0.03883054895673785,0.019191128738299874,0.9992461437228525,0.9984928557449916
1207,0.024518322387854043,-1.942439448825214,-1.9462905728472173,4.302177631095194,0.4510536090918116,0.029596071359620422,0.02298325814504517,0.018591828688969827,0.9997358899129262,0.9994718495799905
1208,0.0199940992248689,-1.9200260374432243,-1.9464034159347678,26.715589013084795,0.3382105215412601,0.029703702547282183,0.022744977097663047,0.019128560407150323,0.9997413332252907,0.9994827333590817
1209,0.020936964024148838,-1.9518645600511861,-1.9451932420332108,-5.122933594877033,1.548384423098348,0.04612707685661788,0.04572909370920954,0.00505626722493971,0.9989544582143389,0.9979100095863034
1210,0.01992626795290786,-1.9511431175254026,-1.9464929567812026,-4.401491069093488,0.2486696751065054,0.019345316192797713,0.019042452788538628,0.0032490020006149664,0.9998186948313249,0.999637422534214
1211,0.012639595795516857,-1.9517906418917519,-1.9464560785070992,-5.049015435442783,0.2855479492098745,0.028579538978679507,0.02261477367829383,0.0173683105180095,0.9997442884590371,0.9994886423064663
1212,0.01439757580577003,-1.9535230214559498,-1.9448709766199956,-6.7813949996407,1.870649836313465,0.05344134772733907,0.045906755958699974,0.02735528399139737,0.9989465542412562,0.9978942182304791
1213,0.018621298141059874,-1.9405039360007865,-1.9461518425746862,6.237690455522582,0.5897838816228962,0.03320362977666762,0.032033101144252854,0.008761948242257534,0.9994869511519773,0.998974165523075
1214,0.02212609221273003,-1.9397885302149607,-1.9452165519113913,6.953096241348433,1.5250745449177927,0.05151235369609431,0.04937208458696257,0.014486475770524724,0.9987814836395811,0.9975644520612827
1215,0.01884007052304872,-1.9611079691149864,-1.9455133317052018,-14.366342658677311,1.2282947511073061,0.04123559891350773,0.03866033418224857,0.01381356702665897,0.9992526937848794,0.9985059460363379
1216,0.015616304979617497,-1.9225465227477752,-1.9460173478706426,24.19510370853395,0.7242785856664824,0.04101002385076456,0.036897539490366206,0.018376076403846323,0.9993193171721295,0.9986390976733712
1217,0.020045924256440535,-1.958646932801044,-1.9447238029997675,-11.905306344734967,2.0178234565415565,0.0512798464082984,0.049438580482062885,0.012528220234734112,0.9987779226889427,0.9975573388508396
1218,0.020287461227222938,-1.93490040141085,-1.9456304051127262,11.841225045459147,1.11122134358288,0.044218509952645674,0.0425135380033296,0.012493307728540072,0.9990964323762284,0.9981936811869074
1219,0.032124765360474816,-1.944599839643623,-1.940226853964172,2.141786812686064,6.514772492137055,0.08827898415886257,0.08717164083432476,0.01378351915332221,0.9962005564936933,0.9924155487583443
1220,0.02236769202680604,-1.9846710547998458,-1.9461078026069403,-37.92942834353674,0.6338238493688308,0.04312888258416716,0.03339120269784483,0.02721336710148151,0.9994425292922352,0.9988853693580604
1221,0.020431903835415786,-1.9690893337301254,-1.9456037060294455,-22.347707273816297,1.137920426863559,0.04748053860179191,0.04197832271449195,0.021864606839593577,0.9991189717835617,0.9982387197778415
1222,0.015981303656458203,-1.940235803778186,-1.9458254367572005,6.505822678123163,0.9161896991085605,0.04204234666168803,0.04155963702879487,0.007194046027792731,0.9991365065090215,0.998273758639052
1223,0.019409093390189765,-1.9425677571147635,-1.9461814276397142,4.173869341545622,0.560198816594859,0.0283623052187959,0.02559570354582373,0.012170028810565722,0.999672431001066,0.999344969303581
1224,0.023089006165782446,-1.932019232407672,-1.943969947945438,14.722394048637177,2.771678510871123,0.0681698400734911,0.061021324046917874,0.032214582059216554,0.9981382635397686,0.9962799931421846
1225,0.02033367838388349,-1.9904538426347853,-1.9456016069232798,-43.712216178476204,1.140019533029335,0.05347925145851828,0.04077245161179344,0.03433188366882886,0.9991688180363205,0.9983383269360978
1226,0.013210569199431919,-1.9262576109615306,-1.9464609492748532,20.484015494778518,0.2806771814558573,0.026375662790019763,0.01951988757816693,0.017599333233108538,0.9998094892314237,0.9996190147572003
1227,0.0173815341037763,-1.9487604479997953,-1.946328474541528,-2.0188215434862045,0.41315191478119573,0.024131000204294047,0.02372967765023212,0.004211723548619985,0.999718451843508,0.9994369829563805
1228,0.0242084234833,-1.9297996725449018,-1.9460639287166293,16.941953911407293,0.67769773967985,0.03763944383132576,0.035428891824889765,0.012756467457725115,0.9993724153885567,0.998745224639558
1229,0.017350408400928365,-1.9410299940923064,-1.9453092935356906,5.711632364002739,1.4323329206185065,0.040758113243712604,0.03991202491144368,0.008777761274949345,0.9992036011552288,0.9984078365615775
1230,0.026469365062677934,-1.9728214377534383,-1.9431374841471174,-26.07981129712922,3.6041423091917046,0.07630700768333396,0.06833621168936052,0.03313254691387306,0.9976660319538061,0.9953375113144528
1231,0.021620347892950913,-1.9426892027475284,-1.9444994868225558,4.0524237087806725,2.242139633753304,0.05516726297888915,0.05058914892441187,0.021853744215808907,0.9987206790795644,0.9974429948211463
1232,0.026715188352820298,-1.9518916348964053,-1.9457782136148578,-5.150008440096165,0.9634128414512944,0.04040289254109345,0.03599503572256981,0.018697842181652918,0.9993522417134464,0.9987049030176905
1233,0.027364712010328807,-1.9357653531365882,-1.945252959369366,10.976273319720953,1.488667086943174,0.04910546633386023,0.043338281619065826,0.023424357669955417,0.9990610710111041,0.9981230236098544
1234,0.02167134008464138,-1.9585427822213723,-1.9456107988064095,-11.801155765063243,1.1308276498995795,0.043879393566372396,0.042216633025435726,0.011159298633874843,0.9991090036748359,0.9982188012241233
1235,0.018500087576660672,-1.95705265598872,-1.946355384632193,-10.31102953241092,0.38624182411606256,0.023596612599598537,0.02196258296465633,0.008561651023605153,0.9997588235601398,0.9995177052863548
1236,0.022174759911890378,-1.9657363509380523,-1.945943333249551,-18.99472448174322,0.7982932067580606,0.04387124952238436,0.0375238698258956,0.022315378284940637,0.9992959802916318,0.9985924562270134
1237,0.02662757287196841,-1.9374454791272708,-1.9465544511196364,9.296147329038273,0.1871753366726736,0.022660659353037838,0.017502331543712196,0.014276724799476911,0.9998468354678831,0.9996936943951401
1238,0.02408171145883279,-1.9818895971592563,-1.9455983060998274,-35.14797070294718,1.1433203564816807,0.06125461317854237,0.03997018286399655,0.046982824907087065,0.9992013028541673,0.9984032436254654
1239,0.020004042913275365,-1.9666827154935234,-1.9458021379388215,-19.941089037214255,0.9394885174875967,0.046028066267259825,0.04140957401760075,0.019800275812472883,0.9991427432951925,0.9982862214794429
1240,0.023758861718336036,-1.9443682212731785,-1.9454831347820287,2.3734051831305614,1.258491674280382,0.05016306892460337,0.04882079339125145,0.010872910833810763,0.99880843696793,0.9976182937583193
1241,0.02307968169051578,-1.935567115353593,-1.9462372480202086,11.174511102716167,0.5043784361005166,0.03698470953903569,0.02605349300593858,0.02613024114412261,0.9996606328416856,0.9993213808534394
1242,0.017840223954770792,-1.9432341633181733,-1.9461330908933137,3.507463138135769,0.6085355629954492,0.03518339278540663,0.026851076108493518,0.022626549736979393,0.9996395147810551,0.9992791595117032
1243,0.02516989789874738,-1.926055398476178,-1.9463667207935058,20.6862279801312,0.3749056628032932,0.03281293801067356,0.021971262603542457,0.024144264722703836,0.9997586417221516,0.9995173416981215
1244,0.0207261507927742,-1.9473541147916238,-1.9453131798540386,-0.612488335314687,1.4284466022704834,0.04782100619900844,0.043480030835737024,0.01946552735607235,0.9990549124986504,0.998110718187686
1245,0.027380625014007114,-1.9391640942219757,-1.9445062033559652,7.5775322343334395,2.2354231003438585,0.056163061423168445,0.05525661115563804,0.011890737161757502,0.9984733620328964,0.9969490546892754
1246,0.015735523885584024,-1.930673250966022,-1.9461677145682177,16.068375490287057,0.5739118880914162,0.03223389015746483,0.030740973337389198,0.010112114022300157,0.9995275305574721,0.9990552843423184
1247,0.01108337028315775,-1.9389842655251142,-1.9464449267396533,7.757360931194945,0.29669971665580164,0.021628163511109834,0.020775879820385278,0.006126235242789759,0.9997841857495933,0.9995684180749772
1248,0.02162943073382205,-1.9411198076883414,-1.9458253843222997,5.621818767967746,0.9162421340094262,0.035294952567164015,0.0329164569806248,0.012671868301477875,0.9994582534708127,0.9989168004309273
1249,0.019417160977136798,-1.9494025068684533,-1.9451582984410705,-2.6608804121441842,1.5833280152386386,0.043491113529562093,0.04312846737874791,0.005255756772340304,0.9990699704073907,0.9981408057698244
1250,0.020791198688152587,-1.9332405676018427,-1.9448722953915476,13.501058854466397,1.8693310647615036,0.053269530678474626,0.049160734220862506,0.020256741347018267,0.9987918908706543,0.9975852412689771
1251,0.02369211301500338,-1.9253835838557494,-1.9441580683376907,21.358042600559735,2.583558118618434,0.06259119597578744,0.06030719460767743,0.019102741059858354,0.9981815306237186,0.9963663680783097
1252,0.01692502867731064,-1.9519243223430045,-1.9460246577749973,-5.182695886695399,0.7169686813117693,0.04030221634155899,0.03747250795604919,0.014637846844737824,0.9992979269341217,0.9985963467748332
1253,0.023622934880329925,-1.925515163021762,-1.945954966992695,21.22646343454715,0.7866594636141144,0.046384236723742055,0.037014197204218155,0.0283366134929705,0.9993149849251879,0.9986304390960284
1254,0.01927075084522986,-1.9675886790955903,-1.9451846271570907,-20.847052639281216,1.5569992992183757,0.05255885365135965,0.04537851886239902,0.025695843053887148,0.9989703954830456,0.9979418510515524
1255,0.016543386735799,-1.9273660972533555,-1.945946981290141,19.3755292029536,0.7946451661680065,0.03684115379253294,0.03269099455909948,0.017461747399673343,0.9994656495933552,0.9989315847170674
1256,0.016459200000964354,-1.930477999654108,-1.9461677957368793,16.26362680220117,0.5738307194298464,0.03423891833129846,0.03149491301571283,0.013662649743003682,0.9995040595561965,0.9990083650693168
1257,0.020882725735595846,-1.9515822229838011,-1.9466222781034925,-4.840596527492025,0.11934835281657286,0.03078422726997583,0.015159391381248156,0.02695434210382437,0.999885096481499,0.9997702061658167
1258,0.024285913252417288,-1.9323995333019857,-1.946287849652127,14.342093154323443,0.4537768041821266,0.03126853541440338,0.028755566416042024,0.012507855301769299,0.9995865979757373,0.9991733668527083
1259,0.027410636266731975,-1.9584404742250048,-1.9445523832515386,-11.698847768695675,2.1892432047705412,0.07058367488705779,0.0632821493811839,0.03000576249656061,0.997997687589267,0.9959993844335242
1260,0.017341192988875244,-1.9459724262373983,-1.9462283038032193,0.7692002189108038,0.5133226530897872,0.03130892962939865,0.03126251223262889,0.0019377953968363715,0.9995113276849384,0.9990228941705084
1261,0.014958556054454977,-1.942867321652553,-1.9454271987414462,3.874304803756168,1.314427714862898,0.04217464006963067,0.040024664537054874,0.013220881674457263,0.9991990182552432,0.9983986780822417
1262,0.025049134329847955,-1.972322441328976,-1.9436169759742346,-25.580814872666835,3.1246504820745535,0.06388022979777179,0.059727958794080535,0.02101038174926852,0.9982165202895349,0.9964362213789474
1263,0.01782501631722147,-1.9197714694940042,-1.9450598047498324,26.97015696230487,1.6818217064766827,0.052588402272246884,0.046888105848836674,0.024890068400870182,0.9989007527803677,0.9978027139051853
1264,0.019813413804349058,-1.9500026925035956,-1.9462939527185907,-3.261066047286487,0.44767373771836816,0.030576073877591512,0.02761433549378178,0.013466711560362478,0.9996187243070841,0.9992375939853222
1265,0.012729265542976131,-1.9486173048363484,-1.9463472139914881,-1.875678380039325,0.39441246482097014,0.023520992107249932,0.022747538175569806,0.006015498483085184,0.9997412774101422,0.9994826217576629
1266,0.023797432297356508,-1.9719302285524962,-1.9453635995337517,-25.188602096187118,1.378026922557396,0.05177026412554752,0.04612757338869082,0.022790788161009344,0.9989363211260397,0.9978737736648263
1267,0.012159513800918856,-1.958871408748699,-1.946209622881028,-12.129782292389812,0.5320035752811592,0.029001764738529646,0.024682803306872742,0.015199697307841403,0.9996953881756042,0.999390869139572
1268,0.01745133230080729,-1.9287361592760328,-1.9461824951825057,18.00546718027629,0.5591312738033594,0.03751648471768557,0.028305620613664408,0.02449680001551227,0.9995993962454551,0.9991989529742784
1269,0.018434952104638684,-1.9558523428269716,-1.9449868379653228,-9.11071637066252,1.7547884909863143,0.05314319530312369,0.04775867345672917,0.02246696571079417,0.9988596744389125,0.9977206492202104
1270,0.018728536668062977,-1.9522563004040785,-1.9443685966548172,-5.5146739477693885,2.3730298014918993,0.05772150758391285,0.05232966852418697,0.024305146373762087,0.998630873442641,0.9972636213928121
1271,0.02029473384905986,-1.9579412128837064,-1.9465881423853133,-11.199586427397268,0.15348407099580186,0.020448055281066996,0.014401185253776302,0.014593538775773348,0.9998963047467038,0.999792620246113
1272,0.01702444453620179,-1.9572037801385267,-1.9464974222402243,-10.46215368221759,0.24420421608484233,0.019710558530972644,0.017394968820025124,0.009211390136673206,0.9998487099613417,0.9996974428113592
1273,0.025279927548947062,-1.9487840865299295,-1.9457765954952293,-2.0424600736204113,0.9650309610798047,0.034608962363633006,0.03301877536326915,0.010133172800263473,0.9994549128842243,0.9989101228884123
1274,0.016312503490121845,-1.9634563358353876,-1.9460630415963658,-16.714709379078485,0.6785848599433209,0.036929047797683814,0.034164961397743054,0.013680192907996503,0.9994164230309696,0.9988331866240179
1275,0.017246398984010723,-1.9679996536991327,-1.945929613409113,-21.25802724282355,0.8120130471960252,0.04359307801818561,0.04067485083347752,0.015022085041697839,0.9991728708144645,0.9983464257716186
1276,0.023091699515783784,-1.9605859051340657,-1.9457407577314296,-13.844278677756616,1.0008687248794779,0.04909749162119008,0.043484334979693035,0.022562178623749957,0.9990545574882043,0.9981100088379516
1277,0.016441405626594817,-1.9481998998558507,-1.9453872781265045,-1.458273399541632,1.3543483298046333,0.044241561790143054,0.040263583287141545,0.018321022030716554,0.9991894474384624,0.9983795518723798
1278,0.029247301551736583,-1.9263083317542458,-1.943690031600709,20.433294702063343,3.051594855600026,0.06905779494117102,0.06683458526337381,0.019324085644604208,0.9977667781667705,0.9955385436132974
1279,0.01667418931628992,-1.9388386354145946,-1.9451957481813895,7.902991041714547,1.5458782749195876,0.04378707529552001,0.042654726071393714,0.010336035216658306,0.9990902981822888,0.9981814239219747
1280,0.018554702270848836,-1.9446543729196237,-1.9461462034326804,2.087253536685374,0.5954230236286939,0.029579440588716303,0.02680986218265748,0.012551998326959772,0.9996406248521532,0.9992813788548033
1281,0.021118602341116916,-1.9595178668975868,-1.9463565209386464,-12.776240441277675,0.3851055176626872,0.025181114819430868,0.02179143083577274,0.012453253751530141,0.9997625667882669,0.9995251899510639
1282,0.020111988828659527,-1.9548832932931928,-1.9462717319935676,-8.141666836883665,0.4698944627414825,0.03195838170822582,0.026678136139649488,0.01759179815283248,0.999644138766752,0.9992884041707213
1283,0.018967024181869813,-1.9611358971044945,-1.945929840269559,-14.394270648185437,0.8117861867500409,0.03361873773995372,0.03140175587479349,0.011651871705867694,0.9995069672844741,0.9990141776502067
1284,0.014393199459830145,-1.9652940169589124,-1.946107782479212,-18.552390502603266,0.6338439770972037,0.03295429474879909,0.02864662425667274,0.0159821014966743,0.9995896989673477,0.9991795662816328
1285,0.017379559432154135,-1.9272242570579905,-1.9460966904122114,19.517369398318607,0.6449360440976548,0.0353286826696355,0.02959293945087565,0.019363522051785924,0.9995621735514864,0.9991245387949718
1286,0.015956875508520568,-1.9409763991265863,-1.9464066686423418,5.765227329722844,0.33495781396730706,0.021261467838681648,0.0196086997037015,0.008265155775906422,0.9998077563436856,0.9996155496449945
1287,0.01957733571145745,-1.9232152894740346,-1.9458649216081436,23.526336982274465,0.8767048481654882,0.04517319602927808,0.04066320966516215,0.020312199240850298,0.9991732523976246,0.9983471883068471
1288,0.01776438853770109,-1.951732395350643,-1.944270090047748,-4.990768894333808,2.4715364085610148,0.058094230952680646,0.052640886125622045,0.024197701631559987,0.9986149046578187,0.9972317278047442
1289,0.022623532607023156,-1.9520432229344704,-1.944882091308912,-5.301596478161308,1.8595351473971178,0.06064656462490006,0.05299229165090222,0.028363558838763497,0.9985959149756468,0.9971938014060493
1290,0.019628327903178176,-1.9437657029439668,-1.945134832237304,2.9759235123423267,1.6067942190050033,0.0472749300338636,0.044272327793915676,0.016792069735443567,0.999020036896,0.9980410341196853
1291,0.01771021428024699,-1.9623182663388075,-1.9462019987922343,-15.576639882498355,0.5396276640747821,0.030993675457917216,0.025613444030651685,0.01736251162706595,0.9996719782366691,0.9993440640716154
1292,0.022531475523766907,-1.9491506176294615,-1.9457134806641563,-2.4089911731524083,1.0281457921528236,0.048268101058061265,0.04487241646093074,0.01689728499641294,0.9989933039510115,0.997987621338958
1293,0.020163709895298455,-1.9464164888852344,-1.9448241447459542,0.3251375710746629,1.9174817103548847,0.05419205525326847,0.05192974367190196,0.015110614613575468,0.9986516882975424,0.9973051945395317
1294,0.019022256237941966,-1.960778010349167,-1.9461207729980445,-14.036383892857884,0.6208534582645697,0.03431399607167676,0.027163852833639316,0.02113165663761357,0.9996310819279068,0.9992622999563576
1295,0.022078261226211683,-1.959952130481496,-1.9462964085963537,-13.210504025186864,0.44521785995543794,0.03067200442296764,0.025165576947094915,0.017563760303534095,0.999683350415257,0.9993668010974736
1296,0.01590186722333927,-1.9451059173802394,-1.9463692194599795,1.6357090760696913,0.3724069963295662,0.02631958557904921,0.021355127650690836,0.015584198639968658,0.9997719808601216,0.9995440137129714
1297,0.019659530787754037,-1.951799315308622,-1.944865083809648,-5.057688852312836,1.8765426466611501,0.05311797753288697,0.050711143610702475,0.015835714319221678,0.9987144859277883,0.9974306244020065
1298,0.02180934615776347,-1.9545676478624567,-1.9465321852527102,-7.826021406147632,0.2094412035988924,0.018599159713798462,0.01605159168376581,0.009390610150570638,0.9998711763524514,0.9997423693004349
1299,0.015215696105137148,-1.960946925798172,-1.9457349629993599,-14.205299341862876,1.0066634569492194,0.03830491351680127,0.03530631234979558,0.014236985179454225,0.9993767428144629,0.9987538740784451
1300,0.025008001496768975,-1.946853105549878,-1.9445549636143438,-0.11147909356878927,2.1866628419653367,0.06166579516029695,0.05596916413719709,0.02563819428606473,0.998434118697449,0.9968706893791517
1301,0.020947016149772728,-1.9680094018460605,-1.9456908006699207,-21.267775389751442,1.0508257863883763,0.04075796925595175,0.03502942426055807,0.020634042750997665,0.9993864703441817,0.998773317107002
1302,0.020492422551730068,-1.9407447737979775,-1.946185497065889,5.996852658331608,0.556129390420157,0.032196174608084695,0.026213059330725354,0.01873171114046978,0.9996564596645681,0.9993130373490982
1303,0.016160595145099547,-1.9761095096640229,-1.9459993621083453,-29.367883207713774,0.7422643479637614,0.03986488053551475,0.034081071121308905,0.020325002779827506,0.999419314619547,0.9988389664346051
1304,0.015887164888110906,-1.9577501641717918,-1.9465280001798095,-11.008537715482714,0.21362627649956778,0.028754793810562892,0.019328368187916837,0.021405910865926758,0.999813210324602,0.9996264555395868
1305,0.02732680445117709,-1.9593197206296147,-1.9421564176205297,-12.578094173305576,4.585208835779397,0.08179450730548946,0.07767058701720646,0.022813791070315316,0.9969836696476095,0.9939764375440139
1306,0.027280989257910525,-1.949690813057362,-1.943949692213126,-2.949186601052922,2.791934243183025,0.07093501870275797,0.06428611331752718,0.02836221143088103,0.9979340735309584,0.9958724151140923
1307,0.02716187676678865,-1.9066276439278187,-1.9466323560050214,40.11398252849041,0.10927045128772406,0.03439635545485015,0.014163975591138567,0.03074388739245572,0.9998996931402782,0.9997993963420224
1308,0.024374877071982694,-1.9789604816750976,-1.9448626320106144,-32.21885521878853,1.878994445694726,0.06694067326151028,0.059441002955048006,0.029708659280586816,0.9982333836206897,0.9964698881748111
1309,0.019392358873388298,-1.9476392214432126,-1.9460370196795356,-0.8975949869034494,0.7046067767735309,0.03667942475746806,0.03312937245970995,0.016083355340226726,0.999451237182099,0.9989027755048284
1310,0.015181042987944298,-1.947137677885198,-1.9464280895123858,-0.39605142888898826,0.31353694392333153,0.025215483609459906,0.023304016292266378,0.009873467995086689,0.9997284629422446,0.999456999616863
1311,0.015458954743583402,-1.9397939610567023,-1.9459744372031313,6.947665399606784,0.767189253177758,0.03242753961279275,0.031770436160701555,0.00676055961071268,0.9994953349459332,0.9989909245786832
1312,0.021878436966352045,-1.959841900594897,-1.9462156290792516,-13.100274138587942,0.5259973770574966,0.029581642239164475,0.02630932846140265,0.013299888805926165,0.9996539239176854,0.9993079676040255
1313,0.01978220317325631,-1.95937329821849,-1.9458065501502764,-12.63167176218083,0.9350763060327338,0.04082450050087074,0.03341193890297594,0.023530365743013867,0.9994418212138974,0.998883953991352
1314,0.02690186722335145,-1.9700540559939002,-1.9461561863982901,-23.31242953759105,0.5854400580189711,0.03130645816105459,0.026275511014158114,0.016867995612994388,0.9996548177689175,0.9993097546886077
1315,0.022315002900866337,-1.9279519609411622,-1.945848020528161,18.789665515146936,0.8936059281481334,0.03999923954804056,0.03838017618026306,0.011974620286255464,0.9992635146093726,0.9985275716294757
1316,0.025929382703051156,-1.941060846216678,-1.9458500029774262,5.680780239631034,0.8916234788829414,0.03536262126996118,0.033207298565260925,0.012082735627745936,0.9994486607854471,0.9988976255458237
1317,0.012244848360829863,-1.9511586859851622,-1.9465977093320672,-4.417059528853073,0.14391712424188796,0.02003806490088031,0.015482790623828646,0.012723082655158736,0.999880144112355,0.9997603025901439
1318,0.023795820291482757,-1.9327916040673234,-1.9434817963038384,13.950022388985683,3.2598301524706663,0.0738602242505638,0.06799258474129047,0.02969147483706388,0.9976896335745153,0.9953846049420507
1319,0.022382411938090555,-1.970497485200842,-1.9463727631718373,-23.755858744532787,0.36886328447183203,0.028944058858192984,0.022428919928556435,0.018327710720381803,0.9997484837348788,0.9994970307301893
1320,0.02573607299470928,-1.994791921480392,-1.9461975320951634,-48.05029502408287,0.5440943611456639,0.05067928387287623,0.029859509987377127,0.04155217886284657,0.9995542117821598,0.9991086222914547
1321,0.023904606793318836,-1.9466900120041302,-1.94496263460149,0.051614452178938564,1.778991854819001,0.050722315173037436,0.04828959332067661,0.014757814108125902,0.9988340585873854,0.9976694765941484
1322,0.0225382377449763,-1.9496795292670785,-1.946179075356939,-2.937902810769444,0.56255109937009,0.03652631323150227,0.027038265520839974,0.02485728521480172,0.9996344710685116,0.9992690757484228
1323,0.02305295646845506,-1.9443411044036656,-1.9451039096598997,2.4005220526435167,1.6377167964094497,0.057493500745418966,0.048541543429798474,0.03152181222978784,0.9988220434151766,0.9976454744120689
1324,0.025361614872930288,-1.9475990270165477,-1.9433354078954135,-0.8574005602386414,3.406218560895624,0.06623855124926635,0.0638361919582483,0.018163298406401872,0.9979633069626591,0.9959307620438466
1325,0.021653900003468386,-1.9346778194061416,-1.9466405669618607,12.063807050167519,0.10105949444838558,0.021246408748681108,0.013861339044303573,0.01605790811407257,0.9999039319790144,0.9998078731870934
1326,0.017999089685696662,-1.9595775412041834,-1.9453150550736742,-12.835914747874266,1.4265713826349113,0.04690856281768026,0.0447955506556858,0.013606530794070988,0.9989967680010834,0.9979945424766105
1327,0.022064142679315182,-1.925539438469272,-1.9461428220563988,21.202187987037213,0.5988043999103354,0.03778067519173671,0.027288883440733176,0.02599010802690128,0.9996276598358077,0.9992554583088132
1328,0.021921736125455168,-1.9326645195768182,-1.9460938211153789,14.07710687949093,0.6478053409302298,0.030868505221221015,0.028972743660506787,0.010908075460410033,0.999580291430271,0.9991607590158256
1329,0.021940410982502538,-1.9074753709673427,-1.9457145590762799,39.26625548896645,1.027067380029223,0.049499389985104614,0.042406518735065804,0.026067945474279236,0.999100986206992,0.998202780639784
1330,0.02129820616677448,-1.9031228091169974,-1.944787504418388,43.61881733931172,1.9541220379211133,0.06454190933779451,0.05903855582190873,0.027726586343255387,0.9982575194629808,0.9965180751643835
1331,0.023570462404693505,-1.9219900588994545,-1.9455423935951683,24.751567556854592,1.1992328611407643,0.050785143557602754,0.04782192000031642,0.01739409963177167,0.9988565666146025,0.997714440669112
1332,0.01311174866951116,-1.9428296576742563,-1.9463276899281625,3.9119687820527993,0.41393652814658566,0.02581307082928769,0.02405508910280481,0.009489101445869346,0.9997106783167587,0.9994214403405539
1333,0.014742881435782234,-1.9558290473265532,-1.9464411998328879,-9.087420870244056,0.30042662342122384,0.0260452326573839,0.020725894428312814,0.01591722627375761,0.999785219892606,0.9995704859157066
1334,0.016349172999137643,-1.9333470329933469,-1.9462273643834884,13.394593462962234,0.5142620728206815,0.027912403604516772,0.02524937128501068,0.012064636101018529,0.9996812428687251,0.9993625873435589
1335,0.021664575215077336,-1.9367026750338463,-1.94531791526196,10.038951422462805,1.423711194349142,0.0480330945211768,0.04731789474659535,0.008392368438051358,0.9988805749631247,0.9977624030386625
1336,0.01790420810414856,-1.9672099638798606,-1.9457296712698156,-20.468337423551475,1.0119551864935517,0.04100585438532064,0.037800065164752185,0.015356231674795657,0.9992856696117529,0.9985718494914094
1337,0.024955685101155756,-1.9356958314133628,-1.9459173182992504,11.045795042946338,0.8243081570586952,0.03504024949405999,0.03294512806494941,0.012363789073338299,0.9994573279010283,0.9989149502950635
1338,0.020253958583514548,-1.9001504526930384,-1.9455143060182982,46.59117376327071,1.2273204380108815,0.054720632633639577,0.04627180547980956,0.029822787009265217,0.9989297279816337,0.9978606014454607
1339,0.025746797673170105,-1.9375201525021628,-1.9458574455173323,9.221473954146298,0.8841809389767974,0.04222251342822864,0.04121656875159563,0.009381604886691867,0.9991506458000641,0.9983020130026851
1340,0.0169223067210357,-1.9618273620279962,-1.9462366423230486,-15.085735571687131,0.5049841332604998,0.03772977803304093,0.028802631605405134,0.02434044695563332,0.9995852216840043,0.99917061540906
1341,0.02973364453721931,-1.936469843133567,-1.9456238246905768,10.271783322742145,1.1178017657322847,0.03800616054611286,0.035840956785344366,0.012751475169563799,0.9993577233885894,0.9987158592964244
1342,0.014938290876393166,-1.9740863976622502,-1.945850471437417,-27.344771205941143,0.8911550188921424,0.04153754227932096,0.03633377150105401,0.019888186298654752,0.9993399447381065,0.9986803251491617
1343,0.021020314046273726,-1.9373569441147052,-1.94551750044226,9.384682341603945,1.2241260140490873,0.042496031676804005,0.040089577285528456,0.014679716763275761,0.9991964942081789,0.9983936340379153
1344,0.022080602106997055,-1.963598338859544,-1.946466478353192,-16.85671240323483,0.2751481031171288,0.027356991559483342,0.021035303737577064,0.017449017945145244,0.9997787606276933,0.9995575702022466
1345,0.025259988056974114,-1.9177352460140058,-1.9454097702298954,29.006380442303303,1.3318562264137412,0.056532526064076806,0.05201949350735533,0.023458019444318006,0.9986471885476477,0.9972962071941209
1346,0.020779833686218715,-1.9575815013123312,-1.9459451458256283,-10.839874856022114,0.7964806306808292,0.03983263384766035,0.03615378780614032,0.01618412738611512,0.9993464534546311,0.9986933340323493
1347,0.023133695020346602,-1.9656497094224343,-1.945919707455013,-18.908082966125228,0.8219190012961342,0.03670021988051336,0.031827601566634015,0.018082719271448135,0.9994935019896488,0.9989872605195321
1348,0.023126843997051626,-1.9742236930047972,-1.9457468138511274,-27.48206654848806,0.9948126051817496,0.04392380850982587,0.038704476980153356,0.02006462043623055,0.9992509926638194,0.9985025463396285
1349,0.02072126404623664,-1.9495880761286954,-1.9447407457876256,-2.846449672386342,2.0008806686835356,0.057394502220705586,0.051123150354072874,0.0256433984097272,0.9986935582456761,0.9973888232814095
1350,0.03224960131082602,-1.941104827434377,-1.944510159513061,5.636799021932148,2.2314669432481615,0.05918119574831022,0.05889591291216828,0.008098553096078306,0.998265682959792,0.99653437377518
1351,0.01772089273876157,-1.9434880248000892,-1.9453235016157662,3.2536016562199066,1.4181248405429336,0.051296606766023115,0.04146124812619302,0.030358274358072417,0.9991405639488113,0.9982818665279488
1352,0.01682963282227863,-1.9479175545336556,-1.9463154242594596,-1.1759280773464553,0.4262021968495233,0.02612640578005587,0.023377135224528736,0.011760449481206131,0.9997267553522359,0.9994535853671093
1353,0.019771214827641038,-1.9575750144837822,-1.9451746045720506,-10.833388027473134,1.5670218842585015,0.05216308111843175,0.046532291269362536,0.02270258902085846,0.9989173985227213,0.9978359690714013
1354,0.02754257028417261,-1.9110385714082778,-1.9458645824495295,35.70305504803129,0.8770440067795704,0.05003357833615361,0.038438269203594166,0.03200459701745988,0.9992612751142521,0.9985230959429611
1355,0.018136284405481748,-1.9557166439680025,-1.9464713228021846,-8.975017511693384,0.2703036541245041,0.02432546474418457,0.021433991301689846,0.011410581854138787,0.9997703003775903,0.9995406535170971
1356,0.02350236561416406,-1.9404640511921076,-1.9454921937449499,6.277575264201474,1.249432711359244,0.043018248365404126,0.03797238951250871,0.01995040706978184,0.9992791398479463,0.9985587993352513
1357,0.01476229291433188,-1.9351683030400115,-1.946134355909751,11.573323416297576,0.6072705465580697,0.02786285332473157,0.026198722340391663,0.009670286151402096,0.9996568202120432,0.9993137581964532
1358,0.017602134568259514,-1.9635312265457372,-1.9456869044033998,-16.78960008942809,1.0547220529093515,0.04060841467517243,0.03667149247114384,0.017170036924829272,0.9993276012744753,0.9986556546689966
1359,0.02608849718892519,-1.9604447358221655,-1.9442363967709266,-13.703109365856392,2.5052296853824707,0.06757385469004436,0.062179069465118704,0.02504946616696646,0.9980668833225719,0.9961375035852323
1360,0.016675891348791744,-1.912807381669803,-1.9459308288873365,33.934244786506085,0.810797568972621,0.04709081301177541,0.04002823378848806,0.025054358787444508,0.9991990261711997,0.9983986939014738
1361,0.027593426281668103,-1.9317006559386491,-1.9446335464414248,15.040970517659957,2.1080800148842727,0.06155506390161646,0.06008297779040134,0.01575908824297901,0.9981950593512272,0.9963933765132
1362,0.014761206471944382,-1.9607810173181914,-1.9462317535839826,-14.039390861882328,0.5098728723265111,0.029927932783401216,0.027428974737322,0.011625617456720307,0.9996238391259891,0.9992478197489812
1363,0.02088427489821784,-1.9282568763954522,-1.945505444715952,18.484750060856925,1.2361817403570008,0.04255064580731005,0.04069552263264414,0.013136422239331374,0.9991719615364331,0.9983446087205633
1364,0.027134362474895535,-1.9299332751208291,-1.9424984715369191,16.808351335479976,4.24315491938998,0.08000625970550294,0.07926906307917189,0.012943420886689892,0.9968594393989255,0.99372874191874
1365,0.021997991953257245,-1.9681466774289225,-1.9455337280262415,-21.40505097261336,1.2078984300676332,0.04306752394150984,0.03789796695309292,0.02022392620140807,0.9992818991357869,0.998564313940425
1366,0.022424626115361546,-1.9675032252232618,-1.9452839519480276,-20.761598766952716,1.4576745082814924,0.05217780114053329,0.049132602871721304,0.016709953418546707,0.9987931182108214,0.9975876929852958
1367,0.016862431324504275,-1.9491321435274178,-1.9461895146282833,-2.390517071108711,0.5521118280258364,0.03201375328308671,0.028635328137426485,0.014485399657931435,0.999590008994708,0.9991801860820403
1368,0.018053355157602924,-1.9234846505813723,-1.9463342594987927,23.256975874936803,0.4073669575164196,0.031963499600139285,0.022646981929036098,0.022330868679923736,0.9997435645715579,0.9994871949022447
1369,0.019687695547436865,-1.957984512103539,-1.9450980605308936,-11.242885647229972,1.64356592541548,0.04639587758363062,0.044979295130546146,0.010742673689542947,0.9989884547169317,0.997977932657723
1370,0.021803551797401996,-1.9590677616603231,-1.9459296205904264,-12.326135204014044,0.8120058658827034,0.04359983438689896,0.03472759182619506,0.026605845654667684,0.9993970734579516,0.9987945104363183
1371,0.02021677744930835,-1.9266543788142438,-1.9450840630483521,20.087247642065265,1.6575634079569745,0.05391724607330591,0.051590666146247195,0.015675211290441998,0.9986692390341358,0.99734024899302
1372,0.015902684862718022,-1.9475566447412038,-1.9463370524218113,-0.8150182848947196,0.4045740344977844,0.025125368112169925,0.024865375544262946,0.00350177040937866,0.9996908694079382,0.9993818343775993
1373,0.016405951258208207,-1.9757820726892852,-1.9460082383721315,-29.04044623297608,0.7333880841775553,0.04068828772983276,0.03202593508904606,0.024887652159253492,0.9994871718442343,0.998974606681186
1374,0.019970116221072913,-1.9452929786470599,-1.9449908842803774,1.4486478092492483,1.750742175931741,0.050885559232579675,0.04648512465798463,0.02053687513352506,0.9989196229781174,0.9978404131707442
1375,0.01695097738164828,-1.9467224442861,-1.9461658365508023,0.019182170209131044,0.5757899055067739,0.035151849510222086,0.02773340158141659,0.021459072673347315,0.999615430453896,0.9992310088015278
1376,0.012322605708480634,-1.958031825988041,-1.9464216102842566,-11.290199531731826,0.3200161720524619,0.027100575310318595,0.022913825551849877,0.014314136893295415,0.9997374815673775,0.9994750320506826
1377,0.019614089550270407,-1.9640768952304304,-1.9455210463721941,-17.335268774121282,1.2205800841149639,0.04949736554129889,0.038968126727850466,0.03072577377788876,0.9992408289180195,0.9984822341767706
1378,0.01183085061133194,-1.9398120432773578,-1.945781580750049,6.929583178951315,0.9600457062601819,0.03470107360673029,0.034096337140503606,0.006483867846432387,0.999418778666681,0.9988378951516004
1379,0.02032941169965458,-1.957250256715507,-1.946244950028978,-10.508630259197904,0.49667642733108863,0.028402216799076355,0.024026339142497393,0.015146831954240504,0.9997113876294573,0.9994228585560151
1380,0.020095214415622155,-1.9663963619721214,-1.9435425619662394,-19.654735515812316,3.1990644900696807,0.07476723964638843,0.07094720885375541,0.022160654892173247,0.9974847829514264,0.9949758922196542
1381,0.020812549710022214,-1.9559198718919528,-1.9454901265102469,-9.178245435643717,1.2514999460622178,0.05023279464748764,0.0424146519917444,0.02625223390494609,0.9991004987333696,0.9982018065692678
1382,0.013899209896732831,-1.9629279724989959,-1.9464325262083884,-16.18634604268676,0.3091002479207461,0.02335805339032895,0.019787958764956544,0.01229864394963927,0.9998042257569103,0.9996084898413748
1383,0.015441031670826803,-1.9414838941077799,-1.945978778245659,5.2577323485292204,0.7628482106500911,0.03674620891691753,0.0326917230923851,0.01717343049597255,0.9994656332512943,0.9989315520504108
1384,0.020865151259248767,-1.9572564711378442,-1.94535914315467,-10.514844681535074,1.382483301639148,0.048598524734698306,0.042311525556858964,0.023388438404476738,0.9991049169905081,0.9982106351546101
1385,0.024096586262385276,-1.9665306022706066,-1.946002151355066,-19.788975814297505,0.7394751012430589,0.03943471082353996,0.035712738647735366,0.01622275741820733,0.9993623137302261,0.9987250341042309
1386,0.021644792429137097,-1.9617475187193414,-1.945987383594075,-15.005892263032283,0.7542428622340225,0.035389117517322835,0.031062856766966383,0.016868260617206504,0.9995175966420397,0.9990354259970791
1387,0.01667712939897093,-1.9544752123329017,-1.9463309942076823,-7.733585876592564,0.4106322486268077,0.02829771694449841,0.026188856070657816,0.010588232430391769,0.9996570973898343,0.9993143123618687
1388,0.02316233829920883,-1.9789874437299824,-1.946118129114004,-32.24581727367326,0.6234973423051571,0.048139116954847176,0.03342486394161541,0.03499862205858961,0.9994413909222609,0.9988830938886236
1389,0.018786270819915837,-1.9323825627109457,-1.9464575146840202,14.359063745363443,0.2841117722889308,0.026000393777449574,0.019059282795231416,0.01757543012275944,0.9998183770189963,0.9996367870248999
1390,0.02600636230759153,-1.9698462672166792,-1.9432345917921283,-23.10464076037011,3.507034664180786,0.0747925877569114,0.07126862062643623,0.019972751588101228,0.9974606753754914,0.9949277989205315
1391,0.023542255298888794,-1.9469811345311576,-1.9440487804337352,-0.23950807484851566,2.6928460225739137,0.06584007683682835,0.06399177487122344,0.014448143211153477,0.9979525283323594,0.9959092488049486
1392,0.017312594704543827,-1.9218565837495174,-1.945649518340175,24.885042706791705,1.0921081161341384,0.04619791981213574,0.04319059823812899,0.016900405379753448,0.9990673444657071,0.9981355587777598
1393,0.018637607383967365,-1.9552319853922262,-1.9455785084927897,-8.490358935917097,1.1631179635194222,0.04094834140018089,0.040117925364800334,0.007754213564250125,0.9991952800050669,0.9983912075844039
1394,0.01740944585944399,-1.9364132993818737,-1.9456706242633286,10.328327074435428,1.071002192980508,0.04155041999005165,0.04118426563410763,0.00624625856013019,0.9991519281358867,0.9983045754976602
1395,0.023276681452068432,-1.930488709767945,-1.9449655862608413,16.25291668836404,1.7760401954678429,0.05473532755096545,0.05050470136573447,0.0214286208142288,0.998724707576987,0.9974510415247381
1396,0.021852050238474682,-1.9324553230225006,-1.9452629203314473,14.286303433808545,1.4787061248617839,0.047251877461227616,0.04391872930826162,0.01777487921899891,0.99903557814266,0.9980720863948389
1397,0.012805478788596215,-1.953082629542618,-1.9458368468671352,-6.341003086308916,0.9047795891738986,0.036136106950146595,0.033988972014214094,0.012397277977443362,0.9994223963842537,0.9988451263944442
1398,0.01948472588137192,-1.9435008215008664,-1.9453424453374517,3.2408049554426555,1.3991811188573955,0.049350251970971024,0.04501055239708388,0.020273787904582598,0.9989870827669317,0.9979751915351844
1399,0.014020289312862111,-1.941869062857786,-1.945807598185895,4.872563598523172,0.9340282704140002,0.03712559475867722,0.03491227513107097,0.012688561630460709,0.9993905702981224,0.9987815120008063
1400,0.019931792123951984,-1.9483485398087679,-1.9466301058612154,-1.606913352458772,0.11152059509367263,0.020328613557482316,0.0124105287887328,0.01617329131624112,0.9999229894352774,0.9998459848011818
1401,0.01904497910650438,-1.9625904451056495,-1.9462258463066193,-15.848818649340402,0.5157801496897818,0.03629810334925585,0.030699339188383544,0.019178846739311535,0.9995287990169052,0.9990578200641768
1402,0.01972173067691016,-1.9494177022933699,-1.9453968832861566,-2.676075837060754,1.3447431701525403,0.05215737850576594,0.04219215770055966,0.03016243905920074,0.9991099194002669,0.9982206310440079
1403,0.02072915647975844,-1.9235397646674077,-1.9463336690649504,23.20186178890138,0.40795739135868203,0.03507564397758735,0.02747069558727394,0.02188277089972839,0.9996226862854872,0.9992455149366136
1404,0.015252188298285035,-1.952518961761441,-1.9461559473155263,-5.777335305131803,0.5856791407827799,0.029497587569708564,0.02869215068246589,0.006614474827981417,0.999588422123833,0.9991770136440142
1405,0.025803816689998173,-1.9341087231910794,-1.9459920339805226,12.6329032652297,0.7495924757865424,0.0325978155036647,0.028946788232005072,0.015099018916803786,0.9995810633529816,0.9991623022138774
1406,0.01674197886811294,-1.9550179634417153,-1.9463416723602813,-8.276336985406196,0.399954096027777,0.035538147640652155,0.02694555630592307,0.02315883457775885,0.9996369777927221,0.9992740873705671
1407,0.02286293907682442,-1.937941043004422,-1.944802195801479,8.800583451887167,1.9394306548301543,0.053738508391994184,0.051331920264663156,0.016696248897581683,0.9986827172223748,0.9973671696786658
1408,0.01655664770946498,-1.9421197468901121,-1.94594236778296,4.621879566196974,0.7992586733491791,0.0352782661673439,0.03508485280661383,0.003924700498127184,0.999384544847457,0.9987694684799587
1409,0.028102511770940114,-1.9462765750811932,-1.9458741364247352,0.4650513751158769,0.8674900315739364,0.039184844511916055,0.03846687273932168,0.0074324889505468,0.999260207493375,0.9985209622797028
1410,0.015958842433525328,-1.9447954853615907,-1.946265749561012,1.9461410947183566,0.4758768952970449,0.029348631754846637,0.024028238772900595,0.016738213285772224,0.9997113262932267,0.9994227359189624
1411,0.021893819271564585,-1.9340037829056385,-1.9461016745664577,12.737843550670647,0.6399518898514422,0.032950738504611436,0.029742232506453355,0.014237606549206196,0.9995577408732574,0.99911567733965
1412,0.024990539330478897,-1.9414989817116337,-1.9444608495038442,5.242644744675395,2.280776952464869,0.05818410955752788,0.05497815375573513,0.018130876543896064,0.9984887062968739,0.9969796966024049
1413,0.016083370283151134,-1.9338772297979892,-1.9460344687932014,12.864396658319954,0.7071576631076937,0.03716711449770104,0.031421194936009283,0.019829965658064098,0.9995064141733039,0.999013071973576
1414,0.022292679347344805,-1.9524837241200788,-1.9451968717071997,-5.742097663769652,1.5447547491094227,0.049170782159709436,0.047550589239144424,0.01204780573382558,0.998869613707953,0.9977405051890753
1415,0.02038665958573011,-1.9217598643313025,-1.9452051429740564,24.98176212500658,1.5364834822526596,0.055917585162017745,0.0509642858879752,0.023797513089606637,0.9987015615185413,0.9974048089795727
1416,0.0145858038388592,-1.9392739705884348,-1.946187779591665,7.467655867874345,0.5538468646442141,0.02931416377919198,0.02534895409131296,0.014733955273449166,0.9996787286661817,0.9993575605476333
1417,0.021608147653465325,-1.967213589385391,-1.9455881569493554,-20.471962929081933,1.1534695069537193,0.04390698572127245,0.04016185390709949,0.017601575987677892,0.9991935318146858,0.9983877140203056
1418,0.020475684162116353,-1.9411908984986634,-1.9460280204679077,5.5507279576456625,0.7136059884014223,0.03209751591503154,0.0292418053752599,0.01336859518610689,0.9995724945437094,0.9991451718483341
1419,0.0198447281497747,-1.9632136669965272,-1.9462867587119776,-16.472040540218114,0.45486774433145527,0.02977792209210312,0.026627681910453883,0.013118904536964902,0.9996455034509132,0.9992911325696296
1420,0.02526275444677578,-1.9656273266667676,-1.9456951472557866,-18.885700210458545,1.0464792005224766,0.04648488133492124,0.044145072850090096,0.013695350816974249,0.9990256187481147,0.9980521869150534
1421,0.02655863612105351,-1.9550769604603395,-1.9462619212842396,-8.335334004030415,0.47970517206952223,0.03354608572221791,0.025290997648648825,0.02215654801633147,0.9996802051188054,0.9993605125063768
1422,0.014859893205260918,-1.9594023850789857,-1.94665450212578,-12.660758622676571,0.08712433052915358,0.016138407655289067,0.011928759219293079,0.01090189112035154,0.9999288524353513,0.9998577099326786
1423,0.01123075209745208,-1.933435791070546,-1.9465557927909727,13.305835385763132,0.1858336653364212,0.027878888453441848,0.01512037950958409,0.02320427105620859,0.999885689220234,0.9997713915074224
1424,0.017580560985379818,-1.9754965963782218,-1.945582308024935,-28.754969921912732,1.1593184313740679,0.04598749151834061,0.04083036534412716,0.020603671086726203,0.9991664407940579,0.9983335764090656
1425,0.01638509399812578,-1.933093772362137,-1.9464660873435997,13.647854094172018,0.2755391127093887,0.02503486182884868,0.01758547246329765,0.01771360935128698,0.9998453782174613,0.9996907803428183
1426,0.02098930005493061,-1.9513134888150157,-1.9455329126958143,-4.571862358706547,1.2087137604948062,0.042013541974532435,0.040904578500051865,0.009018011102787545,0.999163408902328,0.9983275176893207
1427,0.019475776837063793,-1.9439839020453753,-1.9456259725609126,2.757724410933804,1.1156538953964734,0.04761119315526912,0.04429200627155892,0.01709849701728204,0.9990191814076533,0.9980393248204178
1428,0.018414329957700405,-1.9327917989957097,-1.9466790824460893,13.949827460599362,0.06254401021976719,0.012997454991586818,0.008427655480991815,0.009868393650944395,0.9999644874727238,0.9999289762065873
1429,0.020493146328349757,-1.9361804514399157,-1.9447599986579192,10.56117501639342,1.981627798389951,0.06015571919811278,0.05968842980805419,0.00857735660037517,0.9982190327696774,0.9964412373836302
1430,0.023490450528405996,-1.9540252910941864,-1.9454758735489353,-7.2836646378773295,1.2657529073738516,0.049134149074219854,0.04764481926455385,0.011520990148420373,0.998865157389842,0.9977316026474339
1431,0.01915179928184263,-1.9319414074785113,-1.9459620450671469,14.800218977797819,0.7795813891622316,0.047369584326249395,0.03727617247892656,0.029255579967760008,0.9993052541389333,0.9986109909496782
1432,0.017364821073518142,-1.946522017388941,-1.9456387043692047,0.21960906736806507,1.1029220871043854,0.03963467724638582,0.03906967905756093,0.006576961456478244,0.9992368678374912,0.9984743180456799
1433,0.018115641397975626,-1.95436879096998,-1.9463322627319017,-7.627164513670959,0.40936372440736335,0.02581091725881287,0.024023469242032757,0.009449822379283095,0.9997114404845329,0.9994229642356597
1434,0.018844024008320075,-1.9593171908024016,-1.945860615793866,-12.575564346092527,0.8810106624430603,0.03613641820466749,0.033111192806736994,0.01427615947130036,0.9994518679142579,0.9989040362772992
1435,0.013162209600901573,-1.9573425685649448,-1.945877812228155,-10.600942108635714,0.8638142281540695,0.037227946275969634,0.03404518771412998,0.014680826645662691,0.9994205249145488,0.9988413856204723
1436,0.018480414828623455,-1.968797108093457,-1.9460687291088654,-22.055481637147878,0.6728973474436906,0.040088865775226495,0.03543593509981022,0.018322821234733506,0.999372227682883,0.9987448494638482
1437,0.0216037021782148,-1.9557151614310848,-1.945897181441407,-8.97353497477571,0.8444450149021065,0.038634907429701555,0.03744383941847764,0.008837323704040662,0.9992989849977033,0.99859846141744
1438,0.02782265070299276,-1.9320689923882595,-1.943872125247563,14.67263406804964,2.8695012087460725,0.07373859725617922,0.07253457925291225,0.01504125474320536,0.997369882294441,0.9947466821080271
1439,0.020042255298911592,-1.9506778100004476,-1.9456000521314316,-3.936183544138494,1.1415743248774923,0.04176550468102958,0.037953465518170214,0.017193087164613593,0.9992797880504106,0.9985600948060736
1440,0.020968524476258136,-1.943054821431056,-1.9460436164623391,3.6868050252532036,0.6980099939699613,0.03846184050481539,0.037632671967059134,0.007796978661635594,0.999291934320698,0.9985843699984022
1441,0.01854020467002044,-1.9336337880017582,-1.9446882446146698,13.10783845455088,2.053381841639279,0.05058846113544796,0.0493360287521093,0.012014924635635383,0.9987830034394393,0.9975674879595069
1442,0.023411497712842216,-1.9419015348121496,-1.9454905745504851,4.84009164415955,1.2510519058239744,0.04370837947659421,0.04283169536405903,0.008880043580974105,0.9990827718890753,0.9981663850855582
1443,0.024936323951334133,-1.9811163750182865,-1.9450455691023414,-34.37474856197742,1.696057353967717,0.05420147969515849,0.04413537257327105,0.031061808901768753,0.9990260838461398,0.9980531162049543
1444,0.03095604266864549,-1.9242551490847208,-1.941928243771527,22.486477371588265,4.813382684782042,0.08003011525524939,0.07847221202650473,0.01747061745474377,0.9969220211536483,0.9938535162610751
1445,0.025267147180931534,-1.9655022908732735,-1.9448154126264272,-18.760664416964445,1.9262138298818954,0.05599909279165442,0.05379194079904498,0.014341320162383951,0.9985536210941769,0.997109334200293
1446,0.020621538300222616,-1.9518422999646974,-1.945955340682447,-5.100673508388276,0.7862857738620832,0.04108132215643672,0.035239015749192165,0.020811685635719158,0.9993791728125194,0.9987587310514355
1447,0.020078950167320885,-1.9279630647151238,-1.9452940465791275,18.778561741185307,1.4475798771815818,0.05032030656266303,0.040765444094186594,0.02952357820878084,0.999169129118875,0.9983389485841712
1448,0.02727433222613511,-1.978026455890172,-1.9460973040869936,-31.284829433862793,0.6443223693155531,0.05101356757592716,0.035996061405476294,0.0367112341661241,0.9993522272564681,0.9987048741224634
1449,0.019039430800620184,-1.967900970314808,-1.9464896431355048,-21.159343858498936,0.2519833208043387,0.031683373461991744,0.02122895650193688,0.02371052330190128,0.9997746764435411,0.9995494036577873
1450,0.02461084345342724,-1.9391951097953315,-1.9461181056527128,7.546516660977609,0.6235208035962891,0.03388889336213178,0.031668573040586075,0.01251896026034112,0.9994985743192127,0.9989974000661388
1451,0.017651774548439907,-1.9614046008708421,-1.94612522855067,-14.662974414533014,0.6163979056390545,0.0287898482340782,0.026597783759137197,0.010733665694905824,0.999646298319586,0.9992927217440506
1452,0.01670216901348804,-1.9554837382518293,-1.9461568725549145,-8.742111795520202,0.5847539013945635,0.0341189004889282,0.033248133823614266,0.007289352663302934,0.9994472840449564,0.9988948735848397
1453,0.024015956773574782,-1.9661869736935855,-1.9458821563986601,-19.445347237276422,0.85947005764897,0.03891217071286446,0.03489122908515591,0.017185068642574592,0.9993913606966904,0.9987830918351824
1454,0.016790313733188098,-1.945817913131475,-1.9458786979661788,0.9237133248340967,0.8629284901302547,0.03588007766810944,0.03280326054139993,0.014656937299449715,0.9994620018794437,0.9989242932008651
1455,0.024483556960587828,-1.9279240619084617,-1.9435333922798665,18.817564547847443,3.2082341764425593,0.07447243874860673,0.07089884461548368,0.023301995670972072,0.9974874651633846,0.9949812431580745
1456,0.01900150539264548,-1.931260897350698,-1.9458915483070045,15.480729105611157,0.8500781493046006,0.03736266540364588,0.03591868185830434,0.010944586527137456,0.9993549242869607,0.998710264696597
1457,0.019552891175272168,-1.9301927604100741,-1.945911900031667,16.548866046234956,0.8297264246421854,0.035385902832222746,0.03305825540443564,0.012990380286966155,0.9994536318946053,0.9989075623073173
1458,0.017481320044663903,-1.9479015145792882,-1.946382896822408,-1.1598881229790692,0.35872963390115586,0.026212017067026968,0.024559918281799088,0.00914657050483944,0.9996984173610357,0.9993969256741595
1459,0.018084938519026844,-1.9541470463662998,-1.9449185709057397,-7.405419909990663,1.8230555505693857,0.04967762890821792,0.0483300891870003,0.011217999688001464,0.9988322392880985,0.9976658422412773
1460,0.019388006073089346,-1.9180989061516953,-1.94637369989743,28.64272030461379,0.3679265588791836,0.028024723065580997,0.02092834950258666,0.01868108637767075,0.9997810106565135,0.9995620692693595
1461,0.018687471776469056,-1.958326654148611,-1.9463269234690272,-11.585027692301963,0.4147029872818564,0.031269289410995216,0.025254658737413154,0.01844202852183024,0.9996811236715248,0.9993623490251625
1462,0.020563413804388392,-1.927045348405245,-1.9459946372914414,19.69627805106411,0.7469891648677063,0.03611611706394441,0.031470983634578356,0.01759002882317136,0.9995047892887261,0.9990098238111008
1463,0.018073868492023252,-1.932807956552481,-1.9462605215792539,13.93366990382816,0.4811048770552162,0.032304456882676184,0.029603909662685043,0.013068838710841897,0.9995618109531054,0.9991238139158516
1464,0.02454647940085898,-1.9584909314566168,-1.9454221913847547,-11.749305000307686,1.319435071554409,0.0423494039103625,0.039913183868557044,0.013536530583942094,0.9992034711770282,0.9984075768122223
1465,0.02660795101360814,-1.9279151459621653,-1.9437402022115176,18.826480494143816,3.0014242447915507,0.06940089766380954,0.06658305260237857,0.020886112952150728,0.9977835271002411,0.9955719669525975
1466,0.02102755928634721,-1.9377805690870422,-1.9430914958781702,8.96105736926689,3.6501305781388993,0.07175578072589127,0.07133383805423561,0.008893952889463704,0.9974572536721047,0.9949209729030974
1467,0.023155842195144317,-1.9519305208488242,-1.9451419279071327,-5.188894392515131,1.5996985491764093,0.0501044612225951,0.04499369457963282,0.021309138180602226,0.9989878876304558,0.9979767996323601
1468,0.023082971594040234,-1.9465414293217396,-1.9457469764005928,0.20019713456953525,0.9946500557163063,0.0458891271319031,0.04554802700521377,0.005128536438400352,0.9989629104400486,0.9979268964348526
1469,0.02056931457956688,-1.9569928728896053,-1.9464457150262973,-10.251246433296224,0.2959114300118415,0.021394103867909436,0.020039947658488298,0.00729250731915987,0.999799200257159,0.9995984408348546
1470,0.01896684393031018,-1.9320179879018855,-1.9465540757577677,14.723638554423601,0.18755069854137218,0.028050280848902348,0.0189363030073268,0.020479060091957376,0.9998207124871092,0.9996414571182307
1471,0.020272280971298462,-1.9198902197307592,-1.9456050658379531,26.851406725549865,1.1365606183559862,0.047118215398352876,0.0422609264738162,0.021596409956286675,0.999107014848976,0.998214827120432
1472,0.014502428457451772,-1.9590558342485977,-1.9461322500576592,-12.314207792288645,0.6093763986498857,0.037088286043583746,0.02802679617056642,0.024163695666226264,0.9996072578770268,0.9992146700004286
1473,0.016754067646620744,-1.9333629483315329,-1.9458596845356382,13.378678124776222,0.8819419206709256,0.039336974918178585,0.036980092958165296,0.013650775005471273,0.9993163362450803,0.9986331398862904
1474,0.02579497910650889,-1.9880062656597868,-1.9444456652683735,-41.26463920347767,2.2959611879356245,0.06143422822371295,0.05211029387227467,0.031611326739793714,0.9986423626540852,0.9972865684873335
1475,0.02854592425639961,-1.9592738268724081,-1.9440136161311077,-12.532200416099037,2.7280103252014243,0.06293128370827374,0.056975576851737715,0.026121030224705803,0.9983769028433308,0.9967564401310416
1476,0.026059013323614634,-1.924230613458785,-1.9444147174017476,22.511012997524116,2.3269090545614546,0.06669880968363781,0.06294746954999135,0.02380048571458149,0.9980189032066866,0.9960417311578778
1477,0.024760301255907922,-1.969159445496796,-1.9456375850267398,-22.417819040486897,1.1040414295693246,0.051094625539645035,0.04459802718703653,0.024502951148790204,0.999005650422517,0.9980122895761162
1478,0.02420942137424123,-1.9374376432923077,-1.9460804524969715,9.303983164001384,0.6611739593376242,0.0337548300042154,0.033212130357905385,0.006415330564359037,0.9994485145243828,0.9988973331849954
1479,0.019313678696938667,-1.9310411697179688,-1.9463990029664295,15.700456738340307,0.3426234898795677,0.03181960112514292,0.022174276388956436,0.02253757321119555,0.9997541520039722,0.9995083644491816
1480,0.021307021665194537,-1.9679378129879932,-1.9454449762476258,-21.19618653168409,1.2966502086833032,0.05465124781059295,0.04150532297771769,0.035740032316717414,0.999138742800142,0.9982782273642484
1481,0.018105581526577194,-1.9579231982432608,-1.9461059518109767,-11.181571786951672,0.6356746453324291,0.03795511241441761,0.03463214251138294,0.015286667205444119,0.9994003884446847,0.9988011364233866
1482,0.016288636434129707,-1.928395525946079,-1.9444326387732953,18.346100510230112,2.3089876830137968,0.05898365681247846,0.056584207657161954,0.017429978090921398,0.9983995294431979,0.996801620392399
1483,0.018147024246775743,-1.9502446089433556,-1.9456027856775904,-3.502982487046502,1.1388407787187305,0.04371480810058895,0.04126036631748853,0.014373027455967628,0.9991489616992533,0.9982986476646959
1484,0.027280989257910504,-1.967130506906264,-1.9447034909712968,-20.388880449954794,2.0381354850123046,0.070301741172426,0.06374906576785273,0.028965037014476606,0.9979686122786418,0.995941351093358
1485,0.019118645860425602,-1.944630136857352,-1.946176290746554,2.111489598957128,0.5653357097550327,0.03799762790710272,0.03027192389156005,0.022918297368041983,0.9995418458617416,0.9990839016286975
1486,0.026474095065652042,-1.9523930889634242,-1.9422904187814962,-5.651462507115124,4.451207674812885,0.07608501788162109,0.07444423963209909,0.014766178457881406,0.9972300354356469,0.9944677435749816
1487,0.0266817947723033,-1.9473832476931354,-1.945155397853511,-0.6416212368263174,1.586228602798112,0.048515580715927376,0.04590280553826362,0.015171634066573049,0.9989465247616716,0.9978941593334208
1488,0.016504395382504932,-1.965595831578624,-1.9441642966800432,-18.854205122314838,2.577329776265902,0.062422133374789454,0.05368519969107304,0.0314171028780504,0.9985593013096283,0.9971206782319731
1489,0.012685483364968752,-1.9483144212016759,-1.9458579476821132,-1.5727947453667568,0.8836787741959284,0.041179385291542296,0.03894306216161972,0.013384293444182977,0.9992417993316209,0.9984841735314954
1490,0.014424631213591868,-1.963822433503957,-1.9462626372229799,-17.080807047647806,0.47898923332923005,0.037391040862043756,0.026590429010652353,0.0263114726355254,0.9996464866661692,0.9992930983040156
1491,0.014438091588193197,-1.9253395260066284,-1.9461706102877858,21.402100449680717,0.5710161685232862,0.03209107641248131,0.027832159289718585,0.015972925726052797,0.9996126860495455,0.9992255221111871
1492,0.021871208114477878,-1.9521519621865477,-1.9454398819192196,-5.410335730238636,1.301744537089533,0.04787998631891479,0.04540177333267858,0.01442780395625062,0.9989694635847823,0.9979399891748678
1493,0.019025595009699414,-1.960034239989828,-1.9451500860444655,-13.29261353351896,1.5915404118436172,0.046177860749626765,0.04320021116427591,0.015935091967101998,0.9990668773205316,0.9981346253589981
1494,0.027699231579220215,-1.94620617618067,-1.9457776799678645,0.535450275639171,0.9639464884445559,0.03766629843056,0.03664327773381591,0.00877772083174217,0.9993286443045999,0.9986577393276695
1495,0.00931423144378659,-1.940996999703452,-1.9465637328149834,5.74462675285714,0.1778936413256993,0.019775253055946553,0.018043777627903865,0.008183464486389612,0.9998372140168769,0.99967445453303
1496,0.017625275761157223,-1.961117677063897,-1.9452134620971202,-14.376050607587842,1.5281643591888994,0.048850195927572684,0.04695892595414008,0.012148868424672313,0.9988974433870171,0.9977961024051191
1497,0.014815645622015986,-1.941846295153902,-1.9462719360063143,4.895331302407158,0.46969044999478626,0.03349346077175322,0.029474449467493377,0.015902679302557787,0.9995656312632965,0.9991314512027923
1498,0.01595486746177501,-1.9390916178095126,-1.9463433696313481,7.650008646796547,0.39825682496097414,0.026189470586428686,0.02304567526118126,0.012538947174703285,0.9997344556573216,0.999468981828441
1499,0.017439284643880393,-1.9465744982050655,-1.9462077654710723,0.16712825124365338,0.5338609852367782,0.032748757059036564,0.032441906707495825,0.004090236423484573,0.9994737902010338,0.9989478572988201
1500,0.019244473180628344,-1.9504770497347639,-1.9457495027931218,-3.7354232784547747,0.9921236631873498,0.04484761188414268,0.04037922146896539,0.01943833846423093,0.9991847944586355,0.9983702534773456
1501,0.014865902417668678,-1.950669565924479,-1.9460694012495539,-3.9279394681699387,0.6722252067552503,0.03719255368439737,0.035378781762370845,0.010845569141358953,0.9993741729688318,0.9987487375971366
1502,0.02831858305634727,-1.939239955352283,-1.9438961912125634,7.501671104026109,2.8454352437456976,0.07552681826979943,0.07230770991804296,0.022515999511458554,0.9973857994818944,0.9947784330081377
1503,0.019148617216056305,-1.9509487925253082,-1.946038331760631,-4.207166068999069,0.7032946956782027,0.04677533900817868,0.03434126686520214,0.031934339655768716,0.999410373728947,0.9988210951170335
1504,0.02581884794886362,-1.9356502858524671,-1.9457027696278988,11.091340603841982,1.0388568284103172,0.043550668638643646,0.039965602034195344,0.017605862887118014,0.9992013831345079,0.9984034040579136
1505,0.018557021665165017,-1.9544038209253085,-1.9466319369509073,-7.662194468999406,0.10968950540179989,0.024839193179782587,0.013133408218955409,0.02116964874531463,0.999913758498515,0.9998275244346266
1506,0.019435990866582938,-1.9214797179290553,-1.9464882585865875,25.26190852725385,0.2533678697216324,0.03110314421412087,0.017467449674695087,0.02540714514167223,0.9998474447086958,0.9996949126905085
1507,0.018390858579021216,-1.9571609869742048,-1.946322473864001,-10.419360517895715,0.41915259230806967,0.029092034230652257,0.02282073676373992,0.017997756894957792,0.9997396069868467,0.9994792817782148
1508,0.01749164093573767,-1.9638859401499447,-1.9456641440100448,-17.14431369363556,1.0774824462642663,0.041104554764988095,0.03801585229623966,0.015003555253672423,0.9992774924240814,0.99855550686536
1509,0.01990712646515274,-1.9337525287208293,-1.945057969898704,12.989097735479849,1.683656557605051,0.05336826137354004,0.05216745793847398,0.012142138784003404,0.9986393316011486,0.9972805146207888
1510,0.03645413593854189,-1.9422979701451364,-1.9411088771654101,4.443656311172717,5.632749290898964,0.09652534221699789,0.09007194161927197,0.03771540940053551,0.9959452172641781,0.9919068757913908
1511,0.01610237532600764,-1.9387506718031775,-1.9460940876621378,7.990954653131599,0.6475387941713429,0.03587010489817791,0.03182828440356009,0.016258520043349576,0.999493505075327,0.9989872666877626
1512,0.020718923165448398,-1.9208021176254955,-1.9451749753955834,25.93950883081364,1.5666510607257322,0.05332232568161737,0.050772193909582555,0.01782376307770052,0.9987111600621792,0.9974239812327437
1513,0.019628104132269612,-1.9421532268152732,-1.946284728856759,4.588399641035856,0.4568975995500324,0.025764392537238646,0.025074581841966606,0.006218569932066317,0.9996856341281337,0.9993713670821688
1514,0.01471333049099938,-1.9676247719645972,-1.9458650158795343,-20.88314550828807,0.8766105767747945,0.03937378063519993,0.03542909335540771,0.016581795560191962,0.9993724095138407,0.9987452128974996
1515,0.018181835893938743,-1.9176614155987666,-1.9462847655091557,29.080210857542532,0.4568609471533591,0.035753907194961215,0.028017180359044196,0.022032772998422174,0.999607530018996,0.999215214070678
1516,0.017494473180622822,-1.951560684673112,-1.9458967114137284,-4.819058216802841,0.8449150425806629,0.04087975707502177,0.03967657743004946,0.009251253050263001,0.9992129102403927,0.998426439991075
1517,0.0184620772403361,-1.9125762336083325,-1.9461676447295118,34.16539284797659,0.5739817267973457,0.03518682166984664,0.027120797165589072,0.02250081507412564,0.9996322431088408,0.9992646214628126
1518,0.02030098954337007,-1.935281939716791,-1.9456446999900419,11.459686739518027,1.096926466267245,0.04696601067601141,0.04560223609763443,0.01154464135432541,0.9989604149595257,0.9979219106561078
1519,0.018862830013659793,-1.9302284352652428,-1.9449520221326202,16.513191191066312,1.7896043236889092,0.05197477126533641,0.047951133117596016,0.020409278747667715,0.9988504078448963,0.9977021372519157
1520,0.01310321591240141,-1.9509901226630262,-1.946491318833689,-4.248496206717078,0.2503076226201273,0.02406801104066193,0.02093362813108569,0.011898548987166484,0.9997809014048208,0.999561850813836
1521,0.01635165154938652,-1.9285699257217235,-1.9461771014252294,18.171700734585627,0.5645250310797323,0.03631045312327762,0.034321471952908224,0.012220824041364738,0.9994110943323979,0.9988225354746813
1522,0.014807485647554042,-1.9459947825738977,-1.9451461878618626,0.7468438824114187,1.5954385944465521,0.047854765454127174,0.042534432061664684,0.02193329674262402,0.9990954552830121,0.9981917287671693
1523,0.02811555382125734,-1.9344783701657462,-1.9450716700511335,12.263256290562907,1.6699564051756433,0.05847710364277946,0.057265891315414055,0.01334719993107178,0.9983605611111015,0.9967238099820734
1524,0.018659909841765236,-1.9256832058354163,-1.9458019779665292,21.058420620892804,0.9396484897798985,0.042100965508713326,0.038022318584731825,0.01879149986030921,0.9992771598887155,0.9985548422752574
1525,0.022952567702667168,-1.9183480590597035,-1.9463291031125325,28.39356739660559,0.41252334377661626,0.033691985588580664,0.025640156677674757,0.021923149135103764,0.999671297729694,0.9993427035045704
1526,0.01583383691384929,-1.9371785455953103,-1.9465221528758698,9.563080860998774,0.21947358043927778,0.02500024393703823,0.01713326728429767,0.018137006781715658,0.999853227333764,0.9997064762097436
1527,0.015501636739278124,-1.9365341813414287,-1.9464102405552268,10.207445114880365,0.3313859010822817,0.027098595316890173,0.021919607387742842,0.016063239749502554,0.9997597662187714,0.9995195901498124
1528,0.017197688702626827,-1.90674519772419,-1.9461943771497363,39.99642873211906,0.5472493065727946,0.03936169493248268,0.02931016746288589,0.02638112476753026,0.9995704594371643,0.9991411033794236
1529,0.020908694701024216,-1.9573230252690117,-1.9452464506316118,-10.581398812702592,1.4951758246972702,0.04588266137621963,0.04459447197983024,0.009709708080060884,0.9990056975370752,0.9980123837115382
1530,0.02031053656507962,-1.9546456521637154,-1.9446128984647364,-7.904025707406337,2.1287279915727098,0.05405036405182207,0.04980849039884477,0.020593738514412603,0.9987595760813543,0.9975206908142067
1531,0.017339999933230172,-1.9191387505137845,-1.9464596785894617,27.60287594252464,0.2819478668474318,0.031119909011643132,0.018524335072461654,0.024642745550161396,0.9998284247598095,0.9996568789576821
1532,0.016754844164391096,-1.9282923593040315,-1.9454060573966634,18.44926715227757,1.3355690596457137,0.0426765384734809,0.04067226195183999,0.013642742841892187,0.9991729168857346,0.9983465178379471
1533,0.02287828290869961,-1.943088908186595,-1.9449771616631997,3.652718269714139,1.7644647931094326,0.05275011733124865,0.050718218526879036,0.014111079831111418,0.9987138340696528,0.9974293223621059
1534,0.02527433222613116,-1.9754260888382837,-1.9456435239096146,-28.68446238197464,1.0981025466945127,0.04441452702889655,0.03723196496042002,0.02412497258029524,0.9993069215808286,0.9986143235193523
1535,0.01739008206133201,-1.9597316368775857,-1.9462414648355668,-12.990010421276565,0.5001616207422899,0.029105189177177544,0.025546475226992545,0.01370046222760386,0.9996736903581571,0.9993474871942966
1536,0.02190584219512591,-1.9567976195391676,-1.9449347751307398,-10.055993082858539,1.8068513255693475,0.054600563836887474,0.049306845554102564,0.022866474826697708,0.9987844605228959,0.9975703985820122
1537,0.016650050483106905,-1.9671065528829292,-1.9461714495103044,-20.364926426620134,0.5701769460046968,0.04053074891713663,0.034472704868038516,0.02096950686711546,0.9994058776040575,0.9988121081895364
1538,0.022930556722107098,-1.9414977238254163,-1.9455841580453879,5.243902630892805,1.1574684109212363,0.05036327205584924,0.04169307250642645,0.028226980661239756,0.9991309828879196,0.9982627209665802
1539,0.01715747893438936,-1.9415566243869613,-1.9451724766226486,5.185002069347799,1.5691498336605214,0.045430806160983626,0.042876509876028195,0.015116186886910327,0.9990808110525059,0.998162467013333
1540,0.02280185241332242,-1.951936549303359,-1.9437263341144184,-5.19492284704981,3.015292341890685,0.0753993993418584,0.07022126978813348,0.026159054402825743,0.9975354190131782,0.9950769121857971
1541,0.01791466279181779,-1.9740692529080988,-1.9459585791788447,-27.327626451789655,0.783047277464366,0.04085348552538347,0.03573799701815476,0.019318876106026516,0.9993614605068168,0.9987233287463181
1542,0.019540426043268735,-1.9435514568199987,-1.946142550642408,3.190169636310358,0.5990758139011731,0.034113889921094806,0.033523534317190316,0.006509550829358397,0.9994381592556356,0.9988766341762932
1543,0.019624877072004436,-1.9705397042284132,-1.9457100065347788,-23.798077772104076,1.0316199215303357,0.04733786188227278,0.03876993693038691,0.026791946182575067,0.9992484496548707,0.9984974641376626
1544,0.01853664477566172,-1.9571797698937823,-1.9461047290316837,-10.43814343747318,0.63689742462536,0.03526971394084784,0.034110488931832814,0.008381061448289205,0.9994182464433944,0.9988368313239894
1545,0.021644197100105456,-1.9612177573553276,-1.9464025267079366,-14.476130899018447,0.33909974837254,0.02379972484997139,0.020439832670041756,0.012183841676581271,0.9997911067343406,0.9995822571050775
1546,0.01955260154928197,-1.9818455801734547,-1.9464391997315158,-35.103953717145586,0.30242672479330324,0.035092246926861075,0.02431883748003193,0.025428957514023236,0.9997042999893615,0.9994086874172193
1547,0.014199784326017087,-1.9295314954447036,-1.9461325989437708,17.21013101160551,0.6090275125383293,0.03676968274005665,0.03376817785289883,0.01497683601432556,0.9994299084866812,0.998860141977696
1548,0.024718527124582643,-1.9472753802115201,-1.9452183340313376,-0.5337537552110305,1.5232924249715118,0.055155803930149266,0.05383607276068063,0.012009761373566089,0.998550992689108,0.9971040850004029
1549,0.020774709428816325,-1.9572523051806903,-1.9464527100387097,-10.510678724381162,0.28891641759942743,0.02597167385171503,0.023104987934745823,0.011684399353411446,0.9997330798577986,0.9994662309619595
1550,0.019064117945947565,-1.974659678987565,-1.9460618636957554,-27.9180525312559,0.6797627605537038,0.04094849620802318,0.029299012311669967,0.028722059888698706,0.9995707944490255,0.999141773115456
1551,0.014954908583376328,-1.9330087329404229,-1.9466561345443438,13.732893515886246,0.08549191196527417,0.014522642567388009,0.011145901305878732,0.00931855267732063,0.9999378849864072,0.9998757738310894
1552,0.017582926599535975,-1.9540813842542397,-1.9455464833533183,-7.339757797930613,1.1951431029908477,0.04430785228470387,0.04246850186278318,0.011906748853066527,0.9990982972335368,0.9981974075349527
1553,0.025574617628050394,-1.930366485055383,-1.9440331187552518,16.375141400926108,2.70850770105735,0.07519094063938246,0.07360328352687444,0.016806819360009786,0.9972913899567712,0.9945901164819088
1554,0.020118048133775837,-1.9257764399166535,-1.9456304022228232,20.965186539655623,1.1112242334858635,0.04672047183591781,0.04508659488357501,0.013249235789282336,0.9989836107747013,0.99796825459646
1555,0.01704349844724546,-1.9604295563051644,-1.9460420926001587,-13.687929848855251,0.6995338561504028,0.03741684818879107,0.03305252834348238,0.01712789328113642,0.9994537713691061,0.9989078411039294
1556,0.021081403358167904,-1.9238240936378885,-1.9449539073578903,22.91753281842057,1.787719098418794,0.052671478445539134,0.04685622938495705,0.024948593507450496,0.9989022734730713,0.9978057519496705
1557,0.023549287510951283,-1.9218103194500553,-1.9450018950542904,24.93130700625379,1.7397314020186627,0.048053013589674,0.04556929420013704,0.01620573757192176,0.9989617279839853,0.9979245339767499
1558,0.018588368490618394,-1.953830121277348,-1.9454270912392195,-7.088494821038793,1.314535217089574,0.04617265084705936,0.04050854238916788,0.02154969127389063,0.99917955165514,0.9983597764457667
1559,0.012131152401475968,-1.938355626962588,-1.94617652945913,8.385999493721208,0.5650969971791042,0.02869310345578725,0.02782224542885163,0.0072368356517195235,0.9996129768231119,0.9992261034331632
1560,0.01918822028657885,-1.9366353547878272,-1.9463414815481899,10.106271668481881,0.40014490811923764,0.024313949138242846,0.022910441721620628,0.008290976058341915,0.999737556143767,0.9994751811643118
1561,0.025471730676882888,-1.9379431937896399,-1.9455660478013221,8.798432666669243,1.175578654986964,0.05878838373751122,0.042702159144328275,0.03987298951671415,0.9990882906516247,0.9981774125171854
1562,0.016863715594505266,-1.9335599828495755,-1.9463043410710525,13.181643606733573,0.43728538525655836,0.031467426109983876,0.0293400103903047,0.011791736227121114,0.9995696078286479,0.999139400894717
1563,0.019171473881184002,-1.9464437855669792,-1.945564116091547,0.2978408893299367,1.1775103647622132,0.03824776052101219,0.037577686511679434,0.007037820561082842,0.9992940768271014,0.9985886519817287
1564,0.02086170367500221,-1.9510450414257032,-1.946020731159378,-4.303414969394126,0.72089529693109,0.03513833872636938,0.034196350782127544,0.00753076915062466,0.9994153159985509,0.9988309738524834
1565,0.01965341638592286,-1.941182935544196,-1.9461958361345368,5.558690912113029,0.5457903217722659,0.026658261168314906,0.025670782653532002,0.0072516573967610735,0.9996705103822717,0.9993411293279516
1566,0.02255468078441474,-1.9341510779363273,-1.9455624491696095,12.590548519981759,1.1791772866995842,0.04599566349648244,0.044149753458237406,0.013663623942790595,0.9990254037789228,0.9980517573956397
1567,0.01607680445111386,-1.9373557104312684,-1.9463118003356883,9.385916025040686,0.42982612062081316,0.02823328207697435,0.026359503847769764,0.010151454083036585,0.99965259611829,0.9993053129260371
1568,0.02426750474842399,-1.9763289927399252,-1.9448575098439311,-29.587366283616134,1.884116612377973,0.061200327165643297,0.05633418452564404,0.02241827136511639,0.9984134766513056,0.9968294703589472
1569,0.018630890157180037,-1.946605615273082,-1.9462784112151728,0.13601118322714711,0.46321524113634993,0.0278852623533998,0.02411699915529104,0.014067258874777265,0.9997091851896058,0.9994184549524656
1570,0.01611873588700512,-1.9308692542755506,-1.9460789483338672,15.872372180758543,0.6626781224419176,0.038802755975443054,0.030674885847722152,0.023846362217327832,0.9995295356534926,0.9990592926436864
1571,0.019746440105666868,-1.9493889061418865,-1.9453911556494334,-2.6472796855774305,1.35047080687567,0.046814353951953755,0.044522969183779994,0.01385436661309358,0.9990090328251238,0.9980190476661892
1572,0.017476790865584797,-1.9318473834932577,-1.9464428322021876,14.894242963051418,0.29879425412149274,0.02637602935476306,0.02293038540601863,0.01311995610701496,0.9997371052776584,0.9994742796689517
1573,0.02377433547304692,-1.9246060653341044,-1.9458694461968709,22.135561122204717,0.8721802594382488,0.04181916387906096,0.037826592889666645,0.018039600251945707,0.9992846426762009,0.9985697970885025
1574,0.023905138053606577,-1.928260771382116,-1.9448050233651142,18.48085507419306,1.9366030911949217,0.06385896250797156,0.055454376789720206,0.03271900728934178,0.9984625014038151,0.9969273667095635
1575,0.012326983242252452,-1.9363284989305154,-1.9463473330641097,10.413127525793708,0.3942933921994296,0.03167578984851855,0.022225931552203357,0.022591361097773634,0.9997530061085209,0.9995060732230242
1576,0.026643529645568813,-1.9705681876046917,-1.944735435409403,-23.826561148382552,2.006191046906025,0.06081102766111785,0.05509056315801495,0.02455203384650646,0.9984826183043856,0.9969675390559813
1577,0.016960569199415833,-1.935099906825952,-1.94627875292121,11.641719630357095,0.46287353509910645,0.031147788245772884,0.024750881878292753,0.01903331319029871,0.9996936970128966,0.999387487847313
1578,0.01388867028073834,-1.9450313944264586,-1.9463941548551664,1.7102320298505447,0.3474716011426793,0.02577735337644114,0.022659729163903273,0.012499941679863942,0.9997432725835411,0.9994866110760486
1579,0.017472083146101425,-1.9485880506085393,-1.9459145499502346,-1.8464241522302416,0.8270765060744978,0.03556796164471647,0.031658058241717316,0.016151813922900472,0.9994988840722177,0.9989980192616084
1580,0.02032446357038902,-1.916838548713779,-1.9450746106583099,29.903077742530204,1.6670157979992162,0.05063695824096286,0.04646748632549748,0.020770119739664437,0.9989203909589605,0.9978419474736024
1581,0.023621563033660427,-1.9204050059858704,-1.9441967235529762,26.33662047043872,2.5449029033328685,0.0621723491186182,0.05989126094644766,0.018016225305262954,0.9982069003127846,0.9964170158320574
1582,0.01775479407160313,-1.9414504554053342,-1.9459809081265067,5.291171050974874,0.7607183298024012,0.03711835747490792,0.03594649101921189,0.00952785360141516,0.9993540152660445,0.9987084478283655
1583,0.019323003172230332,-1.9468271475353813,-1.945832319204919,-0.08552107907222606,0.9093072513901568,0.042419254032171894,0.036471276599472274,0.02192923523518322,0.99933495664851,0.9986703555796794
1584,0.023465587041987125,-1.921694746947712,-1.9448093367273904,25.046879508597186,1.9322897289186791,0.04903167370098663,0.04682637601992471,0.015556240170748189,0.9989037102156823,0.9978086222826557
1585,0.018831736192252098,-1.950252703305275,-1.9463687823262716,-3.5110768489658994,0.3728441300374641,0.024007234835006778,0.02245695862314221,0.00840311818612589,0.9997478547847215,0.9994957731466526
1586,0.01618106324900184,-1.9448906642389383,-1.946345113156556,1.8509622173707996,0.3965132997532095,0.02853606045642604,0.02737929623171973,0.008411591778611227,0.9996251895198237,0.9992505195225435
1587,0.026928718495416615,-1.9145320631122,-1.9454015651605576,32.20956334410907,1.3400612957514824,0.04684869860205263,0.04197360786637091,0.021474525565189938,0.9991192209743898,0.9982392177204715
1588,0.021849613435900903,-1.9569782400197295,-1.9460535065579665,-10.236613563420427,0.6881198983426096,0.03407765247639721,0.03136645734428568,0.013268627933965165,0.9995080728187262,0.9990163876298042
1589,0.02021176225505141,-1.9567046405350046,-1.9457433629131413,-9.963014078695487,0.9982635431677878,0.04490724415299129,0.03805649035187461,0.02374653576840213,0.9992758574102704,0.9985522392030309
1590,0.012569822331850087,-1.9556977120806753,-1.9463815293018694,-8.956085624366228,0.36009715443974244,0.02743866140439935,0.024469711348377617,0.012524850548010592,0.9997006231010435,0.9994013358286146
1591,0.02145696818337433,-1.9424032619738278,-1.9465654119205469,4.338364482481261,0.17621453576222024,0.019567310657836557,0.015632792953313473,0.011821132020665358,0.9998778080591609,0.9997556310491923
1592,0.01939194502141066,-1.9391215582146752,-1.9462885079361987,7.620068241633859,0.4531185201104293,0.027472998998400604,0.0266505661523076,0.006875107780973305,0.9996448759875067,0.9992898780880777
1593,0.018821415301176238,-1.922479330136017,-1.9461835206004696,24.262296320292087,0.5581058558394858,0.04064199619461429,0.031468447820536476,0.02559755281760345,0.9995048721416675,0.9990099894349311
1594,0.02454068768892532,-1.978753705958009,-1.9441101088635018,-32.012079501699816,2.631517592807331,0.06580684547312338,0.06048918169416886,0.024531529793308877,0.9981712055254348,0.9963457555400999
1595,0.013938885954730989,-1.947573470929515,-1.9464711376613557,-0.8318444732058339,0.27048879495339406,0.02764565022912902,0.02134016364984238,0.017521281866632994,0.999772298707832,0.9995446492635425
1596,0.01864625282732868,-1.9454593042850392,-1.9448116582300836,1.2823221712698896,1.929968226225487,0.053009817937585524,0.05101280248858529,0.013518100865136374,0.9986989010063771,0.9973994948713455
1597,0.02098918774488638,-1.945310844684628,-1.9456108286028335,1.430781771681211,1.1307978534755847,0.041946334902682264,0.03890131981061054,0.015645178882007085,0.9992434458770297,0.9984874641282004
1598,0.017254529179081546,-1.9805363529983702,-1.9464148801624075,-33.794726542061056,0.32674629390161414,0.03198074978073484,0.01985355723659316,0.025260027320848213,0.9998029194795919,0.9996058777999153
1599,0.02665909339022962,-1.927248308546367,-1.9437945454247239,19.49331790994213,2.9470810315852525,0.062276087666509994,0.057899114925247686,0.023038150039662475,0.9983239299422264,0.9966506690952914
1600,0.016057420354346708,-1.949024649135832,-1.9462524434215627,-2.2830226795229613,0.4891830347464321,0.03232315490884312,0.028685123304243568,0.014882554753804851,0.999588588580179,0.9991773464197142
1601,0.020889221839744457,-1.9448640685034142,-1.944121482822115,1.8775579528949038,2.620143634194161,0.06823078956933658,0.0636173510251023,0.02523544649892299,0.997976833757216,0.995957760716078
1602,0.025495470820953575,-1.9032691573489433,-1.9455368791267056,43.4724691073658,1.2047473296035172,0.05151229097902645,0.042779490936441525,0.02919943317943002,0.9990849589689755,0.9981707552380396
1603,0.019872536191174593,-1.9759363361854108,-1.9462253080377991,-29.194709729101653,0.5163184185099645,0.035827557384822295,0.028267414773002642,0.021944176334508406,0.9996004847614489,0.9992011291353237
1604,0.017737687450464844,-1.9741198625514562,-1.9464288422576768,-27.378236095147113,0.3127841986323432,0.03047927711471799,0.019908616215611227,0.023253352876520816,0.9998018275526916,0.9996036943777021
1605,0.02356748145107321,-1.930428995408304,-1.9446161957485735,16.312631048005066,2.1254307077356316,0.05527879084188294,0.054117621765896115,0.012769122052827238,0.9985357260573886,0.9970735962129562
1606,0.024797432297348314,-1.964166481403706,-1.9443581586654382,-17.424854947396984,2.3834677908709523,0.06913593008200193,0.057048630777536975,0.03796503446923235,0.9983727625140622,0.99674817292996
1607,0.023134047489565546,-1.9897118055030203,-1.9454924277360106,-42.97017904671119,1.2491987202984944,0.05484200054591221,0.04543930336763908,0.03004649227863372,0.998967637327902,0.9979363404284907
1608,0.015949759592605,-1.9598903095095281,-1.9465718164944599,-13.148683053219035,0.16980996184923214,0.01933873139676347,0.01662779974926401,0.009808910655623235,0.9998617613736127,0.9997235418571433
1609,0.02436846854453202,-1.9599404254406172,-1.9438175618133136,-13.198798984308091,2.9240646429955497,0.07073187703264222,0.061130618423537765,0.035749135125902075,0.9981322380949774,0.9962679647244886
1610,0.016840062776532994,-1.9417041046230146,-1.9459718907956651,5.037521833294534,0.7697356606439776,0.03896016154459781,0.03147227332771686,0.023194660899655276,0.9995047654425839,0.9990097761424347
1611,0.023675050163821654,-1.9530066494037335,-1.946667415356216,-6.26502294742437,0.07421110009309118,0.024791361248905724,0.010137965326781911,0.02284341115617368,0.99994861088979,0.9998972244204207
1612,0.02430099219172828,-1.9408976274687693,-1.946457998956254,5.843998987539845,0.28362750005506143,0.028153830000233797,0.022608493284537175,0.016799523810215516,0.9997444286127787,0.9994889225422914
1613,0.023813389070979237,-1.9800099168932233,-1.944979242984467,-33.26829043691415,1.7623834718420994,0.05569470578787174,0.047684359321611094,0.027974920719279955,0.9988631024598426,0.9977274974557019
1614,0.02057718227973958,-1.9669886401110197,-1.9463411974550089,-20.2470136547106,0.40042900130021764,0.02996748207154447,0.025883790143118583,0.014841781134688602,0.9996650170900159,0.9993301463935818
1615,0.020514584926910925,-1.9467100277948066,-1.9449784818269966,0.03159866150248547,1.7631446293124853,0.047760020168753706,0.04494924464137832,0.01655409992267774,0.9989899603297769,0.9979809408396894
1616,0.017249223482251698,-1.958760030476051,-1.946355816906167,-12.018404019741968,0.38580955014211327,0.02876527734811265,0.025601450135777335,0.01277927595758067,0.9996722829021704,0.9993446732028369
1617,0.026751966925014956,-1.9476764390972974,-1.9451916078629765,-0.9348126409882695,1.5500185933325916,0.047515389974513024,0.04631934808962391,0.011124069140831461,0.9989273231125437,0.9978557968607924
1618,0.023323377128001782,-1.9610733321826135,-1.9446817361329851,-14.331705726304378,2.0598903233239874,0.05316972249766503,0.05013334880617028,0.01715201682018764,0.998743339936995,0.997488259068504
1619,0.021195364210089017,-1.9264752783843633,-1.9446816282637254,20.266348071945828,2.059998192583734,0.05384644381452692,0.05211963749473007,0.014905614244304062,0.998641782130766,0.9972854090173124
1620,0.019399916686567997,-1.9787207470757544,-1.9451877910280941,-31.9791206194453,1.553835428214967,0.060604415187287604,0.053086037669203556,0.028099108815939328,0.9985909915404741,0.9971839683857873
1621,0.015715431212574772,-1.9614291965666915,-1.9457090101526717,-14.687570110382353,1.0326163036373792,0.03815657472841001,0.03513755038086658,0.014719726016471894,0.9993827027681064,0.9987657865920853
1622,0.016085803838881287,-1.9414593252013381,-1.9457863225672283,5.282301254970978,0.9553038890808274,0.0363765276010883,0.03337762985900183,0.014431783543623377,0.9994429705524543,0.9988862513867142
1623,0.01880459320772115,-1.9562115059048086,-1.9455757040333552,-9.46987944849953,1.16592242295388,0.04464534886076763,0.04380831785046666,0.0077524435018902615,0.9990404184559971,0.9980817577087339
1624,0.018985720525407944,-1.9722168468782024,-1.9453437416316197,-25.47522042189332,1.3978848246893882,0.04670479371319513,0.04262184081562534,0.018280081892595633,0.999091689591635,0.9981842042110679
1625,0.017327335711461285,-1.9393727385064692,-1.945790818583588,7.36888794983992,0.9508078727211711,0.036686854254327834,0.03616957195459753,0.006500440677369467,0.999345926619669,0.9986922810513249
1626,0.01581122550608679,-1.9485385780391404,-1.9462535544326018,-1.7969515828313298,0.48807202370726444,0.028844700829250672,0.024367373301091188,0.015498686016885428,0.9997031210994509,0.9994063303359835
1627,0.02457536878641923,-1.9121432640921492,-1.9452258675466243,34.59836236415992,1.5157589096848056,0.04715915934275281,0.041231642528478454,0.023473979019331126,0.9991501180388687,0.9983009583770852
1628,0.012649209896723848,-1.9624855600315,-1.9464473144058207,-15.743933575190994,0.2943120504883545,0.03084172933858512,0.022972188814700246,0.020816363401180326,0.9997361398770732,0.9994723493763109
1629,0.02177837838627862,-1.9620070160963115,-1.946320944063787,-15.265389640002347,0.42068239252213147,0.02792710304961633,0.024997383500974128,0.0123198306400697,0.9996875855253669,0.9993752686535377
1630,0.020258463029185665,-1.9697603014009355,-1.9454002907105357,-23.018674944626394,1.341335745773442,0.04654528575591475,0.041860359074370704,0.01964478610216969,0.9991239218948879,0.998248611302622
1631,0.021871672096802967,-1.927026261072066,-1.9458828004126054,19.71536538424301,0.8588260437036865,0.04033610608139667,0.037900863086516454,0.014095088727993128,0.999281783152841,0.9985640821411216
1632,0.01702272286856958,-1.958189217810587,-1.946280249687429,-11.447591354277975,0.46137676888013956,0.03649483420164801,0.028747280142340147,0.02220959608480083,0.9995867971735691,0.999173765083714
1633,0.01907547784956621,-1.943701079003502,-1.9458914771466052,3.0405474528070187,0.8501493097039514,0.038500398428104175,0.03788180439176181,0.006933561710982313,0.9992825553306083,0.9985656253880701
1634,0.025517436806913475,-1.9355356021184862,-1.9450820638386819,11.206024337822917,1.6595626176272305,0.049007048769690545,0.04833388822725056,0.00855691055521793,0.9988321188264726,0.9976656015993807
1635,0.01672496038547367,-1.9408854121993524,-1.9464371237454097,5.856214256956704,0.3045027108994347,0.028408519254454947,0.019072801381539668,0.020972807275136066,0.9998181147446495,0.9996362625715453
1636,0.0222360729946569,-1.9850105328978735,-1.9462681292979933,-38.26890644156444,0.4734971583157943,0.041597935165551214,0.028867004107263235,0.0301798049405558,0.9995833537068519,0.9991668810078375
1637,0.01853220317322371,-1.9435890240873206,-1.9455959272983552,3.1526023689885108,1.1456991579539277,0.041426156020278174,0.04106687820744123,0.0057749024234181046,0.9991569106524516,0.9983145321045511
1638,0.016254395382485666,-1.9659587271312902,-1.9459603175154456,-19.217100674981058,0.7813089408634788,0.04119355067615637,0.03353021720260656,0.023745461250521144,0.999437862838711,0.9988760416756102
1639,0.016495574785854186,-1.9548568161319133,-1.945699225142574,-8.115189675604206,1.0424013137351196,0.035675929827860955,0.03460873132982265,0.00833028500412805,0.9994012062241016,0.9988027710021892
1640,0.018010454687620855,-1.9439337197976003,-1.9463164387688876,2.807906658708781,0.42518768742150215,0.02918761592016338,0.027542910258834468,0.009778890849682205,0.9996206969369105,0.9992415377446346
1641,0.01808540514973308,-1.9525116006217382,-1.94617440171343,-5.769974165429126,0.5672247428791799,0.030260895396262442,0.02614775617596823,0.015323393096830694,0.9996581519303086,0.9993164207207199
1642,0.016747566444274893,-1.9264594425125983,-1.9465855308185807,20.28218394371084,0.15609563772844837,0.02747597350979726,0.01700474492274185,0.0214056350349622,0.9998554195628956,0.999710860029294
1643,0.023468524476284572,-1.9452219185782915,-1.9432993142401818,1.5197078780175843,3.442312216127341,0.06782021903239616,0.06717519482040141,0.010574176374545684,0.9977440677801187,0.9954932247904181
1644,0.01999827323411927,-1.9623423691094406,-1.9448318760326753,-15.600742653131494,1.909750423633838,0.05166208176560029,0.049590754881723285,0.013303586508908003,0.9987704205737788,0.9975423530131231
1645,0.021579632822264577,-1.9477956323722931,-1.9449151598698415,-1.0540059159840354,1.8264665864675678,0.053921703999281936,0.05358279223767658,0.005517765421798974,0.9985647308550822,0.9971315217076828
1646,0.026960792970315464,-1.9187881656924521,-1.944066973044728,27.953460763856963,2.6746534115811293,0.07385893558814044,0.0723166884757601,0.01710273095151759,0.9973851703587293,0.9947771780515114
1647,0.022443484861689122,-1.9365306838466136,-1.9434946164230842,10.210942609695461,3.2470100332249174,0.07147665029874165,0.06721785046456694,0.026195827458776688,0.9977413971493332,0.9954878955855034
1648,0.01925205450173002,-1.9600598579326178,-1.9458219643386314,-13.318231476308728,0.9196621176776887,0.039637230499733646,0.03737188870370605,0.012865630347946438,0.9993017841862957,0.9986040558779139
1649,0.021854850003398055,-1.9439597291387611,-1.9454550692579569,2.7818973175479655,1.286557198352245,0.052412069403839995,0.047714959643322716,0.021584375691689573,0.9988616432200381,0.9977245822962347
1650,0.02201242161267157,-1.9399063184019576,-1.9446972600626655,6.835308054351508,2.044366393643582,0.05243675727683672,0.04972826186045978,0.01705178047155195,0.9987639190281382,0.9975293659524455
1651,0.015096389622518025,-1.9548277922915938,-1.9461408803633697,-8.086165835284653,0.6007460929393638,0.03569744214374506,0.03044548299997712,0.01822400006173179,0.9995365372311987,0.9990732892601355
1652,0.017393557027276324,-1.9667903434062322,-1.9455789330902082,-20.04871694992305,1.1626933661008643,0.045675845721862146,0.037460428117802376,0.025692937395323263,0.9992983663584569,0.9985972250066808
1653,0.018577802342119833,-1.9298708294262357,-1.9458501322189823,16.870797030073437,0.8914942373268175,0.03779406110948362,0.0354993940988549,0.013410448286690517,0.9993699651121943,0.9987403271683485
1654,0.013094616688990838,-1.9563823531673747,-1.9462439477173887,-9.64072671106564,0.49767873892037073,0.03546239239323213,0.03014042527678512,0.018495756756618548,0.9995457842699296,0.9990917748517886
1655,0.01750077651770287,-1.94333821984411,-1.9458650037890697,3.403406612199067,0.876622667239424,0.03847871074390062,0.0370791810992978,0.010484418629566429,0.999312618792728,0.9986257100783802
1656,0.0254267515703296,-1.9226015826173068,-1.9439365080040407,24.140043839002256,2.8051184522683847,0.06445770092730391,0.058941627982318265,0.026631961836297402,0.9982632661085415,0.9965295484616928
1657,0.026133187268015935,-1.9575196861779582,-1.9447754373982284,-10.778059721649136,1.9661890580806585,0.06192113243099345,0.06025612454044678,0.013306034495671479,0.9981847350512304,0.9963727652892951
1658,0.01790511332016812,-1.9554897165571308,-1.9456805843381584,-8.74809010082167,1.0610421181507235,0.036041963679657514,0.03498957873750199,0.00817466439678112,0.9993878687487936,0.9987761122022559
1659,0.018210989610142267,-1.9687777564022106,-1.946134471042522,-22.03612994590154,0.6071554137871971,0.03766432989282207,0.03232596113993892,0.01911594795582992,0.9994775482567517,0.9989553694693275
1660,0.023917447356185007,-1.950409419187613,-1.9436814200857577,-3.6677927313037983,3.060206370551377,0.06635319703640324,0.06056737957024927,0.026227837982761737,0.9981664670539122,0.9963362959508888
1661,0.014724559048006975,-1.9415565148648997,-1.9460463158552395,5.1851115914094414,0.695310601069643,0.03162274446545305,0.03100341128190733,0.006758115343792187,0.9995194092191928,0.9990390494058842
1662,0.02258140335815089,-1.9148837709756215,-1.9450004264293985,31.857855480687647,1.7412000269105832,0.0633762903998193,0.06012346296998591,0.021906752206796828,0.9981931147408919,0.9963894943161233
1663,0.023052626282661054,-1.9429910057427529,-1.9429744910636308,3.750620713556252,3.767135392678256,0.07094192278648287,0.06978429746848169,0.014691010142260465,0.997565507413435,0.995136941581024
1664,0.019135091349779067,-1.9183269954352917,-1.945349658121139,28.414631021017378,1.3919683351701906,0.05029289729479541,0.04191960652937391,0.028392751240413502,0.999121373686258,0.9982435193567152
1665,0.012804593207720214,-1.9426468845395555,-1.9462136460093056,4.09474191675363,0.5279804470035288,0.029208057027798703,0.02784575508936399,0.009126481592048461,0.9996123070070854,0.9992247643200275
1666,0.022957342139167045,-1.9428008490854853,-1.9445785057903044,3.940777370823767,2.1631206660046587,0.057850155889984475,0.04994896642289718,0.02891916198647529,0.9987529115001078,0.9975073782299422
1667,0.01917489610612485,-1.9477854711568885,-1.946110248021543,-1.0438447005793883,0.6313784347660167,0.03473442654314726,0.03381719069043105,0.008028159518220845,0.9994282008096098,0.9988567285735338
1668,0.01704071242235381,-1.9460864662047126,-1.9466258225122022,0.6551602515965094,0.11580394410692918,0.01703995629822222,0.012273658276830418,0.011882368703251107,0.9999246787075848,0.9998493630884667
1669,0.021596015666778337,-1.9006999212291193,-1.9465243124656084,46.04170522718975,0.2173139907006849,0.0410465223452106,0.019474127337763453,0.03551177987654235,0.9998103833709785,0.999620802696423
1670,0.022061225506143096,-1.94615883479742,-1.9455409718938832,0.5827916588891924,1.2006545624259068,0.03997746907006654,0.039206288606567635,0.007411682265181104,0.9992314689338425,0.9984635285076847
1671,0.021568583056324496,-1.9648933543858365,-1.9455512516672575,-18.15172792952735,1.1903747890515959,0.0438828449478754,0.038488824336371595,0.02125825880099307,0.9992593388549618,0.9985192262888553
1672,0.021572874473851443,-1.9449877017752824,-1.945897723006768,1.7539246810267528,0.8439034495411057,0.03789930619306488,0.03668788479966407,0.009627874960239112,0.9993269996560791,0.9986544522416211
1673,0.02257616560281872,-1.9396479615439428,-1.9452447567187272,7.093664912366293,1.4968697375818962,0.0465944624778738,0.0433703580630596,0.017232787303567525,0.9990595922774954,0.9981200689216754
1674,0.015338956072993511,-1.9626089080824973,-1.9459125245907642,-15.867281626188223,0.8291018655448568,0.03441640934530262,0.032145147092118985,0.011885785544085753,0.9994833654476944,0.9989669978066495
1675,0.0173353372081968,-1.9278179604752175,-1.9459282874231538,18.92366598109163,0.8133390331552803,0.03652853455963575,0.033302136641266106,0.015355367148003998,0.9994455374164426,0.9988913822616418
1676,0.02099763438578122,-1.9433138928949962,-1.9451552954419171,3.4277335613128734,1.586331014391984,0.04855990152315732,0.047039820051945985,0.012290238168969701,0.9988938313411486,0.9977888862913991
1677,0.013393557027294539,-1.9530645236222457,-1.9455358614452878,-6.322897165936592,1.2057650110213203,0.04628426574940664,0.045242822771948916,0.009279451007468055,0.9989766828076163,0.9979544127933089
1678,0.014085803838861308,-1.9399721182124423,-1.9463426169318347,6.769508243866795,0.39900952447435856,0.028017486376900002,0.026269916992960083,0.009803518309770182,0.9996549481773265,0.9993100154154133
1679,0.02322886685384766,-1.9715670548417898,-1.946328267478836,-24.82542838548074,0.41335897747307726,0.04144563968913389,0.028451571023008392,0.030413980157157957,0.9995952788472793,0.99919072149377
1680,0.01954102376992848,-1.9485083447931923,-1.9459610143295698,-1.766718336883244,0.7806121267392996,0.03864180251231349,0.037617951295919896,0.008695885018214052,0.9992924705212008,0.9985854416403651
1681,0.02089835232351868,-1.9525764066309301,-1.9462777667122106,-5.834780174621024,0.4638597440984604,0.03124251070365023,0.029200239011460953,0.011242839587933283,0.9995736983156349,0.9991475783643959
1682,0.022045820291474394,-1.9339158627699928,-1.9465501177686793,12.825763686316272,0.19150868762984885,0.020970709408025253,0.016036868014259256,0.013514344342216541,0.9998714121687293,0.999742840872289
1683,0.021038502637525547,-1.9167061695369616,-1.9465767355047354,30.035456919347503,0.16489095157368183,0.025410232197404157,0.01492206643480538,0.020430940506985976,0.9998886673876995,0.9997773471703496
1684,0.021525438303694897,-1.9143682456357014,-1.9456216177840628,32.3733808206077,1.1200086722462643,0.05351485513750291,0.036768838143645205,0.03815760927062907,0.9993241129424687,0.9986486827082519
1685,0.012679827847188945,-1.9485573423047755,-1.945843350134256,-1.8157158484664038,0.898276322053082,0.03305829982712669,0.03251571183297547,0.0057549556253719296,0.9994713946226046,0.9989430686688542
1686,0.02597438025690317,-1.9735988939029727,-1.9459091519436502,-26.857267446663613,0.8324745126588873,0.046177811869181046,0.04182802042497645,0.019083326937408003,0.9991253680514053,0.9982515010838561
1687,0.014700226223246649,-1.9523420317544573,-1.9458607192873563,-5.600405298148203,0.880907168952838,0.037028745205998324,0.03548668244828981,0.010276183776091179,0.9993703524321804,0.9987411013204205
1688,0.023242417453445078,-1.9336916547956384,-1.9461436490385295,13.049971660670678,0.5979774177795605,0.038575071234386485,0.03506716666958189,0.016245125515058332,0.9993851987075816,0.9987707753957923
1689,0.03357446357033818,-1.903276720160277,-1.9445486206128046,43.46490629603217,2.1930058435044586,0.07099407120498095,0.06193312964899988,0.03621127639285863,0.998082185083266,0.9961680481805868
1690,0.0232456674607331,-1.9654398322883415,-1.9463913613650756,-18.69820583203241,0.3502650912334815,0.027162081410819845,0.021859779038380035,0.01610717803496308,0.9997610875013578,0.9995222320818977
1691,0.018338961171257724,-1.9507361029463632,-1.9460949200641033,-3.994476490054133,0.6467063922057648,0.04276806111631731,0.035484363962641284,0.02346524319605491,0.9993704356175689,0.9987412675864494
1692,0.01882651807207672,-1.9534021255744312,-1.945984888465776,-6.660499118122054,0.7567379905331073,0.03382659545952101,0.03209901984617982,0.010397326771819723,0.9994848264660791,0.9989699183359282
1693,0.02763825133054383,-1.9506989017440228,-1.9441822227512444,-3.957275287713724,2.559403705064689,0.06995044506626048,0.06513486295633547,0.023595860442035172,0.9978787259219442,0.9957619516476025
1694,0.021123133917863503,-1.9674439687206131,-1.945908867388111,-20.702342264304008,0.832759068198019,0.05147340415103378,0.033543440965857214,0.03922585275363689,0.9994374191299539,0.9988751547571431
1695,0.023037726119828954,-1.9269343329241557,-1.9450913319919667,19.80729353215338,1.6502944643423945,0.05234829634835224,0.04517169023201583,0.02612961647250108,0.9989797594654829,0.997960559821714
1696,0.0184833796446595,-1.9470862726443057,-1.9458960255442082,-0.34464618799656677,0.8456009121009522,0.04507424840968977,0.03913124582275006,0.022327853641808018,0.9992343773167934,0.9984693408116799
1697,0.022489654375522153,-1.9748271573194949,-1.9454118884934115,-28.08553086318577,1.3297379628975925,0.046931232056643665,0.03996123434058012,0.024292939920890474,0.9992016434922346,0.9984039243575827
1698,0.025838098499787587,-1.9785941952983317,-1.945352388578301,-31.85256884202259,1.3892378780080428,0.05376491507926179,0.04458183565649463,0.02930318225466305,0.999006232612368,0.9980134527983567
1699,0.027540671300653557,-1.9450325411341176,-1.9445164669212633,1.7090853221914948,2.225159535045762,0.053456480903415614,0.0516570459318111,0.013576243957737356,0.9986659194354468,0.9973336186418463
1700,0.01824128846651704,-1.9556683544103513,-1.946108918119904,-8.926727954042146,0.6327083364050523,0.03848067556505237,0.028762569918908375,0.026050122979556143,0.9995863657770662,0.9991729026474027
1701,0.02259145935663335,-1.9233398501419645,-1.9451982301227344,23.40177631434459,1.543396333574698,0.054747478370091494,0.05295302954436457,0.01512644674072528,0.9985983959964829,0.9971987564867485
1702,0.014802601549255326,-1.9592703754051912,-1.9454609870699955,-12.528748948882118,1.28063938631362,0.043794037129704755,0.04011225979550255,0.017386829505404332,0.999195605119545,0.9983918572902136
1703,0.014576097661331921,-1.9304124852527191,-1.9455468521761945,16.32914120358997,1.1947742801146077,0.045761119103785476,0.044697716484931815,0.010584521670817212,0.9990012314147163,0.9980034603681196
1704,0.024664329957697236,-1.9209334152839588,-1.945489398911427,25.808211172350326,1.2522275448820785,0.045024130355679405,0.03948568527019615,0.02225212740391348,0.9992204425823439,0.9984414928744552
1705,0.015729685953729013,-1.9647448086483539,-1.946153042877843,-18.003182192044775,0.5885835784660287,0.03388218464774866,0.030488818345816283,0.014428129686483993,0.9995352530923011,0.9990707221742904
1706,0.019062968660222793,-1.9331682037373887,-1.9454079635977457,13.57342271892037,1.3336628585634003,0.046734268293595664,0.04013903893061005,0.023844006317102005,0.9991944837517244,0.998389616359875
1707,0.02942270928300194,-1.9577293003813885,-1.9422322294648373,-10.987673925079378,4.509396991471792,0.08037581273381697,0.07460364648012262,0.029217836504436785,0.9972177437583611,0.9944432284665164
1708,0.02086988636050858,-1.9267424997389073,-1.9459888646169154,19.999126717401783,0.7527618393936564,0.038167649803929164,0.029705461502686298,0.023812548330659586,0.9995587940769999,0.9991177828166663
1709,0.018858409897755682,-1.931353517747681,-1.945758271682364,15.388108708628057,0.9833547739450665,0.03966094380468338,0.03589977294183202,0.01725047538475391,0.9993556634118167,0.9987117419932723
1710,0.029247213975043082,-1.9157140124750243,-1.944725064906862,31.02761398128484,2.0165615494471822,0.06595553069266269,0.05879888812619178,0.029968419215067005,0.9982717723741793,0.9965465315190852
1711,0.011964240805251249,-1.95724617542508,-1.94623222367582,-10.504548968770955,0.5094027804890544,0.028584794739587426,0.02667170618490862,0.010037910352757758,0.9996443123168334,0.9992887511473947
1712,0.01839505732172173,-1.9488489912476872,-1.9463104883911073,-2.1073647913780746,0.431138065201786,0.030910971365901464,0.02759795272711602,0.01384455348684097,0.9996192042477501,0.9992385535009051
1713,0.03165305881845402,-1.9390495321320234,-1.9446094055088354,7.692094324285748,2.132220947473673,0.052005363423235994,0.05003274516585183,0.013836857744806148,0.9987484230239283,0.9974984124927836
1714,0.025630071057280324,-1.945114628915389,-1.9450560225018012,1.6269975409199944,1.6856039545078971,0.04972513077361145,0.04713975176037523,0.016534687788101656,0.9988889316523876,0.9977790977776482
1715,0.025401558524107096,-1.9799567286741155,-1.9435920825213013,-33.21510221780643,3.1495439350077703,0.07417221144322472,0.06877166302456472,0.02547580087553682,0.9976357618754876,0.9952771133728847
1716,0.02047689992877373,-1.9551040915709692,-1.9452826210579957,-8.3624651146601,1.459005398313451,0.049981296729363696,0.041925568416328676,0.027064824957867363,0.9991211522595406,0.9982430768924321
1717,0.017809122386847377,-1.9546537334782348,-1.9450291487798361,-7.912107021925685,1.7124776764729788,0.04918347460934009,0.046760741175075754,0.01486434486447357,0.9989069639844573,0.997815122696646
1718,0.030677902043839668,-1.9480747881326954,-1.9441785910117504,-1.3331616763863074,2.5630354445587145,0.06602987070505631,0.05894190566466671,0.028951031903025448,0.9982635060802869,0.996530027571707
1719,0.011983909429769719,-1.947097257963909,-1.9465891084545166,-0.35563150759987394,0.15251800179250097,0.02516268956622154,0.013285919018963593,0.02133237511975636,0.9999117440273637,0.9998234958438441
1720,0.016849282062333142,-1.9481887179486492,-1.9464832856927992,-1.4470914923401246,0.2583407635099455,0.026352949940625287,0.021817158478638028,0.014837232019483941,0.9997620092885553,0.9995240752166893
1721,0.02644178282922486,-1.926741798846679,-1.9451806567441643,19.99982760963004,1.5609697121448107,0.05666112374480519,0.04943993184987333,0.027883659426266104,0.9987779058884845,0.9975573052909863
1722,0.01902234891285911,-1.9597658012338373,-1.9464779894807462,-13.024174777528152,0.26363697556286425,0.028597985282982817,0.02237200170054745,0.017876825116613943,0.9997497469929506,0.9994995566124687
1723,0.02062326506609337,-1.9440184418733144,-1.9448373914982742,2.7231845829946977,1.9042349580349338,0.050413341572637875,0.047894652004244045,0.015641933448266563,0.9988531735288969,0.9977076622687486
1724,0.029281850703988928,-1.962409676240804,-1.9444497671384091,-15.668049784494986,2.2918593178999913,0.05757850440642204,0.05547280099918825,0.014287214642819597,0.9984614189884128,0.9969252052083548
1725,0.012475776837061782,-1.9356766502664458,-1.9465280235268707,11.064976189863351,0.21360292943839454,0.022579959261853095,0.0195784006625102,0.011255894378058065,0.9998083449713857,0.9996167266744214
1726,0.023241266980014212,-1.9486560605318732,-1.9444307457463703,-1.914434075564131,2.3108807099387896,0.0630205900961598,0.06259118372725177,0.0061007916904284925,0.9980416569796476,0.9960871490666806
1727,0.022715322149376396,-1.949388587397814,-1.9456756970286795,-2.646960941504961,1.0659294276296194,0.04138672374932222,0.037888975354837345,0.01650067175147728,0.9992822248924408,0.9985649649859866
1728,0.01583580383888849,-1.9324795730018705,-1.9460573700290975,14.26205345443865,0.6842564272115936,0.03031265236603351,0.028562201685123904,0.01048656697875902,0.9995921341182311,0.9991844345910398
1729,0.014449340642325318,-1.9620046290452946,-1.9460275191320051,-15.263002588985497,0.7141073243039919,0.0359753067106514,0.03321032688731664,0.013481756042889984,0.9994485895328036,0.9988974831191105
1730,0.01830341800085139,-1.9622432757840682,-1.9462757438204112,-15.501649327759104,0.46588263589786294,0.0418784330495849,0.026414761774078893,0.03292669512720645,0.999651155028951,0.9993024317507158
1731,0.018250087576664804,-1.947369616199593,-1.9459903701523837,-0.6279897432839299,0.7512563039253628,0.039642368763972424,0.03457025414578064,0.019280042485689725,0.9994024975483649,0.9988053521059094
1732,0.016468524476258146,-1.9404262234330483,-1.946361696186451,6.315403023260835,0.37993026985816414,0.028476552029513918,0.02708732292305497,0.008715942920877866,0.9996331423978867,0.9992664193802736
1733,0.017917028405943253,-1.9488550867071581,-1.9460879663376216,-2.1134602508490197,0.6536601186875046,0.034107033696169776,0.03139757380211809,0.013117302695295282,0.9995071199523131,0.9990144828353676
1734,0.017198983074860286,-1.968705434567812,-1.9461867343439183,-21.963808111503003,0.5548921123907924,0.03490268449255793,0.03134035036643133,0.015058714960115262,0.9995089027229223,0.99901804662238
1735,0.02816296075934708,-1.9477507182513911,-1.945102390239174,-1.0090917950820177,1.6392362171351316,0.05267378884269816,0.05089319940668135,0.012804096531969775,0.9987049835471976,0.9974116441620082
1736,0.016098550539099483,-1.9725654391179874,-1.9466566076658383,-25.823812661678325,0.0850187904708477,0.021923697454734242,0.009743029416117176,0.019839217153153964,0.9999525370706507,0.999905076394031
1737,0.017881220342978597,-1.9430588424716697,-1.9456931370109205,3.682783984639393,1.0484894453886007,0.03966993659260784,0.038440156888548564,0.009950869610240083,0.9992611936714968,0.9985229331777846
1738,0.021357371135758148,-1.9665472272274858,-1.9457304765838745,-19.805600771176657,1.011149872434558,0.046322277867493475,0.040965048173735696,0.021119018253697348,0.9991609524015478,0.9983226088039681
1739,0.019660619878538968,-1.9458938134265613,-1.9457413148665974,0.8478130297477904,1.0003115897116999,0.03988313686394578,0.03598293028282892,0.01723194850415937,0.9993526555720332,0.9987057301988749
1740,0.016247122760631214,-1.9685283660638058,-1.9460817635170342,-21.786739607496663,0.6598629392748911,0.036301683677864974,0.030068626055370053,0.020266945064562576,0.9995479432701987,0.9990960908956843
1741,0.015448611767454065,-1.9659800646065808,-1.9459719796680182,-19.23843815027171,0.7696467882909452,0.04001673588423597,0.0322537316004405,0.023501197501404066,0.9994798731247504,0.9989600167814672
1742,0.01842023073282438,-1.9232838604886584,-1.946504621434322,23.4577659676507,0.23700502198709117,0.03300750195812981,0.016612981153101787,0.02806614432461282,0.9998620044665641,0.9997240279758955
1743,0.029982051567877876,-1.9529803793414613,-1.94510828964637,-6.238752885152188,1.6333368099390455,0.04487180343087455,0.04324196185933428,0.011465401530256143,0.9990650750125202,0.9981310241097726
1744,0.023643906848195916,-1.9452594009262671,-1.9455928518259216,1.4822255300419585,1.148774630387539,0.03649817320788116,0.0362297115419027,0.004609165895257016,0.999343777932173,0.9986879864917483
1745,0.01642270928305478,-1.9457096968320549,-1.9462775277747293,1.0319296242542464,0.4640986815798165,0.03205024825425278,0.02477024073440715,0.020390307605575742,0.9996932224009631,0.9993865389144215
1746,0.025998764598218323,-1.937719035759552,-1.9448283268689555,9.022590696757149,1.9132995873536451,0.06126610313597511,0.0588021753595494,0.01717639354608525,0.9982712991867452,0.996545586779992
1747,0.023325698972199355,-1.929266224320137,-1.9452420502621177,17.475402136172047,1.4995761941913877,0.048799921862002237,0.04737501860651552,0.012565972634460057,0.9988780186711942,0.9977572961844906
1748,0.02701401458199279,-1.9030497968434223,-1.9446109087658996,43.69182961288676,2.1307176904095115,0.06980029611919457,0.06378317217905852,0.0305043790299032,0.9979659345453936,0.9959360065130609
1749,0.01492586926369674,-1.9561706232322866,-1.9455675263720205,-9.428996775977527,1.1741000842886429,0.03917866394721834,0.03723546025307167,0.011572688624515949,0.9993067916152847,0.998614063768434
1750,0.012882857082248678,-1.9601363700283214,-1.946616943151677,-13.394743572012313,0.12468330463200061,0.02201594408430894,0.012898518887392456,0.017917189546633745,0.9999168143958571,0.9998336357115589
1751,0.021304593207685768,-1.933272948374731,-1.9433719860706085,13.468678081578034,3.369640385700645,0.06674381088691822,0.0664624898228927,0.008166590368691133,0.997792225812602,0.9955893258920665
1752,0.022875942027907152,-1.926927139464776,-1.946203361970041,19.814486991533098,0.5382644862681474,0.030623810630368748,0.02647941283675097,0.015362125154092408,0.9996494216686085,0.9992989662423835
1753,0.024389486732301277,-1.9522480924191459,-1.9463340458248817,-5.506465962836771,0.40758063142742884,0.028480607091884567,0.02751316613455019,0.007308080459327235,0.9996215202600565,0.9992431837670265
1754,0.020254307805831373,-1.9685676506154166,-1.9458876822446014,-21.826024159107504,0.8539442117077023,0.044508481876061885,0.03930248286959299,0.02072580758981423,0.999227772772408,0.9984561418797071
1755,0.029401820768326266,-1.926657690616855,-1.945555769791808,20.083935839454004,1.185856664501106,0.0517243669743741,0.0474725089706971,0.02078277349753874,0.9988731938182214,0.997747657328614
1756,0.018221621613676894,-1.9199139956545623,-1.9465474544493875,26.82763080174677,0.1941720069216224,0.02689263822355919,0.01793241858753466,0.019876187159513226,0.9998392179474985,0.9996784617458655
1757,0.018415548372671037,-1.9809148736082791,-1.9457764888905855,-34.17324715197001,0.9651375657235839,0.05066516557250367,0.03926064971821619,0.03182393335604504,0.9992293252579014,0.9984592444553609
1758,0.01641985677709033,-1.9570688581341995,-1.9463320998756701,-10.327231677890403,0.40952658063897474,0.02906286827913196,0.026803079412211415,0.010985925950961015,0.9996407974672231,0.9992817239609058
1759,0.014177503354684777,-1.9507996282411806,-1.9463059700152543,-4.058001784871479,0.4356564410548103,0.02509470726638399,0.022567445074387762,0.010973816473770671,0.9997453552126168,0.9994907752692013
1760,0.016810980248732746,-1.9295713222040465,-1.9451590559922265,17.170304252262625,1.582570464082611,0.046608337718781964,0.04467555860056777,0.014159868855324815,0.9990020871591189,0.9980051701482757
1761,0.020435080802954447,-1.9623468156736077,-1.9454401067531022,-15.605189217298587,1.3015197032069103,0.04652761334602774,0.04180798021047586,0.019751836648777735,0.9991261423781073,0.9982530483833578
1762,0.020012666870107988,-1.951979373214497,-1.9438614991493044,-5.237746758187889,2.8801273070047095,0.06123845931045798,0.06002225029571799,0.010115384829555417,0.9981987388663083,0.9964007222742883
1763,0.017397974494929892,-1.9432853015492733,-1.9463188077388105,3.456324907035846,0.42281871749860755,0.02767472733752655,0.027150484722865,0.005401893279212383,0.9996314372399937,0.9992630103184955
1764,0.015537835182971405,-1.966516131553641,-1.9458693780189946,-19.774505097331918,0.8722484373144823,0.03868899761915722,0.03375003083329919,0.018656293046851475,0.9994304681599122,0.9988612606863413
1765,0.0165445797914266,-1.9329443007108809,-1.9466360910857234,13.797325745428246,0.1055353705856632,0.021418240076491755,0.012166787083077727,0.017435116955443676,0.9999259846509032,0.9998519747800784
1766,0.025942445849039392,-1.9438147744432783,-1.9455686408638593,2.9268520130307785,1.1729855924498267,0.040648206030601715,0.040376471820603096,0.005117020641936057,0.9991849200119384,0.9983705043792637
1767,0.01891236303264718,-1.9382834991398339,-1.946615147030786,8.458127316475217,0.1264794255231294,0.01747481293066163,0.012294312183639192,0.012380244343307634,0.9999244252656996,0.9998488562429396
1768,0.019572650703023907,-1.9294488664346037,-1.9457412323364227,17.292760021705433,1.0003941198863942,0.042130698595558305,0.03836160116188896,0.018173103257286563,0.9992642111556658,0.998528963696555
1769,0.020095658099292785,-1.9318189982298486,-1.9454066115079873,14.92262822646051,1.3350149483217777,0.050598462746804344,0.0488620946480528,0.014321691380559798,0.9988062481663813,0.9976139213762029
1770,0.02433823229634975,-1.971086939444452,-1.9451833078099836,-24.345312988142798,1.558318646325496,0.0487878996578176,0.04498635980617561,0.018120986341808237,0.9989881693572904,0.9979773625158304
1771,0.01786846854450887,-1.951968874924127,-1.9459307331229023,-5.227248467817969,0.8108933334067814,0.03751894976686655,0.03194836436927733,0.019921235052074483,0.9994896683698924,0.9989795971781574
1772,0.020673460441439,-1.918194185220386,-1.9444876593332265,28.54744123592301,2.2539671230825675,0.06819755309171738,0.06558181507101508,0.020661067064650762,0.997850344526421,0.995705310071497
1773,0.019366040087100526,-1.9210833548110233,-1.945743736311363,25.65827164528578,0.997890144946112,0.04840947686360123,0.044631563584144766,0.019356572191377236,0.9990042596278588,0.9980095107546062
1774,0.01638751980728687,-1.9218625957397892,-1.9466136630217201,24.879030716519868,0.12796343458898463,0.022537698202781953,0.01539880771190396,0.016435171827516748,0.9998814386961371,0.999762891449057
1775,0.023188419324045077,-1.9568629886759978,-1.9462786438320323,-10.121362219688734,0.4629826242767976,0.037607980887931054,0.0293767815265003,0.023569712832361804,0.999568502886536,0.9991371919628309
1776,0.027731216079774204,-1.900158435230053,-1.9457250605209382,46.583191226256204,1.0165659353709167,0.05218755050735432,0.042703936031273704,0.030484518419191017,0.9990883231107831,0.9981774773763166
1777,0.01802915490402598,-1.9485005741571289,-1.9458199592851118,-1.7589477008197463,0.921667171197349,0.04726467652310405,0.037264517749878566,0.029560265763352016,0.999305733931364,0.9986119498681021
1778,0.02210211308174375,-1.9587266275879525,-1.9450567305298436,-11.985001131643358,1.6848959264654795,0.04968031294226673,0.04556134697295969,0.01931627749464168,0.9989622438224912,0.9979255645828664
1779,0.017966958888694328,-1.9529475490927763,-1.945905589952561,-6.205922636467243,0.8360365037480832,0.04397234402398918,0.03054367913282441,0.03144293736676017,0.9995335788429922,0.9990673752346801
1780,0.01830939237760338,-1.9280273346266033,-1.9459966401606656,18.714291829705854,0.7449862956434572,0.03137417226352232,0.029030886021786904,0.01223403834594278,0.9995786470045586,0.9991574715474639
1781,0.021468524476239467,-1.9460679152142186,-1.9461884022117466,0.6737112420904801,0.5532242445625002,0.03340234545017108,0.03107235815535767,0.012575734570990253,0.9995172828579788,0.9990347987317968
1782,0.017926131507954496,-1.936994918612007,-1.9466049232009202,9.746707844302094,0.136703255388948,0.02364090299670556,0.014058058965128897,0.018827255110610217,0.9999011874280853,0.999802384620095
1783,0.024894638371447012,-1.9468888163055869,-1.9458644165833536,-0.14718984927775125,0.8772098729554756,0.044609115986960976,0.038772456351387805,0.021891514794549975,0.9992484614004007,0.998497487611068
1784,0.0290347869137278,-1.9698457837401702,-1.9438090529994134,-23.10415728386106,2.932573456895682,0.06752212936588535,0.060840293028348244,0.028027360315413252,0.9981493226593595,0.9963020703253382
1785,0.02265902690921949,-1.9591276512728706,-1.9453681218438674,-12.38602481656148,1.3735046124416783,0.04814459499008552,0.046928437499719595,0.0097186110247298,0.9988988739840465,0.9977989604465961
1786,0.022299858106464454,-1.965012912378161,-1.9447759692999818,-18.2712859218519,1.9656571563273495,0.05558045228569854,0.05091565142380426,0.021324641169313978,0.9987038472340191,0.9974093744800309
1787,0.022287726119796087,-1.9240328537290117,-1.9454394953250442,22.708772727297433,1.302131131264872,0.044438407985640804,0.04017214353245787,0.019387847946587503,0.9991932135835749,0.9983870780714716
1788,0.02369529772911818,-1.9362573462699577,-1.94577945792071,10.484280186351391,0.9621685355991616,0.040603372984126244,0.03715205637816201,0.016526468769824967,0.9993099391038666,0.9986203543917735
1789,0.021874503116213653,-1.9644568651569727,-1.945218533903139,-17.715238700663605,1.52309255317018,0.051771452640669825,0.047439741791604546,0.020772496341316338,0.9988749771266873,0.9977512199298401
1790,0.016538699277326208,-1.9681840752245077,-1.946332807409027,-21.442448768198563,0.4088190472821829,0.03136585405718586,0.027339847814994704,0.015154359834714226,0.9996262664623246,0.9992526726014063
1791,0.017166629716839153,-1.9530391497236648,-1.9465536622591173,-6.297523267355665,0.18796419719180335,0.018773260228433408,0.01736558948829573,0.0071042860478728286,0.9998492196466043,0.9996984620279237
1792,0.015443636256415236,-1.9592971649824518,-1.9458977268405737,-12.555538526142662,0.8438996157353884,0.035546793409865794,0.03344080305676856,0.011724437896973965,0.9994409092383022,0.9988821310590842
1793,0.02148410606967161,-1.9641489196637678,-1.9451652016712162,-17.407293207458707,1.5764247850929003,0.051855836997063635,0.04808920141762967,0.01832266651582133,0.998843802988959,0.9976889427694464
1794,0.019597758820938685,-1.9374466897116622,-1.9451296568094534,9.294936744646876,1.6119696468557265,0.05534398618962991,0.05522025064814938,0.005054404143912481,0.9984753815259609,0.9969530875134133
1795,0.019039889684653057,-1.9617585509989992,-1.9460385677148249,-15.016924542690102,0.7030587414842415,0.03353020874288934,0.030830975972427625,0.012821865318665606,0.9995247268189249,0.9990496795224465
1796,0.02050026489261885,-1.9595611616152613,-1.9456634424163688,-12.819535158952178,1.0781840399403109,0.04369849842132136,0.03801569219735057,0.020971446689487087,0.9992774145010054,0.9985553511318142
1797,0.01972842760488349,-1.917427978367263,-1.9458430576884347,29.31364808904613,0.8985687678744192,0.04648341263316499,0.039435756772413406,0.024857421955021733,0.9992225472919,0.9984456990165133
1798,0.02082141020293661,-1.9530764685951592,-1.9464894768818282,-6.33484213885005,0.2521495744809421,0.030609609092497565,0.01790580336652939,0.024986751694648122,0.99983969329446,0.9996794122871598
1799,0.024726525973057197,-1.9213325518447053,-1.9433723009312425,25.4090746116038,3.3693255250666354,0.07274787862631844,0.06795554377493303,0.027870907053772015,0.9976912749662038,0.9953878801436893
1800,0.024215587041998412,-1.9415029419172198,-1.9447685726989172,5.238684539089267,1.9730537573918738,0.05688888187387497,0.04908084160956583,0.02856641178027087,0.9987956338433358,0.9975927181845109
1801,0.02418667377226655,-1.9598494555511772,-1.945538568067178,-13.107829094868073,1.2030583891311508,0.03987774274471883,0.036631071490913346,0.015430940938581729,0.9993291641030544,0.9986587782269094
1802,0.027093691174224374,-1.9263107449111387,-1.9449539734322154,20.430881545170365,1.7876530240936717,0.05662092584622443,0.048427551707155576,0.03000941395629045,0.9988275418042154,0.9976564582666516
1803,0.017063056236931155,-1.9502432972561203,-1.946151288628039,-3.5016707998112295,0.5903378282701155,0.030150014329501384,0.028644836050818016,0.009343297878693535,0.9995897710512746,0.9991797103903395
1804,0.017526302398092587,-1.9300276357139887,-1.945241509791286,16.713990742320384,1.5001166650230324,0.0468767702981019,0.04506763237036155,0.013769034316174813,0.9989844786826061,0.9979699886487583
1805,0.01904267934733775,-1.928796135389338,-1.9464370665045665,17.945491066971186,0.3045599517426112,0.0284176875400114,0.02298808886662552,0.016780100007151296,0.9997357857549969,0.999471641319161
1806,0.016311354204447296,-1.939431312442866,-1.946116936038529,7.310314013443175,0.6246904177800161,0.03065983129583395,0.027733617974175014,0.013101544956607241,0.9996154292766479,0.9992310064479372
1807,0.023162608290064855,-1.943079424860742,-1.9452822865803057,3.6622015955671827,1.4593398760034404,0.056954517361430104,0.05217631325558248,0.021947267215988445,0.9986388473985547,0.9972795475335138
1808,0.020766685648503185,-1.936920441646081,-1.9449776712121116,9.82118481022809,1.7639552441974793,0.04952915695843446,0.046072272930021696,0.018542662699838976,0.9989386794849556,0.9978784853711469
1809,0.015062569971108624,-1.9474845733879425,-1.946725096736096,-0.7429469316333481,0.01652972021304322,0.013017534449439414,0.004992239983292328,0.012043851595316214,0.9999875387701501,0.9999750776955825
1810,0.019867470653540747,-1.9642499592132425,-1.945837634555695,-17.50833275693342,0.9039919006141872,0.04361062800392999,0.04096903151213001,0.014762204620245637,0.9991608503166947,0.9983224048055803
1811,0.013291856609733452,-1.9597737859027624,-1.9459448726644235,-13.032159446453306,0.796753791885596,0.0341152454327534,0.032615008148888076,0.00954141232994358,0.999468172048588,0.9989366269381458
1812,0.015224823940506825,-1.9391827684748735,-1.946638970610225,7.558857981435629,0.10265584608415423,0.013638143875891458,0.011880792828128206,0.006700799373955259,0.999929424144716,0.9998588532703833
1813,0.01734609999651187,-1.958465380520493,-1.9464300267857613,-11.723754064183911,0.3115996705478352,0.022464070738981236,0.0206384517388995,0.008726289603835105,0.9997870377810764,0.9995741209150594
1814,0.019425757552203556,-1.9316201512362856,-1.9456442036415977,15.121475220023495,1.0974228147113685,0.045652395984203335,0.04360947249803654,0.014372619846430245,0.9990491793632563,0.9980992627863959
1815,0.021957387133653507,-1.9435415279965549,-1.9452825519421915,3.2000984597542192,1.459074514117642,0.047402853124831994,0.04618582150994425,0.010266306066448641,0.9989335868305057,0.9978683108980595
1816,0.01821207724037744,-1.9285375687409891,-1.9452751611936299,18.204057715319966,1.4664652626792396,0.04839381434510458,0.04186555263514935,0.02441519834549783,0.9991237898063431,0.9982483473569896
1817,0.01409333870500641,-1.9376423123673525,-1.9463026311926195,9.09931408895659,0.43899526368962327,0.030052722851205478,0.024111896466832688,0.018090196074117056,0.9997093124875215,0.9994187094742729
1818,0.028314604211724628,-1.9685484013271528,-1.945568087489663,-21.806774870843704,1.1735389666460705,0.05118562148395738,0.04421334011347986,0.025348983608815562,0.9990225902819895,0.9980461358937358
1819,0.022307026763424727,-1.938940268958987,-1.9459520326987068,7.801357497322137,0.7895937576023471,0.03529392080527186,0.03391818640743282,0.01038997935512862,0.9994247855979322,0.9988499020674728
1820,0.025618798730293005,-1.9667381284367396,-1.94530536574701,-19.99650198043046,1.436260709299031,0.04722700794200189,0.04405386226754693,0.016463795681737507,0.9990296845185638,0.998060310549261
1821,0.020342940015829904,-1.9452161080523365,-1.945489836034182,1.5255184039726366,1.251790422127197,0.04504424908884647,0.044113652812953846,0.008531352603778613,0.9990270162278599,0.9980549791531408
1822,0.019547432297413576,-1.9539989877438153,-1.9453198339011004,-7.257361287506203,1.4217925552086896,0.04589258177653259,0.04467465824429904,0.009487878174281057,0.9990020876315644,0.9980051710922239
1823,0.01851115882913,-1.9510797829680795,-1.9464213990810773,-4.338156511770386,0.32022737523185185,0.029214264760805214,0.02171437199892301,0.019440480626774635,0.9997642453272745,0.9995285462348147
1824,0.020035189475764548,-1.9488743384116842,-1.945199011837328,-2.1327119553751217,1.5426146189811973,0.04589366793625569,0.04569098209790556,0.004139900119568122,0.998956167888891,0.9979134253632581
1825,0.020727651087198425,-1.943487209068848,-1.9461354187583624,3.254417387461128,0.6062076979467257,0.03632248036554339,0.03176792707893486,0.017433129301706034,0.9994953995750022,0.9989910537715934
1826,0.0204417580958363,-1.9621922071177995,-1.9464768710584701,-15.45058066149041,0.2647553978389894,0.028340397806390055,0.020317898481726864,0.01980610309980239,0.9997935915035239,0.9995872256115151
1827,0.02034882052992072,-1.924749278967455,-1.945879040008309,21.992347488854147,0.86258644800008,0.04078541079728755,0.03386991288049117,0.02258567377786194,0.9994264148208385,0.9988531586416347
1828,0.021569688535291537,-1.960992210828356,-1.9451126737025348,-14.250584372046848,1.628952753774282,0.05634464528081201,0.054324749484396855,0.013473249422466738,0.9985244151577004,0.9970510076660276
1829,0.020372339551375514,-1.93287623373835,-1.944698752818551,13.865392717959057,2.0428736377580137,0.05599305671879048,0.0546872891720856,0.013367556592361924,0.9985048899794159,0.9970120153128055
1830,0.029256520837509712,-1.923754391271326,-1.9436361038015828,22.987235184983135,3.1055226547263004,0.0661362098982252,0.061329446851159895,0.02572803777982291,0.9981194055172433,0.9962423476700952
1831,0.02573572052545397,-1.9808039128729933,-1.944518153364602,-34.06228641668419,2.2234730917070067,0.07805887273791473,0.06655920631792218,0.03915687472207158,0.9977852752979965,0.9955754556014987
1832,0.013842914656475701,-1.9435137335665147,-1.9454631550328687,3.227892889794415,1.278471423440397,0.03973475062758295,0.03852092795368565,0.009633571663718504,0.999258116674784,0.9985167837404363
1833,0.017547477291868466,-1.9480625939658538,-1.9458836381408149,-1.3209675095446904,0.8579883154942181,0.03633186359889011,0.03423659258447728,0.012537900392410239,0.9994139634041236,0.9988282702471388
1834,0.02711477730354548,-1.967146189771263,-1.9453037319612838,-20.404563314953883,1.4378944950252937,0.04666024039869987,0.04383558760524939,0.01514350151880336,0.9990392769500293,0.9980794768888372
1835,0.02335609315180948,-1.9425097614066849,-1.9460242519511042,4.2318650496242505,0.7173745052049263,0.03168953623058974,0.029407246762173447,0.011690019289975524,0.9995676336864082,0.9991354543134455
1836,0.01945407574360687,-1.9258998445518392,-1.9463599931651412,20.841781904469947,0.38163329116791544,0.03079368711787295,0.02737536339518045,0.01444466594456235,0.9996252974152909,0.9992507352326089
1837,0.01829225529886154,-1.9484888885714347,-1.9452343807911798,-1.7472621151255474,1.5072456651292754,0.0526563411825265,0.051393254840105596,0.010973633229245426,0.998679377648504,0.9973604993404033
1838,0.02085193792844362,-1.9437004257188917,-1.9463021941638627,3.0412007374174266,0.4394322924463623,0.03182508966899929,0.02824457192332122,0.014662178010104727,0.9996011250678992,0.9992024092370099
1839,0.014427041822243037,-1.9372566238197486,-1.9455997808061285,9.485002636560491,1.1418456501806062,0.04093666079297214,0.040626640924727994,0.005679473060944982,0.9991747819080359,0.9983502448009711
1840,0.019513989848626737,-1.9693763067711705,-1.9464623042505609,-22.634680314861377,0.27932220574822253,0.028793954095259644,0.021702472787852062,0.018874486807592863,0.9997645016428657,0.9995290587452076
1841,0.018385661945415906,-1.986648401848371,-1.9460584593495664,-39.90677539206189,0.6831671067426548,0.05010590762578001,0.03505904920009279,0.03584489186760083,0.9993854381844709,0.9987712540551669
1842,0.01612034789290933,-1.9331608768378021,-1.9465113716713762,13.580749618506971,0.23025478493288176,0.024777167905809982,0.02188865729643545,0.01171396206456208,0.999760453521328,0.9995209644251715
1843,0.02154349579896227,-1.9365654210664511,-1.9455469664900187,10.176205389857973,1.1946599662904234,0.046706628468674176,0.03763514440463825,0.027535098733253084,0.999291825107139,0.9985841517259568
1844,0.017985253894814757,-1.9615410123632333,-1.9462861720687241,-14.7993859069242,0.4554543875849859,0.028327939805078663,0.023890916023204155,0.01514482863059197,0.9997146311776933,0.9994293437907514
1845,0.017922974175584618,-1.9342936667874218,-1.9463768273095543,12.447959668887343,0.36479914675480174,0.025922955063540892,0.02383406833238328,0.01038324093190557,0.9997159717304706,0.999432024132999
1846,0.02404225529886425,-1.9550542580425037,-1.945447042004625,-8.312631586194552,1.2945844516840666,0.04625466535398044,0.04342706907750303,0.015513745195793334,0.9990570769041051,0.9981150429121749
1847,0.018728117717880917,-1.9630581389346664,-1.9451641256040981,-16.316512478357303,1.577500852210978,0.0497115039338167,0.046911998971516204,0.015312299174193321,0.998899682535424,0.997800575769371
1848,0.017218020597694707,-1.944045704591198,-1.9461558631705989,2.6959218651110284,0.5857632857102502,0.033976879697308886,0.031192468728417383,0.013416148553142992,0.9995135434890152,0.9990273236179675
1849,0.01959647455086678,-1.9207684412976131,-1.9455873076419221,25.973185158695955,1.1543188143869898,0.04641889598102227,0.04322445607975193,0.017502068877707024,0.999065905234408,0.9981326830018471
1850,0.02344504922476454,-1.972875019927663,-1.9450107206184095,-26.133393471353905,1.7309058378995879,0.05644453785564642,0.052671815345339754,0.019154249143466775,0.9986131731392588,0.9972282695672593
1851,0.017472857015483855,-1.9383335025111819,-1.9462277897869569,8.408123945127244,0.51383666935223,0.032807219248953724,0.03132882210783105,0.009862280529877417,0.9995092527740154,0.9990187463808705
1852,0.017365042196140053,-1.9424622281369295,-1.9460229090488517,4.279398319379624,0.7187174074574365,0.03722592937737814,0.035053142020329574,0.012617948644688669,0.999385645685075,0.9987716688013744
1853,0.02540067294322038,-1.9514311268274136,-1.9447525404153791,-4.689500371104494,1.989086040929955,0.06304748316706607,0.05943040223330859,0.019882660209338186,0.9982340883931753,0.9964712952301537
1854,0.01344781740094723,-1.9239635610763306,-1.9461334824549785,22.778065379978507,0.6081440013305794,0.03375344175849072,0.0291238306256621,0.01738638200575384,0.9995759088894032,0.9991519976320764
1855,0.021424257257795988,-1.968024205118726,-1.9449747035970455,-21.282578662416896,1.7669228592636088,0.053604987579621295,0.04668566944073646,0.025723156790137557,0.9989102274833366,0.9978216425708112
1856,0.014743612959060931,-1.941607154540448,-1.9462529016217862,5.1344719158610275,0.48872483452289117,0.03569203945252346,0.029692580194999756,0.01981789560599207,0.9995591897342886,0.9991185737822675
1857,0.021074925102769274,-1.9639198558413098,-1.9462094937144176,-17.178229385000687,0.5321327418914557,0.03740910362444078,0.03073256333599953,0.021159571214937212,0.9995277555632837,0.9990557341413753
1858,0.022008463029202778,-1.9721818763151908,-1.9465214003920568,-25.440249858881714,0.22022606425231572,0.02813528987299472,0.01969739730452103,0.020245547096830862,0.9998060112468914,0.9996120601254191
1859,0.020447373717325974,-1.9478708777182943,-1.9454326096275298,-1.1292512619851536,1.3090168287792636,0.04779163662187319,0.0404758730863603,0.02512777704553267,0.9991809833972974,0.9983626375827904
1860,0.020516733291345766,-1.944290171040277,-1.9454296687748631,2.4514554160322,1.3119576814459855,0.05000207927400866,0.045661254696068944,0.02136551836487945,0.9989575271360692,0.9979161410218105
1861,0.011034568787406053,-1.9319513384621987,-1.9463459934560994,14.790287994110418,0.39563300020972747,0.02545490235734872,0.022854441611940886,0.011261580140015819,0.9997388423859077,0.9994777529751149
1862,0.020065754685167553,-1.982368275795918,-1.946459377258065,-35.6266493396089,0.2822491982441555,0.03528866102780779,0.02329693781334248,0.02664917871623804,0.9997286426871002,0.9994573590089916
1863,0.01917752808811166,-1.9227540241770946,-1.9466254530248717,23.98760227921448,0.11617343143743852,0.02572298829375077,0.014854602581817835,0.02077574677358191,0.9998896704017977,0.9997793529762156
1864,0.017806958821964106,-1.9132670709414856,-1.945581261143883,33.47455551482348,1.160365312426137,0.04731439351800714,0.040249669369606764,0.025130340526940714,0.9991900506371474,0.9983807572922652
1865,0.02630030179010648,-1.920304175747842,-1.94370854029271,26.437450708467036,3.033086163599208,0.0754763192190405,0.07296677089778536,0.022411423114117465,0.9973385912041162,0.9946842655050111
1866,0.014200712489078591,-1.9587346764841327,-1.946087456359156,-11.993050027823582,0.6541700971531839,0.033957097682474575,0.027906212828607044,0.019158620390048973,0.9996106312789357,0.9992214141658723
1867,0.02536723049440487,-1.931215852035743,-1.9449361876010973,15.52577442056613,1.8054388552117828,0.049573280794277925,0.047097023298003235,0.01622950184848569,0.9988909643602907,0.9977831586806315
1868,0.018362701315297207,-1.9304591456103892,-1.9463225645748865,16.282480845919878,0.4190618814225999,0.03187065458489071,0.028108832413595436,0.01501623269165738,0.999604974911558,0.9992101058679365
1869,0.02329510780480902,-1.996454484692913,-1.9457341092191023,-49.712858236603985,1.007517237206823,0.05647022543515509,0.04236151119056783,0.03728725480643476,0.9991029411240547,0.9982066869627364
1870,0.016414707786244962,-1.9450763980092163,-1.9459187831434812,1.6652284470928258,0.8228433128278922,0.03936496382822954,0.039136240568478774,0.004538504599534928,0.9992342489303447,0.9984690842353902
1871,0.01152952621142999,-1.9487158480500166,-1.9465772287440661,-1.9742215937075258,0.16439771224296962,0.021426248687535173,0.01833457250605023,0.011016272418563317,0.9998319259932806,0.999663880235433
1872,0.020488503902059994,-1.964990714498619,-1.945308944827724,-18.249088042309847,1.4326816285850086,0.054814766944590435,0.04821836208705105,0.025806306574168977,0.9988377370088378,0.9976768248729363
1873,0.02566148072600639,-1.9839388932315145,-1.946029534187389,-37.19726677520541,0.7120922689201059,0.042192600444962126,0.033426740979059066,0.025462519047611827,0.9994413538478896,0.9988830197813025
1874,0.026304702270885855,-1.9620976058997008,-1.9451992725195246,-15.355979443391732,1.5423539367844796,0.04543910863090844,0.043776441761413334,0.011356354344594845,0.9990418537794915,0.9980846256031629
1875,0.02061307527106173,-1.9323628233178958,-1.9437775608356984,14.378803138413332,2.9640656206106897,0.06052934572990165,0.05754844689736937,0.019220519035655623,0.9983446134370172,0.9966919671787073
1876,0.027938154431524677,-1.9561810821500252,-1.9433782488550417,-9.43945569371607,3.36337760126737,0.07321582157006111,0.06744591479706724,0.027938124440448735,0.9977259308604799,0.9954570331114111
1877,0.020960105217047248,-1.9409450271956412,-1.9456927388157543,5.7965992606678896,1.0488876405547742,0.050009066163205315,0.04416784895481201,0.023580337359757963,0.9990246277597754,0.9980502068705578
1878,0.019984130803027283,-1.9457430648416618,-1.946119437907271,0.9985616146472864,0.6221885490380608,0.03266963397654477,0.02868623506222457,0.015580040981974358,0.9995885728179019,0.99917731490813
1879,0.020023166552239124,-1.925888053339771,-1.9457913865074017,20.853573116538016,0.9502399489074165,0.03993683263277214,0.03790582449424398,0.01312908096555123,0.9992815821048461,0.9985636803339643
1880,0.019689019751351844,-1.9514541981256712,-1.9449797649648979,-4.71257166936212,1.7618614914112207,0.05526528420341027,0.05406373334960341,0.010433538901063277,0.998538884112893,0.9970799030854216
1881,0.02315378769336851,-1.9383665098361813,-1.9437167178897747,8.375116620127798,3.024908566534368,0.06262040870665882,0.05946360225861883,0.01962465414344922,0.9982320719879922,0.9964672695454401
1882,0.018872069560562817,-1.9348129378508132,-1.9452066250675866,11.928688605495896,1.5350013887225344,0.05224789454757001,0.05198135223190748,0.006667153084338178,0.9986490031069475,0.9972998314065
1883,0.026755303048486754,-1.9338137019562007,-1.9458674624153003,12.927924500108379,0.8741640410088181,0.03919265849081612,0.03729923447076468,0.011858811196743068,0.9993043905014927,0.9986092648755598
1884,0.017322890862121756,-1.95715378536409,-1.9464753387279627,-10.4121589077808,0.2662877283463594,0.023662293460327336,0.018482660414991872,0.014768340665084945,0.9998291958200545,0.9996584208141769
1885,0.017869241189416015,-1.9521710625823687,-1.945269252378132,-5.429436126059617,1.472374078177019,0.04490395143231899,0.04131861307922596,0.0169970333293784,0.9991464183121774,0.9982935652260526
1886,0.01867752808808098,-1.9315321870177014,-1.945922994715137,15.209439438607752,0.8186317411720268,0.038236674814179805,0.035941819406752305,0.013712580437320997,0.999354092878567,0.9987086029531436
1887,0.01864875101259214,-1.9336336289842444,-1.9455289702007146,13.107997472064703,1.2126562555945242,0.04514071942297923,0.042557867965174766,0.01605511245678451,0.9990944433921038,0.9981897068169778
1888,0.01774213229980318,-1.9295870484658095,-1.9453276109431925,17.154577990499575,1.4140155131165955,0.048499967553411974,0.046533772572233796,0.014346099374045847,0.9989175084225177,0.9978361886330507
1889,0.01872807513564536,-1.9191734792773494,-1.946490547732722,27.568147178959723,0.25107872358720584,0.029241209382829425,0.021785780030140065,0.01948439018804536,0.9997627033085946,0.999525462926909
1890,0.02432291559550656,-1.910821232674681,-1.9432767347038358,35.92039378162815,3.4648917524733314,0.077960569781319,0.07509043824702806,0.023321959378448453,0.9971821858830185,0.9943723118424349
1891,0.013976061990671846,-1.9505930157785996,-1.9464243974810447,-3.851389322290455,0.3172289752644275,0.024923592065880226,0.022772135314350333,0.010332516936835883,0.9997407179573333,0.9994815031418443
1892,0.012408270652557786,-1.9748552180229362,-1.9464565692713236,-28.113591566627072,0.28505718498550436,0.030805548738922973,0.022817887937768486,0.020670315043559328,0.9997396728129477,0.9994794133961398
1893,0.02443745028998258,-1.9544450708369736,-1.9438414465848932,-7.703444380664504,2.9001798714158866,0.06755348796957832,0.06025998308892467,0.031253073768831116,0.9981844232505833,0.9963721428200997
1894,0.019325215354667656,-1.9567507633500048,-1.9454327660462372,-10.009136893695647,1.3088604100719436,0.04832296695824416,0.043079354655681475,0.021726400305849106,0.9990721584927194,0.9981451778753013
1895,0.018576559193739156,-1.9405764995784225,-1.9466010796506674,6.1651268778866175,0.14054680564168365,0.022160845004110252,0.014061124679704287,0.01706300038826698,0.9999011423917613,0.9998022945563493
1896,0.01990783385355674,-1.918206682782848,-1.945746361066411,28.53494367346121,0.9952653898981367,0.04000971864140721,0.03550462368372999,0.018882325677733656,0.9993697585845531,0.998739914373348
1897,0.022686673772251077,-1.9532571478422864,-1.9444430754716915,-6.51552138597733,2.29855098461762,0.05198020472122685,0.050785486649440846,0.010482199399457989,0.9987106200992211,0.9974229026989707
1898,0.021416894609375313,-1.9489148082945846,-1.9449630321183065,-2.1731818382755286,1.778594338002648,0.05571915567804305,0.04982159156942882,0.024995613540179394,0.9987591895610499,0.9975199187326452
1899,0.018817809186880988,-1.9669868899133875,-1.9450264408811073,-20.245263457078444,1.715185575201783,0.05282445512502869,0.044917102925283434,0.02748634403208258,0.9989912308622596,0.9979834793396924
1900,0.022535759194735182,-1.9212267934332046,-1.9443915908748577,25.514833023104533,2.350035581451415,0.0587008781139373,0.05652120050976567,0.01703041990821129,0.9984028295992405,0.9968082101517701
1901,0.014446180661703471,-1.9304789471967807,-1.9463648391297943,16.2626792595284,0.37678732651480473,0.02980362054370477,0.02492941419205208,0.016431462145834703,0.9996892779435504,0.9993786524352972
1902,0.017487799760575597,-1.9428819318813388,-1.9462395597865305,3.8596945749702627,0.5020666697785892,0.0281854289586658,0.027092276449098066,0.007568963997800477,0.9996330184892029,0.9992661716538351
1903,0.024828771376167628,-1.9457791714340276,-1.9448546095910844,0.9624550222815387,1.8870168652247443,0.05979377777709393,0.05590793923006293,0.01975089144823597,0.998437152776898,0.9968767480452388
1904,0.017446074246825472,-1.9411015538253282,-1.9465362177522543,5.640072630980875,0.20540870405483247,0.029028726620983984,0.016815951965717717,0.02354826142733261,0.9998586118877175,0.9997172437660333
1905,0.025852749281762333,-1.9639430973089989,-1.944770929831728,-17.20147085268975,1.9706966245811586,0.0543520428101388,0.05226313675883186,0.013697629064914828,0.9986343926356365,0.9972706501547466
1906,0.02271958883360872,-1.9699955200876207,-1.9455593620646112,-23.253893631311584,1.1822643916978848,0.04798705263685805,0.04448644481226907,0.01718385352591209,0.9990106660561174,0.9980223108938874
1907,0.02313696824828034,-1.9271218268979216,-1.9461204450876985,19.61979955838755,0.6211813686105572,0.0454017986235228,0.02828892588243021,0.03518175646908496,0.9995998864859376,0.9991999330626993
1908,0.02457304939213334,-1.9146047037278449,-1.9457216142794895,32.13692272846424,1.0200121768195736,0.05035731787635962,0.043212224043974325,0.026067364524439317,0.9990665617375266,0.9981339947820431
1909,0.018739679108903486,-1.9396993531890743,-1.9452904884932736,7.042273267234833,1.4511379630355314,0.04472857909123652,0.04242266062130896,0.014316447054000526,0.9991002620860447,0.9982013337004033
1910,0.019494473180548432,-1.9535719501454925,-1.945784892191787,-6.8303236891833485,0.95673426452203,0.0378525353580828,0.03474258229026724,0.014629854143155381,0.9993964809143124,0.9987933260639117
1911,0.020300301790147815,-1.9395950244266904,-1.945269272812977,7.146602029618698,1.4723536433320916,0.05054864940315206,0.04860190873030509,0.014132341852998035,0.9988191769054892,0.9976397481541589
1912,0.022634824007303062,-1.9494389205209635,-1.9439264594237209,-2.697294064654354,2.815167032588217,0.060261680071887855,0.05756870319367826,0.01774825468179903,0.9983429271376185,0.9966886001657083
1913,0.01917370305047654,-1.921556361169371,-1.9456960712125644,25.185265286938208,1.0455552437447224,0.04802762104637481,0.04309433153073194,0.021744681556647313,0.9990714591320045,0.9981437804521525
1914,0.02332928300133018,-1.963914120923499,-1.945794207129971,-17.172494467189825,0.9474193263381281,0.04663650511363059,0.04153810829337754,0.0209322756049121,0.9991373200757935,0.9982753843682386
1915,0.020382411938132075,-1.953451389452692,-1.9436152508310387,-6.709762996382818,3.1263756252704056,0.06768352763231497,0.0665634999836876,0.011079682937701816,0.9977857863612956,0.9955764754646289
1916,0.02053952201500779,-1.9191541899704887,-1.9457203703584913,27.587436485820405,1.0212560978177798,0.04875906269045473,0.04539158121629158,0.018410852614694325,0.9989699713876857,0.9979410037343136
1917,0.02106880295436018,-1.9474756956437076,-1.9460119799869389,-0.7340691873984895,0.7296464693702376,0.03428421558070606,0.03356280180870162,0.007034733186127274,0.9994367737480641,0.998873864719939
1918,0.015930685420451198,-1.933607401818256,-1.9466101914933607,13.134224638053027,0.13143496294842905,0.025160960966733446,0.01315581411638001,0.02122020226694365,0.9999134629530104,0.9998269333946813
1919,0.024193306070629448,-1.964538550094143,-1.9450250909068083,-17.796923637833917,1.7165355495007972,0.05468124155374731,0.046331366915319826,0.028574244106362688,0.9989267026380447,0.9978545572433166
1920,0.021380071057293525,-1.9603383953974098,-1.945821671502302,-13.596768941100734,0.9199549540070961,0.03895070763822097,0.035137627404250985,0.017025205263079768,0.9993827027025924,0.9987657864611382
1921,0.014026785416967166,-1.966257256664685,-1.946330900175503,-19.515630208375878,0.410726280806184,0.029833242330054233,0.026138484443180735,0.014267645741326815,0.9996584016617491,0.9993169200129229
1922,0.015900186677393863,-1.9382213489477664,-1.9456610246184936,8.520277508542673,1.0806018378155535,0.04635277333382668,0.03984455524267419,0.023356745235584564,0.9992063318417482,0.9984132935926419
1923,0.0162975198740894,-1.9587730689208904,-1.945918343042954,-12.031442464581321,0.8232834133550249,0.03580543775042996,0.031344953183332386,0.01710294550654947,0.9995087476440275,0.9990177366169323
1924,0.021549423955863727,-1.9250670599092097,-1.9453365236902165,21.674566547099428,1.4051027660926252,0.04766569963136704,0.042394455480341674,0.021950242276567344,0.9991015048707765,0.9982038170350503
1925,0.023413139550403004,-1.918368782501313,-1.946132137680382,28.372843954996174,0.6094887759271472,0.03529902920474318,0.028781804559520306,0.020555965995301653,0.9995858443885712,0.999171860302013
1926,0.01901266687009787,-1.9438158896383657,-1.9458562519716833,2.925736817943392,0.8853744846257783,0.042517352134598875,0.03374687195313893,0.025578914876319525,0.9994306117602207,0.9988615477234091
1927,0.026857283559100838,-1.9305468464774778,-1.9455813161675939,16.194779978831342,1.1603102887152161,0.048058515329713274,0.040947369727309786,0.02477969818218127,0.9991617236176444,0.9983241499425821
1928,0.027611329719252405,-1.942445489646978,-1.9445659854408006,4.296136809331053,2.1756410155084893,0.05433026637686666,0.054132287083545186,0.0051057518790086015,0.9985349443562099,0.9970720351004593
1929,0.022821789256926017,-1.9573630115373584,-1.944184786828757,-10.621385081049262,2.5568396275521543,0.0673149510557018,0.06459003207557983,0.0172637906034567,0.9979141787816822,0.9958327082135192
1930,0.019734882587360288,-1.964951731261458,-1.946060761411131,-18.21010480514884,0.6808650451781695,0.03457473253773992,0.028805702207672094,0.01921116878276804,0.9995851531196729,0.9991704783372799
1931,0.01742900874732601,-1.91239766767936,-1.946257228503869,34.34395877694918,0.484397952440041,0.04115699454554516,0.030173960249992807,0.027828407001659238,0.9995448150490754,0.9990898372914905
1932,0.018651995921656207,-1.9635699739382748,-1.9453780548876993,-16.82834748196571,1.3635715686097782,0.05051942429606542,0.04684082123673337,0.018319200316880623,0.9989030249509634,0.997807253256185
1933,0.017604213803351094,-1.962204057841303,-1.9459562395831826,-15.462431384993813,0.785386873126459,0.03628489263491758,0.03055334412267531,0.01958950144847997,0.9995332476342688,0.9990667131263085
1934,0.01543497683803886,-1.9375879671592398,-1.9451480088593962,9.15365929706935,1.5936175969128996,0.047038543569556376,0.04508223525125596,0.013646625956623906,0.9989838462363588,0.997968725041189
1935,0.02498583283549903,-1.9604447406674337,-1.9462232627307683,-13.703114211124579,0.5183637255408158,0.02929967656584309,0.02727220840282091,0.010429717937221493,0.9996281174449645,0.9992563731865637
1936,0.02585330348907822,-1.9873015744854243,-1.9446419055528648,-40.55994802911522,2.0997209034443465,0.06383306597333184,0.05490850539915249,0.03154598614721056,0.9984926683194485,0.9969876086876922
1937,0.027770002933799103,-1.9384035111107092,-1.9449211462375298,8.338115345599917,1.8204802187793412,0.05619404494167513,0.054942607888222354,0.012820332678990841,0.998491044785315,0.9969843665164699
1938,0.02285032347261358,-1.9393657774527944,-1.945771293301082,7.375849003514734,0.9703331552270988,0.04758965833007996,0.04196355132474622,0.022340570359773732,0.9991197028616857,0.9982401806464232
1939,0.021244006549947826,-1.9342887303203027,-1.9427921498089844,12.45289613600642,3.949476647324701,0.0704846369680882,0.06739634091197759,0.020899535694603302,0.9977299963201237,0.9954651455569541
1940,0.0174893000549643,-1.9413071153445742,-1.9447081772050818,5.434511111734874,2.0334492512272817,0.051980605535464706,0.05157412140870016,0.007739931217394629,0.9986700551588986,0.9973418790710776
1941,0.01517379327552192,-1.9545537438747036,-1.9464051077532891,-7.812117418394493,0.33651870301998343,0.023841535879019275,0.02003031577079567,0.012827294102810619,0.9997993932422343,0.9995988267275399
1942,0.02333814471967771,-1.9626765550328773,-1.9449753667895988,-15.934928576568197,1.7662596667102903,0.053064037606475656,0.05008801147438282,0.01701615132748891,0.9987457321187077,0.9974930374253334
1943,0.01716590084190778,-1.9735654413559052,-1.946050944880599,-26.823814899596066,0.6906815757101725,0.04156404073757263,0.03208024188652286,0.026183086912165275,0.999485429915348,0.9989711246130679
1944,0.022070948670478676,-1.9393819357062416,-1.9459129522418397,7.359690750067482,0.8286742144694159,0.03945236054675249,0.03645968581411064,0.014894686401532544,0.9993353511706223,0.998671144099311
1945,0.02350115047349937,-1.936865869100363,-1.943441341101009,9.875757355946035,3.3002853553001366,0.06789240919303742,0.06574305654944039,0.01729026576574227,0.9978392400845174,0.9956831490524471
1946,0.020452482774313024,-1.9494726047695685,-1.9452118269208556,-2.7309783132594134,1.5297995354535132,0.04670056379454034,0.04478040515546179,0.012609114015266914,0.9989974979782794,0.9979960009668624
1947,0.02477919748623881,-1.985350907407062,-1.9461544911507047,-38.609280950753,0.5871353056043915,0.04115393697233662,0.03099374584357593,0.027120462717291488,0.9995197155763125,0.9990396618257525
1948,0.021795132538248947,-1.9455081846719169,-1.9462196981698578,1.2334417843922196,0.5219282864512564,0.032755008499492845,0.03138837675975258,0.009031899758633213,0.9995073886842915,0.9990150200344913
1949,0.014222398131425508,-1.928454740928444,-1.9461740512306107,18.28688552786506,0.5675752256983913,0.03165283832999709,0.02819826282962901,0.014748539258177387,0.9996024358733465,0.9992050298039279
1950,0.02342031830948374,-1.9455428556179306,-1.9437822909368847,1.1987708383784934,2.9593355194243998,0.06522298773813728,0.06414672007256546,0.011238299382023975,0.9979426426914304,0.9958895181019559
1951,0.027575103893852388,-1.929425790688026,-1.9434104001814034,17.315835768282994,3.3312262749056742,0.08063301313837204,0.08013269800031844,0.011429328676698363,0.996789903212793,0.9935901111469693
1952,0.017293031816659775,-1.9364988481897727,-1.9462819076632003,10.242778266536412,0.4597187931087987,0.031232436224585814,0.029185175743127383,0.011539098285828026,0.9995741133290956,0.9991484080376477
1953,0.020601161410686894,-1.9450389877004068,-1.945885484577248,1.7026387559022638,0.8561418790611341,0.04350934428280709,0.03608512650215799,0.023770652914886507,0.9993489390343997,0.9986983019491803
1954,0.02495464633918181,-1.9606461049485724,-1.94552555072722,-13.904478492263284,1.2160757290891056,0.04530177289210793,0.04346806775694727,0.012043706987468655,0.9990553448092387,0.998111581991907
1955,0.012127592507122106,-1.939024074113077,-1.9463455907249505,7.717552343232015,0.3960357313586016,0.023732034467190875,0.02258885557301996,0.0074783034339347045,0.9997448788246699,0.9994898227361538
1956,0.012448191356705733,-1.9387106941965933,-1.945940135921364,8.03093225971585,0.8014905349451595,0.036962206003139146,0.035971091753360704,0.008774728386109766,0.9993531078793567,0.9987066342281292
1957,0.016951706256587505,-1.9377607467121802,-1.9450575530469758,8.980879744128867,1.6840734093332976,0.04848536965442009,0.04497028811224455,0.0178771951379404,0.9989889220625251,0.9979788664036459
1958,0.022088497188917693,-1.9656334472321768,-1.945183303440501,-18.891820775867707,1.5583230158080497,0.05845629875800904,0.051061862459879474,0.027725318433698853,0.9986966140158607,0.9973949268467451
1959,0.011790603359132497,-1.9373123078207792,-1.9463122419631749,9.42931863552987,0.42938449313423277,0.027367562988585586,0.024502393352021527,0.012246139891818896,0.9996998189441471,0.9993997279969604
1960,0.017550566682692455,-1.928731217782296,-1.9463460445045782,18.010408674013156,0.39558195173095,0.0276322268411093,0.021655920673171652,0.017122595108510816,0.9997655151280099,0.999531085239175
1961,0.022641232534766825,-1.9626426036580564,-1.9459253586289156,-15.900977201747324,0.8162678273935242,0.04158915329966416,0.03778222250665578,0.01696425674764448,0.9992863315793865,0.9985731724813875
1962,0.01859572604082503,-1.9679149632723811,-1.9467195037368927,-21.17333681607203,0.022122719416373116,0.016671700486066192,0.0050233853854235126,0.016039482472947817,0.9999873828182553,0.9999747657957039
1963,0.01645942137425096,-1.9495458710816187,-1.9459298670202914,-2.804244625309593,0.8117594360177449,0.033635332299749555,0.031518020689891686,0.011582105864219993,0.9995033358413272,0.999006918357941
1964,0.02021777534027903,-1.9260171535779536,-1.9463419412401255,20.72447287835555,0.3996852161836095,0.03657420359433521,0.027558453333285434,0.024117182629818094,0.9996202668988818,0.9992406779949917
1965,0.018604213803354804,-1.9589076760097857,-1.9463952737876908,-12.166049553476554,0.3463526686182661,0.02601069080022874,0.021775569127668384,0.014331652251223511,0.9997629123479486,0.9995258809064519
1966,0.018077207013114112,-1.941218689429803,-1.9452952680243925,5.522937026506192,1.44635843191665,0.05016140776378507,0.04502268398148406,0.022498969731967668,0.9989866235750381,0.9979742740818548
1967,0.01304670077408018,-1.9504733496868194,-1.9464289748252515,-3.7317232305102976,0.3126516310576477,0.021878913373535456,0.02115767828059717,0.005485153598578624,0.9997761813820505,0.9995524128588748
1968,0.02522606199069674,-1.9376487494907082,-1.945449216995028,9.092876965600905,1.2924094612811743,0.048370228488148606,0.04358771618918396,0.021049587887889867,0.999050272028754,0.9981014460407273
1969,0.016616411394512656,-1.933667043347315,-1.9462875718728287,13.074583108994009,0.45405458348035665,0.03208292138097544,0.026036399833611168,0.01895918532664308,0.9996610533546458,0.9993222215941201
1970,0.018251106703505576,-1.9493918210428072,-1.945185246366785,-2.650194586498067,1.5563800895241897,0.04944874105491553,0.041834725499194064,0.026739522826707288,0.9991250818963937,0.9982509292744755
1971,0.016553087815060732,-1.9608197652887693,-1.9459144123859378,-14.07813883246023,0.8272140703713404,0.03864278537695439,0.03600672433423807,0.013751437824823989,0.9993518416776765,0.9987041034645638
1972,0.019689791170769647,-1.957366364203718,-1.945922241966296,-10.624737747408908,0.8193844900130642,0.03797014234680742,0.0318380600177825,0.02082065890527963,0.9994931874391046,0.9989866317371812
1973,0.021918239074343815,-1.9725504782121706,-1.945021379461754,-25.80885175586145,1.7202469945551968,0.062144694130091896,0.05423540279614074,0.029101410721818932,0.998529329360104,0.997060821592339
1974,0.02446929712113602,-1.9418095815512133,-1.945787621224331,4.9320449050958,0.9540052319780834,0.04699452647338528,0.03360802958862466,0.03285882790438519,0.9994352532287972,0.9988708253965101
1975,0.0244293162220383,-1.9546140731439088,-1.945258387792853,-7.872446687599677,1.4832386634560102,0.05086752557581543,0.043225966031911395,0.026503890544597425,0.9990657806346949,0.9981324340352122
1976,0.029757577448282935,-1.9603292521238413,-1.9430791142036072,-13.587625667532244,3.662512252701866,0.07272559824622743,0.0695229188982669,0.019180807673296774,0.997583460051744,0.9951727597688096
1977,0.014622024566095224,-1.9545836852091483,-1.946096882533683,-7.842058752839165,0.6447439226260343,0.03421627791021573,0.032373635836697695,0.010934904263412648,0.9994760264460647,0.9989523274404146
1978,0.02317900874732872,-1.9246217615922083,-1.945983162299436,22.11986486410078,0.7584641568731953,0.03961276758580249,0.03650751336002208,0.015860179199807214,0.9993337045740993,0.9986678530977932
1979,0.01990424922577087,-1.9612362436150337,-1.9453646581292652,-14.494617158724576,1.376968327043926,0.05108846123847547,0.049516072580562315,0.011331192225445706,0.9987743153788784,0.9975501330605473
1980,0.01785165154938239,-1.956456072352071,-1.946111695700633,-9.71444589576187,0.629930755676078,0.03632539670203069,0.03296464491316228,0.015330414451344728,0.9994566848000355,0.9989136647914775
1981,0.02360657941759773,-1.9358823539769368,-1.9460249645165455,10.85927247937235,0.7166619397636076,0.04837844053875046,0.028798174957015112,0.038424601601708325,0.9995853612721697,0.9991708944696139
1982,0.026055920059969314,-1.9588368888846357,-1.9456819367315765,-12.095262428326592,1.059689724732582,0.04119503960536806,0.03940093638517396,0.011207929603633284,0.999223790655841,0.9984481838126279
1983,0.028268783920269935,-1.9812645456610924,-1.9447341846081658,-34.52291920478334,2.0074418481432765,0.06793399522380664,0.061807701603154776,0.027431684344932268,0.9980905989538486,0.9961848437200521
1984,0.016399482535876045,-1.9367815523464256,-1.945886765643625,9.960074109883532,0.854860812684155,0.03545669839999493,0.03448464561918555,0.008592156321320023,0.9994054306008692,0.9988112147145087
1985,0.021519141487777976,-1.9533720361603721,-1.9458975002242764,-6.630409704063034,0.8441262320326715,0.036551315132262154,0.035755079044864704,0.007128719537897431,0.9993608371014275,0.998722082732066
1986,0.019280744000517585,-1.944817431694924,-1.9458836811663043,1.9241947613850563,0.8579452900048246,0.036747608272913915,0.03252167582754984,0.01691127100486532,0.9994711708752085,0.9989426214106603
1987,0.023448150235044405,-1.9503929921029763,-1.9460057507548163,-3.6513656466672373,0.7358757014928052,0.03308368968916106,0.03205261006096284,0.007890138591938671,0.9994863173789196,0.9989728986276744
1988,0.013995957086733382,-1.9305004732979352,-1.9464426487237099,16.241153158373933,0.2989777325992371,0.03137361355038346,0.024060373885237,0.020125155508715988,0.9997105637399271,0.9994212112532027
1989,0.01638122034298072,-1.9620779924109304,-1.946680590450825,-15.33636595462129,0.06103600548401644,0.018026093791590387,0.010435958357291617,0.01481924985449669,0.9999455455914478,0.9998910941481781
1990,0.015463221427767482,-1.9539186496875753,-1.9462078335539281,-7.177023231266233,0.5337929023809806,0.026544703626394172,0.024654785348124573,0.009739910638707109,0.9996960772869957,0.9993922469430069
1991,0.02289972004669124,-1.9326911060921892,-1.9463211880493037,14.050520364119912,0.4204384070054523,0.03175616273407138,0.024531262500464935,0.020019863710824724,0.9996991085805755,0.9993983076967974
1992,0.019111748669495516,-1.951187290520506,-1.9455740802227643,-4.445664064196997,1.1675462335447584,0.04188227715837054,0.041454999005286285,0.005444801764068138,0.9991407594543965,0.9982822572031083
1993,0.02419540679221953,-1.9701795456109445,-1.94577259742545,-23.437919154635445,0.9690290308590477,0.048092329524811656,0.04196628152219887,0.022956151512176486,0.9991195463765383,0.9982398679516598
1994,0.01764994141993472,-1.9204873241565303,-1.9464835812064647,26.254302299778765,0.25804524984440746,0.026756890757601896,0.018169142911623495,0.019543786915539135,0.9998349465263382,0.9996699202953255
1995,0.013657901795043689,-1.947225153851967,-1.946574440378429,-0.48352739565782343,0.1671860778800216,0.02137942633443071,0.01416268258049127,0.016032267462838836,0.99989970963723,0.9997994293326168
1996,0.01575612214839177,-1.9656802487862797,-1.9464075331497017,-18.938622329970567,0.3340933066073859,0.029236701506712308,0.021788428266385638,0.019647059989983298,0.9997626342026238,0.9995253247477693
1997,0.017072139077808825,-1.9511284137889937,-1.9454459858956612,-4.386787332684605,1.2956405606479038,0.04470465352362512,0.04011880870866457,0.019242649895479583,0.999195268507175,0.9983911846071255
1998,0.020668641636355373,-1.9603993696675597,-1.9453948678428412,-13.657743211250573,1.346758613467891,0.04668185269172994,0.045425688729032236,0.010125374128890214,0.9989682651115721,0.9979375947000242
1999,0.025875958416131314,-1.954267321758515,-1.9463661965209542,-7.525695302205815,0.37542993535488733,0.030526000680609625,0.027002532634311568,0.014365333558605616,0.9996354362509426,0.9992710054086125
