bootstrap_index,mean_setting_tv_vs_ideal,raw_energy_hartree,projected_energy_hartree,raw_energy_error_millihartree,projected_energy_error_millihartree,raw_gamma_frobenius_error,projected_gamma_frobenius_error,raw_idempotency_frobenius,one_spin_slater_fidelity,full_rhf_determinant_fidelity
0,0.01799717285341927,-1.9225045610624567,-1.9454795317793205,24.237065393852397,1.2620946769885677,0.0533355266873226,0.04840661325566608,0.023129220695907542,0.9988286749548089,0.9976587219119792
1,0.033188910688132636,-1.9327132821878592,-1.9446675293355289,14.0283442684499,2.074097120780216,0.059713887675193845,0.057462377636849624,0.017673166672953638,0.9983494891384105,0.9967017024629252
2,0.01758688518304024,-1.937594063583944,-1.9464164727848112,9.147562872365178,0.32515367149787977,0.02650828065290482,0.022919176496908653,0.013224523516936254,0.9997373561474302,0.9994747812766537
3,0.0318364864939063,-1.9238058963359352,-1.943074690024768,22.935730120373865,3.6669364315411457,0.06952863528117934,0.0661762983621498,0.023186851408718605,0.997810995495541,0.9956267827318025
4,0.02061512977276645,-1.9510543705781267,-1.9453016219201358,-4.312744121817591,1.4400045361733227,0.043622937153121155,0.040898528501938175,0.015110300534734578,0.9991637002515585,0.9983280999003863
5,0.021928123166420246,-1.9172019232248998,-1.9443882211447698,29.53970323140931,2.3534053115392695,0.057717837166997264,0.05439271812937168,0.021066056684866295,0.9985208199192694,0.9970438278122501
6,0.02255010661082349,-1.9109531328247351,-1.9456114106762057,35.78849363157399,1.1302157801034163,0.04415069239236234,0.038027582554962004,0.022938886028968347,0.9992769518356386,0.9985544264699252
7,0.02631411794594756,-1.9761160628953733,-1.9444452797410998,-29.374436439064233,2.2963467152092853,0.06615439454382224,0.0536651277439354,0.038329828984747565,0.9985601802545226,0.9971224335899448
8,0.01827214717478439,-1.9229560229449854,-1.9457513319343873,23.78560351132375,0.9902945219217862,0.03760625350615827,0.03444262224641652,0.015514925015932149,0.9994068615557591,0.9988140749247322
9,0.02413902519989524,-1.9212308339536672,-1.946355616597075,25.510792502641877,0.38600985923409326,0.030615249397752745,0.025905537289637445,0.016501001037815807,0.9996644524394669,0.9993290174710991
10,0.03565816668762377,-1.9202711367258336,-1.9448379179255693,26.4704897304755,1.903708530739845,0.06155137955457851,0.058458099256629176,0.020181005524998016,0.9982913603342474,0.9965856401180021
11,0.030938910688132624,-1.9322273358500042,-1.9440025487720114,14.514290606304936,2.7390776842977083,0.06070647142422865,0.057550852014300415,0.01984399758743183,0.998344183170753,0.996691108070878
12,0.033376691163922285,-1.9248247256976898,-1.9418730021095716,21.916900758619295,4.868624346737516,0.08347841389985891,0.07996322056523539,0.02726276226375453,0.99680321799192,0.9936166553990471
13,0.033096386974205486,-1.907872745234117,-1.9396550452231274,38.86888122219201,7.086581233181732,0.09739430533209245,0.09059324568597625,0.037774334464686476,0.9958989125781378,0.9918146440743173
14,0.025137058274866612,-1.9158551656764475,-1.9449997318618617,30.88646077986157,1.7418945944474018,0.05992743582905655,0.04996350889070516,0.03360027717519605,0.9987520450922244,0.9975056475759005
15,0.02927837838634492,-1.9345571447757195,-1.945518869833286,12.18448168058961,1.2227566230231801,0.04175977137204377,0.03980883306776214,0.013415461602196173,0.999207628410032,0.9984158846728005
16,0.018570417410196036,-1.9323337060033017,-1.9455335903757007,14.407920453007428,1.2080360806083767,0.042995461372881925,0.03900049146719019,0.017908520772246955,0.9992394809119141,0.9984795402131115
17,0.030578484997148703,-1.9481439158109881,-1.9433353624095637,-1.4022893546790094,3.4062640467453775,0.06343055094970707,0.06306395972067748,0.006473095414869104,0.9980115245680727,0.9960270031706888
18,0.026692511704163917,-1.9099307622995065,-1.945177769281192,36.810864156802566,1.5638571751170893,0.051824505309566275,0.044742604108396006,0.02692460280579829,0.9989990523927175,0.9979991066815475
19,0.029607174495916513,-1.9267318780037008,-1.9450330449753206,20.009748452608278,1.7085814809885136,0.0519523300218349,0.04552480259347466,0.025470847085442602,0.9989637635935258,0.9979286009729417
20,0.024205266150905853,-1.9376845374733975,-1.9465570724455172,9.057088982911576,0.18455401079187084,0.020153804382747723,0.018007318907896173,0.009082847295864888,0.9998378708172169,0.9996757679203057
21,0.024721222924537052,-1.9360626632451934,-1.9452605194123505,10.678963211115722,1.4811070439586516,0.04597160039098196,0.042062644068804465,0.018974287865424582,0.9991153706319552,0.9982315238330293
22,0.0225699099085718,-1.9627672252463115,-1.9460909933834099,-16.025598790002427,0.6506330728992538,0.03609412675730388,0.03361281415004169,0.012568217982275845,0.9994350931870764,0.99887050549386
23,0.018400186677401963,-1.9417343758457133,-1.9460756316820385,5.007250610595815,0.6659947742706507,0.04011377291972996,0.03494370084871594,0.01942764115892607,0.9993894700100541,0.9987793127669767
24,0.030432144593192472,-1.9393892741912298,-1.9439194430851214,7.352352265079354,2.82218337118767,0.06581356659041236,0.05990364812220474,0.02846902184831782,0.9982057947531742,0.996414808678816
25,0.03328417009826972,-1.9327624854170098,-1.9439035318006967,13.979141039299314,2.8380946556123554,0.06474145256488327,0.06446140421492005,0.008913072492132017,0.9979224833686429,0.9958492828126393
26,0.025933759048991478,-1.9204275770094725,-1.9429109642579443,26.314049446836574,3.8306621983648093,0.07570348768401616,0.07095003016604043,0.028669942941171003,0.9974832373570048,0.9949728088082108
27,0.023244295614047613,-1.9375050073626936,-1.9461603819140596,9.236619093615506,0.5812445422495038,0.036024430158598755,0.029187059165076575,0.02129804251568672,0.9995740590078287,0.9991482994413862
28,0.02798521277311322,-1.9649190663122706,-1.945603992129883,-18.17743985596154,1.1376343264259958,0.04425933567238081,0.04125493726546568,0.01574006683594448,0.9991491582690202,0.9982990404696915
29,0.026699650529413053,-1.944800819089788,-1.9459973522002938,1.9408073665210246,0.7442742560153093,0.031681939063985066,0.029152425518968048,0.01215491735883055,0.9995750823666278,0.9991503452882509
30,0.021296700774109476,-1.950024726959264,-1.946624507227632,-3.2831005029549942,0.11711922867707614,0.02014698732576263,0.0148964437383445,0.013612044675580574,0.9998890508858499,0.9997781140814057
31,0.023478716668970147,-1.9282453254149414,-1.9448678022816466,18.49630104136768,1.8738241746625306,0.05131482790203321,0.050004405415800604,0.012961547448125152,0.9987498282136756,0.9975012193568465
32,0.02848154381563977,-1.9495466205601255,-1.9418862079353352,-2.804994103816405,4.855418520973931,0.07491075636451246,0.07409633487105853,0.0091896934796543,0.9972557299816905,0.9945189909813145
33,0.03483451956883078,-1.9423691979757025,-1.943563070359266,4.372428480606594,3.178556097043206,0.06281891954235216,0.06249782182862582,0.006936492359254747,0.9980470364995067,0.9960978870654476
34,0.021696513495730346,-1.950671856511643,-1.9463449981296692,-3.930230055333883,0.3966283266398918,0.033479945773273165,0.02712191214544182,0.01985569672033697,0.9996322027756441,0.9992645408260865
35,0.02232008722443563,-1.9396413481057089,-1.945942926036987,7.100278350600231,0.7987004193221736,0.033766099694228176,0.03292731937061715,0.007388938083378442,0.9994578976045471,0.9989160890841012
36,0.029694478629208945,-1.8862631645918804,-1.9454388287704358,60.47846186442874,1.3027976858732693,0.061845368175607485,0.04324950989697205,0.044002206015721516,0.9990647664392706,0.9981304075403542
37,0.01570683438676019,-1.9428349180135964,-1.946446607230979,3.906708442712681,0.2950192253301509,0.020726055661293586,0.02014024004979826,0.004998484995476111,0.9997971887369935,0.9995944186063954
38,0.02507209795617597,-1.923139221735686,-1.945222901750329,23.602404720623138,1.5187247059800235,0.0483688317373812,0.04637143973534343,0.014736926689442478,0.9989249409655085,0.9978510376829447
39,0.03345130756744353,-1.9521000000981295,-1.9462328967541935,-5.3583736418203465,0.5087297021155734,0.0318562581463986,0.028518962132079852,0.01380603897756339,0.9995933360322397,0.999186837440062
40,0.029561777065105037,-1.952770722200272,-1.9434347466899984,-6.02909574396282,3.306879766310722,0.07502633952178449,0.06458250351667896,0.03760517326445927,0.9979150475166105,0.9958344420600791
41,0.02125822526766205,-1.9189354453059344,-1.9457453726737504,27.806181150374698,0.9962537825587425,0.04811448182146414,0.03764490641268776,0.030153480284205968,0.9992914743810357,0.9985834507706242
42,0.02138555288222107,-1.9231115232137956,-1.945965665648916,23.630103242513467,0.7759608073931723,0.04301156439157054,0.03440862959834209,0.025573897361372146,0.9994080407261172,0.9988164318680164
43,0.0366509828302265,-1.924598113545571,-1.9432063459192361,22.143512910738128,3.535280537072971,0.07798079424280092,0.07564618310894596,0.020226253935170423,0.9971388641076522,0.9942859143138988
44,0.022483245848049345,-1.9547520258372864,-1.946468559854263,-8.010399380977251,0.27306660204606814,0.02312337984007424,0.02159659937962845,0.00809069961437196,0.9997667940850359,0.9995336425550705
45,0.01998271902251043,-1.9018029247301274,-1.946240146672732,44.93870172618175,0.5014797835771745,0.04585529116389733,0.031582562769944034,0.03307589359715013,0.9995013047663885,0.9990028582297131
46,0.028528181746467308,-1.9244905441839915,-1.9454759019561487,22.251082272317646,1.2657245001603812,0.04241717353273242,0.039585442135276545,0.01569625401966973,0.9992165114137775,0.9984336366819199
47,0.02367379062718261,-1.940732188944042,-1.943142679412784,6.009437512267013,3.598947043525147,0.06834503071385026,0.06501577082758091,0.022212228568966215,0.997886630410852,0.9957777271527244
48,0.027001857861888967,-1.9166652655016303,-1.9439983137967831,30.076360954678805,2.743312659525987,0.06297203097486705,0.057700537982054795,0.026256680107165097,0.9983353727268455,0.9966735164376495
49,0.01940420810417781,-1.9487657389890856,-1.9451476877134974,-2.0241125327764564,1.5939387428116625,0.046849474983521364,0.04583939084279663,0.009074996969696464,0.9989494703543366,0.9979000443212096
50,0.024063676048672558,-1.9066849648498916,-1.9442407738499312,40.05666160641752,2.50085260637789,0.0648046192920759,0.06010251647263213,0.025910666490848916,0.998193856808097,0.9963909757694237
51,0.020844728149853872,-1.9609190682505881,-1.9445781983038335,-14.177441794279044,2.1634281524756105,0.05994096345666247,0.05459690101009597,0.023383193756414046,0.9985096737166723,0.9970215685057754
52,0.018305674551899326,-1.938674040714856,-1.945080321789091,8.067585741453165,1.6613046672180332,0.04377757367506979,0.043241902914515386,0.007387793378269313,0.9990652791836424,0.9981314320702893
53,0.029733644537179353,-1.9264840936320364,-1.9446993406503725,20.257532824272673,2.0422858059365723,0.061657888799108204,0.060418711041721335,0.013858075407501547,0.9981751785968983,0.9963536871669498
54,0.027826518072076707,-1.9395338470481265,-1.9434161623128656,7.207779408182624,3.3254641434434795,0.06620126708999853,0.06487214275949221,0.013863049889905148,0.9978959985175853,0.9957964238574085
55,0.017910174734346397,-1.928040533683182,-1.946583065760054,18.701092773127037,0.1585606962550834,0.01809333039778409,0.013342815615011739,0.01223819105301108,0.9999109855632202,0.9998219790500104
56,0.027387607383945453,-1.9572792497590037,-1.9434992535185438,-10.537623302694588,3.242372937765303,0.06407857718711284,0.06100812384650059,0.0185817963071389,0.9981394154268176,0.9962822926285891
57,0.027184843041499956,-1.935164142770727,-1.944109549088507,11.577483685582202,2.6320773678021325,0.05648731577749925,0.05567994036071276,0.010546040785527056,0.9984503480456952,0.9969030975125699
58,0.030261427594503062,-1.9244748442369344,-1.944248828623765,22.266782219374726,2.4927978325441913,0.062413423534198056,0.061063353117490116,0.015097642175187536,0.998135650062746,0.9962747759261804
59,0.02281571091521619,-1.9270077801950733,-1.9451526149298661,19.733846261235755,1.5890115264429738,0.04874035890191699,0.04458224165129545,0.020684993328497818,0.9990062118743065,0.9980134113634518
60,0.020174189316348096,-1.9169048667186173,-1.9450552483930343,29.836759737691843,1.6863780632747627,0.04955435212372632,0.04465044671930339,0.02235334749539762,0.9990031914055787,0.9980073764385313
61,0.028309676343493198,-1.9344439497608332,-1.9443743635879407,12.297676695475879,2.367262868368414,0.05899672732662642,0.05248663081791184,0.026863693458830298,0.9986230347336272,0.9972479655005992
62,0.02679175264481449,-1.9129054465551667,-1.9417014856593255,33.8361799011424,5.040140796983561,0.0807265041512952,0.07618047555950867,0.029214061207747118,0.9970992626433989,0.9942069395640097
63,0.030487977076451997,-1.9143502299472768,-1.9446634006358587,32.39139650903233,2.0782258204503634,0.05363012349347275,0.04794657881182273,0.024667460975949632,0.9988508116301719,0.9977029438942531
64,0.018357661387675563,-1.9651665141651165,-1.946003905473347,-18.424887708807347,0.7377209829622089,0.03667725869842532,0.029356925016892486,0.022055498679467603,0.9995690859227596,0.9991383575324612
65,0.02368694376308697,-1.9269557048603343,-1.946234725707283,19.78592159597481,0.5069007490261512,0.031414738835706814,0.026500532499591244,0.016950135287070633,0.9996488789991244,0.9992978812842059
66,0.027438091588201326,-1.9090079007579124,-1.9453555788841912,37.733725698396725,1.38604757211791,0.05670157879658155,0.05155083632745836,0.02453034345458699,0.9986716968684624,0.997345158126134
67,0.03584720607409847,-1.9169063998035039,-1.9394979339139666,29.835226652805247,7.2436925423424725,0.09712787918713531,0.09535808386832564,0.02126130000729019,0.9954550317334624,0.9909307202034686
68,0.017672285234542874,-1.9555876551031737,-1.9453662641628628,-8.846028646864568,1.3753622934462584,0.04070122595801765,0.03912895129956091,0.010610997608613431,0.9992345307345171,0.9984696474122305
69,0.02180574249341293,-1.9437359863729424,-1.943423164479274,3.0056400833666785,3.3184619770350032,0.06465965616336439,0.06073162535166789,0.02278683097756242,0.9981562563763402,0.9963159121432302
70,0.034438910688156354,-1.918614502640241,-1.9443926148871646,28.127123816068078,2.3490115691444657,0.05732631980549104,0.051869725894713,0.024984936061555135,0.9986552003989498,0.9973122092838667
71,0.02127503961455046,-1.9605572690607713,-1.946305182304562,-13.81564260446222,0.43644415174703965,0.03605359589914499,0.023272609133828025,0.02780553938067014,0.9997292065274904,0.9994584863840856
72,0.021204534627712834,-1.9271239858800138,-1.9449401855562132,19.617640576295337,1.8014409000959297,0.056858311548359096,0.05281966837193304,0.022145899101187933,0.998605309422978,0.9972125640077616
73,0.020521882282195696,-1.9272744516028515,-1.945698557702879,19.467174853457614,1.0430687534301875,0.03743386765818516,0.03524585433020239,0.013142969841325746,0.9993789092689629,0.998758204291622
74,0.028539785719759923,-1.895787303721266,-1.942552881252934,50.95432273504308,4.188745203375088,0.07624256341716934,0.06846955665314146,0.035477347970218925,0.9976566775332494,0.995318846226682
75,0.02468731771881503,-1.9367536373287415,-1.9454302079445036,9.987989127567598,1.3114185118054955,0.045322482951520235,0.04238114856413989,0.016003961579871367,0.9991019207298742,0.998204648006124
76,0.02940179928185748,-1.920265752747125,-1.9419048912394679,26.47587370918414,4.836735216841248,0.07682747590122503,0.07433415257110994,0.022291051881865018,0.9972377177295285,0.9944830656623987
77,0.03060324064579693,-1.9281587379084069,-1.943895281655992,18.582888547902243,2.846344800317091,0.06886686310739792,0.06591963047017416,0.020977155169374137,0.997827320588143,0.9956593617121128
78,0.030767948432075955,-1.949932934500208,-1.943646071047343,-3.1913080438989994,3.095555408966,0.07803990847336996,0.07610398925744043,0.017678949014293777,0.9971054707858789,0.9942193198711291
79,0.03819211301501104,-1.9352112443366154,-1.9428644240487156,11.530382119693705,3.877202407593483,0.07566776427279483,0.07445403729453715,0.01610000155279497,0.997228704973161,0.9944650900224478
80,0.029332066377986698,-1.9356816008587023,-1.9442907968132743,11.06002559760677,2.45082964303478,0.059507037446228706,0.05500745626643681,0.023189590514927153,0.9984871671360108,0.996976622935296
81,0.023406287339255892,-1.9332906689327578,-1.9456471980267633,13.450957523551299,1.0944284295457685,0.044556416158890895,0.04370051326100932,0.010006083562013615,0.9990451365950115,0.9980911849541452
82,0.024719255999478808,-1.9285852042009146,-1.9451611228636903,18.15642225539449,1.5805035926188538,0.048730778098255184,0.04730835351685078,0.0131747985658225,0.998880994522767,0.9977632412187921
83,0.026020376889536186,-1.937512995102564,-1.9447113544345933,9.228631353745076,2.0302720217157955,0.05086518859517118,0.04872959174696529,0.015427275464254793,0.9988127627140325,0.9976269349604382
84,0.02556571091521618,-1.9473294920874282,-1.9456999076876305,-0.5878656311191222,1.0417187686786455,0.04444126080755016,0.03916754152922484,0.02145578418515619,0.9992329781273005,0.9984665445771542
85,0.03334448799066428,-1.9218473257131767,-1.9444572798624977,24.89430074313237,2.2843465938113816,0.06648675058947394,0.05946321542517116,0.030617538915628125,0.9982323314713382,0.9964677875947036
86,0.02640743516440657,-1.9406601371709236,-1.9443679919686534,6.081489285385544,2.373634487655707,0.0561837936340553,0.051768422142620854,0.022467436124311096,0.998660360004803,0.9973225146449226
87,0.019241978868094103,-1.9615841580963298,-1.9456535924583027,-14.842531640020695,1.088033998006388,0.04721796512117976,0.04405586086908159,0.01643492611026886,0.9990296067757513,0.9980601552145122
88,0.024709287577696366,-1.9439769535103089,-1.9460231171327986,2.764672946000246,0.7185093235104745,0.03709594707513726,0.031602312732334714,0.01939364983699559,0.9995006965565112,0.9990016424169511
89,0.030847360131747423,-1.9163902862564932,-1.9444104937859132,30.35134019981589,2.3311326703958635,0.06372840451779213,0.06085079890944972,0.02094981696817416,0.9981489764447731,0.9963013791777482
90,0.02632406488118777,-1.9368640516524647,-1.9449168995038704,9.877574803844436,1.8247269524387377,0.04982889392190147,0.04569271880234046,0.020337527633662898,0.9989561875201529,0.9979134645847989
91,0.02579853900085754,-1.9580887910043272,-1.9452325123869436,-11.347164548018096,1.5091140693654914,0.06029492566728984,0.05315604756914152,0.028063199234050346,0.9985872252228019,0.9971764463781748
92,0.024309343509409234,-1.9359806354994251,-1.944188398134427,10.760990956883987,2.553228321882095,0.05875705965609679,0.05365018171875128,0.02456761246031042,0.9985610017983831,0.9971240743125905
93,0.020951307567443712,-1.960717329282306,-1.9451224348785405,-13.975702825996805,1.619191577768575,0.059055760880122404,0.052207387418680175,0.026392908498306913,0.9986371969766736,0.9972762511854276
94,0.033159800778622364,-1.9016024390807649,-1.944607929482238,45.13918737554423,2.1336969740710643,0.06126280249860766,0.05435357785789715,0.02970467603341256,0.9985228534249898,0.9970478888119837
95,0.032104342251077854,-1.9289557948096723,-1.9412770261514891,17.78583164663683,5.464600304819989,0.08285959319198483,0.0816194312549766,0.015538803726477738,0.9966693370759565,0.9933497674674266
96,0.028534568787424476,-1.910764439875759,-1.9402085438660925,35.97718658055005,6.533082590216566,0.09025280151419532,0.08653248808467351,0.027340996123038364,0.9962562838351569,0.9925265830810366
97,0.02821755396700415,-1.9120334595749522,-1.9460567985613701,34.70816688135692,0.6848278949389552,0.042602124396526664,0.03565098588002688,0.0235201712366215,0.9993645037270951,0.998729411309703
98,0.02946925599947131,-1.9554994836675605,-1.9454692227901644,-8.75785721125144,1.2724036661446725,0.04120757326252346,0.04034275307840962,0.007807874118477981,0.9991863278292102,0.998373317720822
99,0.024587986788291154,-1.9506981124362348,-1.9453209309547341,-3.9564859799257057,1.4206955015749756,0.0450704861205371,0.04475573176879996,0.005148981452675805,0.9989984682954179,0.9979979396565911
100,0.03025985935868391,-1.9104725322353546,-1.9435750265730467,36.26909422095448,3.1665998832624,0.07231138252418753,0.06483177696205952,0.0333327715919334,0.9978985018396767,0.9958014199738712
101,0.02427424789638706,-1.9159927140644937,-1.9447422565103099,30.74891239181543,1.999369945999252,0.06248356033297827,0.05977770443281288,0.019827874224182467,0.9982140725795081,0.9964313346957675
102,0.021587636967368394,-1.9485465599820395,-1.9460619225423674,-1.8049335257304122,0.6797039139416761,0.029150913842362503,0.027366243049264605,0.010131378583391304,0.999625573038106,0.9992512862717617
103,0.02993667377226235,-1.9349454855907078,-1.9439117990766757,11.796140865601323,2.8298273796334428,0.06043593539418833,0.06024838120192619,0.007462061377394236,0.9981850893442977,0.9963734725892837
104,0.015582569032061,-1.956372193996178,-1.9453534560653474,-9.630567539868906,1.3881703909617293,0.04434487367708588,0.04111586972152099,0.01604046614035888,0.9991547553308331,0.9983102251002169
105,0.0269676630302216,-1.9657414351375257,-1.9450021978286316,-18.999808681216646,1.7394286276775084,0.05753516876428584,0.04935930733589747,0.02892483179294214,0.9987819051158993,0.9975652939869452
106,0.02367228523452676,-1.9297034611928743,-1.9451324721401277,17.038165263434824,1.6091543161813604,0.05082403434432544,0.05005938253971966,0.010096686201422627,0.9987470291146677,0.997495628165375
107,0.02983451956883078,-1.9306380574581048,-1.9436533024279734,16.10356899820431,3.0883240283356983,0.06379369956020722,0.060149147515736,0.02302209795500839,0.9981911606178278,0.996385593135566
108,0.027455266150907723,-1.9298154041919193,-1.9464073979175092,16.92622226438978,0.3342285387999411,0.025892417409302596,0.023104507385153007,0.011846876972434472,0.999733093592849,0.9994662584247282
109,0.032721621613681195,-1.93849251222736,-1.942529855747792,8.24911422894914,4.211770708517193,0.07749919540521048,0.07501480265017021,0.019711981407255885,0.9971880421048716,0.9943839913169471
110,0.022515760133785204,-1.9113634394896726,-1.9452645382220342,35.37818696663653,1.477088234274948,0.0560322251373073,0.05150212460424167,0.023153185531369056,0.9986741777828215,0.9973501133701946
111,0.0210071159158619,-1.9214846843729532,-1.9461610337303419,25.256942083355938,0.5805927259672217,0.03450729620469227,0.028222067937615475,0.02002118045970316,0.9996017590117262,0.9992036766193372
112,0.030102841956681375,-1.9317572301970551,-1.9455874208787394,14.984396259253963,1.1542055775697335,0.047239249915655035,0.04366271740037327,0.019060312851577332,0.9990468023940178,0.9980945133737116
113,0.028846807384942195,-1.9385313422073132,-1.941797171445698,8.210284248995947,4.944455010611026,0.07963423448206768,0.07938764564878409,0.00660609129894524,0.9968489746641401,0.9937078782889475
114,0.02887313126953172,-1.9522344056200625,-1.9456185271546944,-5.492779163753347,1.123099301614694,0.04247285226546032,0.03765745359564457,0.01939607466086887,0.9992910157565933,0.998582534171844
115,0.022869063622858954,-1.9744192183378384,-1.9460193651442166,-27.677591881529295,0.7222613120925203,0.03539334820437007,0.028709253257780832,0.020596151078538943,0.9995878919693557,0.9991759537717404
116,0.026424189316339993,-1.9041072453768646,-1.9449441621736565,42.63438107944451,1.7974642826525944,0.0606722420922817,0.05144808246738352,0.03317190535679252,0.9986765491813541,0.9973548498847775
117,0.01994047892401194,-1.942945285707294,-1.9464878888404413,3.796340749015137,0.2537376158677773,0.02336427532843086,0.01856961820533321,0.014279224138586843,0.9998275857282124,0.9996552011831059
118,0.03160284195666518,-1.9400002824650813,-1.944099494079546,6.741343991227833,2.64213237676314,0.0673990601216395,0.06311060577251461,0.02432241141416703,0.9980087469632171,0.9960214590150906
119,0.02434645491569886,-1.9391992291842477,-1.9457346518067629,7.542397272061407,1.006974649546244,0.04125508828850294,0.03370469031963086,0.024015052743019284,0.9994320527690136,0.9988644281020843
120,0.018154651787793973,-1.9420720129434363,-1.9457449974238885,4.669613512872761,0.9966290324205929,0.0416929791358571,0.036021680678888564,0.021370425691829318,0.9993512402383247,0.9987029013658777
121,0.02885520757088696,-1.9071167988734687,-1.946138950317872,39.62482758284036,0.6026761384370083,0.037348271270887516,0.02715446948779595,0.02570656740990514,0.9996313294623913,0.9992627948427479
122,0.022547787216560276,-1.9375302508278007,-1.9457634755742148,9.211375628508378,0.9781508820942975,0.03931017658406832,0.03459248843388714,0.01853651858494471,0.9994016817205013,0.9988037214257661
123,0.029671823702139586,-1.9201213579621192,-1.9434567515238153,26.620268494189858,3.284874932493853,0.07819080849786507,0.07473053358255814,0.026278182818642505,0.9972079456231289,0.9944236868139011
124,0.025666654450219397,-1.9282123097817754,-1.9463910696598294,18.529316674533725,0.35055679647966187,0.028289070421499377,0.023533545553412038,0.015855936971683433,0.9997230861743036,0.9994462490298741
125,0.023324463570380878,-1.9157654392324697,-1.9452622251324312,30.976187223839435,1.4794013238779158,0.056484017068717834,0.04952687664704531,0.027764853758844108,0.9987737977297275,0.9975490990314626
126,0.02483648649390065,-1.9446575611816528,-1.9457993752150304,2.0840652746563215,0.9422512412786688,0.03668548349329162,0.035183358110910674,0.010873430645385103,0.9993810657325678,0.998762514544763
127,0.02584877431000406,-1.93097010553299,-1.9436568894335593,15.771520923319127,3.084737022749806,0.060987128824466524,0.05931069637934758,0.015634461967077688,0.9982416315674846,0.9964863549945137
128,0.0277299755796892,-1.9219070791158426,-1.9447732639798685,24.83454734046653,1.9683624764406105,0.0583435987081403,0.054167992097884865,0.02224851397846607,0.9985334071733226,0.9970689652411645
129,0.03522162161366555,-1.934493410061189,-1.9464674404322333,12.248216395120082,0.2741860240758065,0.02662393331348086,0.021346681925007466,0.01593355849300456,0.9997721610226581,0.9995443739559158
130,0.031090420343950174,-1.9444125178092386,-1.9451485887747608,2.329108647070477,1.5930376815482816,0.04981417475773723,0.04555020997690511,0.020653584997525256,0.9989626377687243,0.9979263516578475
131,0.025871164344489442,-1.9562622213935972,-1.944807037954028,-9.520594937288074,1.9345885022810094,0.04994812333750451,0.04634350994123415,0.018616031162683393,0.9989263483995448,0.9978538495268486
132,0.016127065119579478,-1.950155882675652,-1.9456076570250989,-3.4142562193428816,1.1339694312102466,0.03768139070388416,0.037340577885380775,0.0044680801525935785,0.999302877793696,0.9986062415667625
133,0.01990940208945223,-1.9205355407351903,-1.9451569908673474,26.20608572111882,1.5846355889617136,0.056050506471849865,0.05340627739336306,0.018531420081850235,0.9985741540191432,0.9971503410750475
134,0.03174310520676622,-1.9339840428358273,-1.9416369390461676,12.75758362048185,5.104687410141473,0.08281461210262804,0.08013320655981773,0.02360339361193644,0.9967901148713425,0.9935905331052242
135,0.022992328688994822,-1.9536889221912361,-1.9434976098434775,-6.947295734927028,3.2440166128315795,0.06477396218628066,0.062363620232810585,0.016508107651999383,0.9980554351219982,0.9961146515765612
136,0.02156856279521561,-1.9167363755755045,-1.9462197100262284,30.005250880804635,0.5219164300807044,0.033258014487105914,0.027201434756075484,0.019320876591138358,0.9996300547701165,0.999260246399706
137,0.013070529720257847,-1.9180162190790975,-1.9463675933032307,28.72540737721163,0.37403315307837914,0.02862621246500814,0.02147855084900181,0.018933911032853225,0.9997693394992376,0.9995387322027419
138,0.02761723049441263,-1.9376352093989742,-1.9440958740226006,9.106417057334948,2.6457524337084593,0.06609381943831322,0.05646518493231374,0.03520602542179389,0.9984060329875019,0.9968146067058407
139,0.026054593207730632,-1.9433931368379451,-1.9460603310176479,3.348489618363981,0.6812954386612446,0.030408078167260558,0.028483967124579818,0.0106994166663422,0.9995943333657294,0.9991888312968771
140,0.027662363032665813,-1.9192440316466584,-1.9451936579199691,27.49759480965075,1.547968536339983,0.048203830141366526,0.043305906881961766,0.022075555264817203,0.9990623139365852,0.9981255071283239
141,0.030000264892537074,-1.912985257078678,-1.9460376500108445,33.756369377631046,0.7039764454646047,0.036329169356598856,0.029073240180532714,0.021960691382558916,0.9995774019370679,0.9991549824632586
142,0.01932287060104374,-1.9518556411730568,-1.945714776589983,-5.114014716747661,1.0268498663261738,0.0426871862598437,0.04206332203945628,0.006813172407183026,0.999115425289984,0.9982316330523856
143,0.02656367604865706,-1.9047041715762087,-1.944125882912586,42.037454880100356,2.6157435437230703,0.06779485569454395,0.06271670197535739,0.027925748320322543,0.9980333301401818,0.9960705280707012
144,0.03150603457176941,-1.9272442630942057,-1.9405849838701756,19.497363362103393,6.156642586133465,0.09180193753951145,0.08688402433424423,0.030875708931132256,0.9962265453912711,0.9924673297422263
145,0.021308108107605923,-1.933574766574558,-1.9454333656826488,13.166859881751147,1.308260773660308,0.04274650824538817,0.04001509776707738,0.01546985963090807,0.9991993991527703,0.9983994392672573
146,0.035526214821427794,-1.9023381527873842,-1.9442111470165464,44.403473668924946,2.5304794397627006,0.07037862176616362,0.06192491587796767,0.03511995851364295,0.9980827818847691,0.9961692394948395
147,0.027429316222077633,-1.9179276604502584,-1.9444318505763112,28.813966006050684,2.3097758799979218,0.06272029789898535,0.05780090618051619,0.02472946701811419,0.998329527810423,0.9966618460981821
148,0.023627463808779524,-1.928556344564752,-1.9461489833243195,18.185281891557104,0.5926431319895897,0.031366419202227554,0.028193327231277543,0.014083382450604705,0.9996025866927676,0.9992053313228719
149,0.028619197419455143,-1.9411753003883165,-1.9451285516445107,5.566326067992566,1.6130748117983984,0.05352050617416449,0.04784110193893416,0.02463603548158672,0.9988558003364921,0.9977129098658543
150,0.028852375326027614,-1.9227361064902933,-1.942689231735039,24.005519966015854,4.052394721270058,0.07411355088199598,0.07276274428075678,0.017743667159017564,0.9973531805206839,0.9947133666947239
151,0.021568120299377717,-1.9260230095799205,-1.945246301410832,20.71861687638865,1.4953250454770028,0.051007013813094464,0.04815789226627499,0.017450603399309726,0.9988407268249581,0.9976827975642105
152,0.02639919290989042,-1.9875343020855156,-1.9447970740489582,-40.79267562920652,1.944552407350919,0.05810927001907129,0.04772179817665086,0.03256391669087112,0.99886135097517,0.9977239984719418
153,0.02274396542830408,-1.9425141401627812,-1.9440443716212508,4.227486293527871,2.697254835058338,0.05814647334703391,0.05500989567144274,0.01877756704820946,0.998487407824447,0.9969771035839835
154,0.0363141426793335,-1.9004025664756872,-1.9442847110759829,46.33905998062193,2.456915380326219,0.06449375406039216,0.055256084561589036,0.034225562829557674,0.9984734025869547,0.9969491356735709
155,0.030171932765300627,-1.9338977492186322,-1.9437154315144383,12.843877237676882,3.026194941870841,0.0664950684956399,0.059429218698065805,0.03142174772748961,0.9982342535284661,0.9964716249175338
156,0.021367230494420728,-1.9517324345762226,-1.9460792568177718,-4.990808119913481,0.6623696385372746,0.03490470507963228,0.028902936849536744,0.019404578486790225,0.9995823106394002,0.9991647957432023
157,0.01781971062038003,-1.9167161721010213,-1.945600352271727,30.025454355287806,1.1412741845822083,0.044325720629911775,0.03879278902282647,0.02203739846261344,0.999247585152714,0.9984957364335303
158,0.027659800778630714,-1.9289358400792709,-1.943641217989023,17.805786377038224,3.1004084672860976,0.07120655509112832,0.06902279143978317,0.01854788570834959,0.9976179863063995,0.9952416466020355
159,0.02419211301501949,-1.9321301592854112,-1.9453324413803796,14.611467170897896,1.4091850759294644,0.04384973155685425,0.041867916223986376,0.013914307959794436,0.9991235945929375,0.9982479572723126
160,0.02460087503161554,-1.9300620602584997,-1.945404524929813,16.679566197809415,1.3371015264960207,0.041617665730501165,0.03853601467929028,0.01620321600794107,0.9992575767665467,0.998515704725351
161,0.023977189554754114,-1.9141996246802553,-1.9449244882667405,32.54200177605382,1.8171381895686345,0.053032436241406224,0.04922987781420079,0.020719729999447302,0.9987884735020519,0.9975784148005591
162,0.019363162847747986,-1.9556657746151045,-1.9462671765718678,-8.924148158795386,0.4744498844413414,0.027418586599339306,0.026311258029195105,0.007382345562218104,0.9996538589205031,0.999307837654653
163,0.013745844776674043,-1.944243559519969,-1.946298003275335,2.4980669363401375,0.4436231809741287,0.025196825922547746,0.025005897045910264,0.0031352635056721796,0.9996873641129351,0.9993748259670682
164,0.02179371956987187,-1.9272959175924014,-1.94600378752847,19.44570886390773,0.737838927839185,0.03558732384298507,0.030861204687844264,0.017788722326238057,0.9995238382752092,0.9990479032804065
165,0.03529060335914945,-1.9153664894807998,-1.9408904902201478,31.37513697550931,5.851136236161292,0.09283827963371459,0.09067288514046778,0.023035819455795335,0.9958926365874907,0.9918021436091838
166,0.031759927300152625,-1.9608460891316406,-1.9457493379897686,-14.104462675331497,0.9922884665405363,0.045670115917805953,0.040892698217031294,0.020703926028654496,0.999163932781787,0.9983285645719673
167,0.023539889684682264,-1.9796858735598566,-1.9449187601545994,-32.94424710354748,1.8228663017096913,0.05434967253274486,0.046889640043356516,0.026848440066417248,0.9989007309070322,0.9978026702066032
168,0.023517436806940118,-1.9211362118834978,-1.9455708064935677,25.60541457281129,1.1708199627413762,0.046691754434172936,0.036646119192801314,0.028706716618241084,0.999328613396639,0.9986576775532492
169,0.01847365648029968,-1.959361057554214,-1.9459072746259765,-12.619431097904865,0.8343518303326469,0.03535841195952705,0.03230305870866973,0.014021037417038761,0.9994782599099513,0.9989567920326242
170,0.032371853285558846,-1.8946847441350239,-1.9431816265785564,52.056882321285244,3.5599998777526842,0.08070493285868938,0.07340257130743015,0.036190134266813626,0.9973064802103111,0.9946202154694797
171,0.021448412479301453,-1.90774833367583,-1.9463395255673557,38.993292780479024,0.4021008889534272,0.03794555456533913,0.024784830745341678,0.028551961018465875,0.9996928613901279,0.9993858171143815
172,0.028501081344142424,-1.933479790014039,-1.9454028522536324,13.26183644227008,1.3387742026766958,0.046363749906502376,0.043023704963136816,0.01748753453892219,0.9990746295655641,0.9981501154415692
173,0.032204867461758546,-1.9445088009747333,-1.945033766876836,2.232825481575773,1.7078595794730589,0.051276223885654545,0.0510117549674999,0.005608112360678969,0.9986992606061651,0.9974002131353009
174,0.015904984621855578,-1.9631851515077539,-1.9463149059330414,-16.44352505144475,0.426720523267754,0.03462753300604441,0.02598665401430577,0.022913217321013663,0.9996623667313771,0.9993248474589783
175,0.027438179164918617,-1.9168497916634502,-1.944470796510996,29.89183479285895,2.2708299453131353,0.06728254530013471,0.06461353849658022,0.020803469956956665,0.9979127405115519,0.9958298376752759
176,0.025653413737671597,-1.9222465930014423,-1.9423953645034018,24.49503345486681,4.3462619529073265,0.07569001158960525,0.07103353643681948,0.027334922832340278,0.9974774637751105,0.9949612907392269
177,0.02623238175367914,-1.97188547021488,-1.9449525942575876,-25.143843758570927,1.7890321987215074,0.06562414191150727,0.0500241458308474,0.0421301067053003,0.9987489433924182,0.9974994519274717
178,0.026442377907567753,-1.9177313851416604,-1.9455664428297526,29.010241314648688,1.175183626556553,0.04818593433136703,0.042771342287656916,0.022308379389816727,0.9990853789287236,0.9981715943891513
179,0.02808885210807482,-1.9162893208501306,-1.943766530463974,30.45230560617851,2.9750959923351417,0.06482723019704442,0.05880118205872072,0.02860501909193559,0.9982716205403158,0.9965462283761883
180,0.03183045192218329,-1.9427089084246585,-1.9424701607859778,4.032718031650617,4.27146567033132,0.06956650414646375,0.06892556550527565,0.01056150558632623,0.9976255158562125,0.9952566698873742
181,0.021948879109925833,-1.9431635529439941,-1.9464412877045498,3.578073512314983,0.30033875175927705,0.02662810113545005,0.0194426254592439,0.018141559966000694,0.999810992783556,0.9996220212908399
182,0.03459448799064773,-1.9175907561865941,-1.9435315944686795,29.150870269714968,3.2100319876295913,0.07329985274392131,0.06486974273141627,0.03605418522169101,0.9978960104038584,0.9957964475799376
183,0.02306005029925917,-1.9667031654685407,-1.9441612396997978,-19.961539012231633,2.580386756511288,0.0685376763416996,0.05990983890013433,0.03179178540126366,0.9982054397126406,0.9964140998719062
184,0.026253958583515515,-1.921047046058612,-1.9445584808760497,25.69458039769712,2.183145580259449,0.05745163180195339,0.05410331742731337,0.020367109490548697,0.9985367377683902,0.9970756166731389
185,0.018712868958554153,-1.9410265648080995,-1.9449056842784531,5.715061648209563,1.835942177855987,0.055335734147286215,0.04691801487598585,0.029213615357398005,0.9988995751813252,0.997800361297432
186,0.025313676048670693,-1.9190425813464855,-1.9445998929282247,27.699045109823572,2.141733528084444,0.05485914504986234,0.05157867770373038,0.020232413424997004,0.998669928194493,0.9973416254799937
187,0.021019005042819998,-1.9644230065887365,-1.9459052911856716,-17.68138013242737,0.8363352706375338,0.03468889720808688,0.032152688797497025,0.012592303969091619,0.9994831641227886,0.9989665953649012
188,0.026151799281830215,-1.9180230045557145,-1.9429270112594195,28.7186219005946,3.814615196889637,0.0725678721089719,0.0708866118074409,0.017491216002611113,0.9974877499066931,0.9949818112139175
189,0.024395608880721398,-1.9525448457887207,-1.9456606761900959,-5.803219332411569,1.080950266213243,0.03947758243105911,0.03625951096332986,0.01574982864192496,0.9993426281498864,0.9986856884375221
190,0.019657435164393874,-1.939316695231933,-1.9442683054757304,7.424931224376152,2.4733209805787304,0.05577370516240183,0.054353942205457445,0.014015367003756976,0.9985228899029679,0.9970479616601745
191,0.021079283001340855,-1.9444466620861272,-1.9460880757668224,2.294964370181951,0.6535506894866927,0.03405927197745432,0.02782225584750847,0.019707965141028638,0.9996129647567225,0.9992260793097244
192,0.03206449514858034,-1.9172313669720424,-1.9412794686570238,29.510259484266665,5.462157799285272,0.08270399611646945,0.07979618603743605,0.024423733355078983,0.9968165155984862,0.993643165769907
193,0.02548364453717934,-1.9379040346681558,-1.945348983782661,8.837591788153354,1.3926426736481368,0.04750241836570051,0.04515720174504299,0.01492939633742772,0.99898055693132,0.9979621531268104
194,0.01921043540282416,-1.931383200220928,-1.9461144085385336,15.358426235381195,0.6272179177755355,0.034146704699559334,0.03185518201823071,0.01288316195660054,0.9994926238597908,0.9989855051501292
195,0.02199989093686907,-1.9185860362293712,-1.944352698947205,28.15559022693792,2.388927509104022,0.06272886286172825,0.059888637812982835,0.019999304069141962,0.9982074530011931,0.9964181192271291
196,0.025227522388796726,-1.930018723023441,-1.9465430989675638,16.722903432868197,0.19852748874527038,0.023215108861153234,0.020324187875410925,0.011375925720573275,0.9997934710597836,0.9995869847737703
197,0.02250000000002708,-1.946197472498562,-1.946150333043297,0.5441539577470955,0.5912934130121172,0.030752161736822627,0.02885881433735674,0.010595777331088073,0.9995835844425162,0.9991673422869488
198,0.021524668307119743,-1.9413201381674312,-1.9447882481774552,5.421488288877896,1.95337827885389,0.05923919856027077,0.05770783700502021,0.0145868080127216,0.9983352364619423,0.9966732443615223
199,0.02138358595716766,-1.9402672995263301,-1.9453820020169974,6.474326929978957,1.3596244393117018,0.041925392515665155,0.04158806244398234,0.0058015756695918045,0.9991352466760289,0.9982712411503691
200,0.021287002343133493,-1.940673177105592,-1.9459298043391227,6.068449350717042,0.8118221171864448,0.035637187807284046,0.03130307564943992,0.016915686425622804,0.9995101102350601,0.999020460462102
201,0.03453737629890207,-1.9254482734327,-1.9459194828202848,21.29335302360902,0.8221436360242862,0.04189932018157931,0.03884908976588542,0.01581647420413286,0.9992453741701205,0.9984913178003841
202,0.022355270414154756,-1.9775925938832681,-1.9436572480882328,-30.85096742695903,3.0843783680762904,0.07295586222295382,0.06162688136835351,0.03817764479377952,0.9981017280263732,0.9962070594892323
203,0.02850123540184022,-1.9339360150890978,-1.9431619063714718,12.805611367211256,3.5797200848373123,0.06693461150596867,0.06655018529333406,0.010221133156357922,0.9977855424905312,0.9955759888031236
204,0.0243368851830444,-1.9298565205583282,-1.9451535376243105,16.885105897980868,1.5880888319985687,0.060802688071598526,0.054795271366386344,0.026478799349668326,0.9984987434105526,0.9969997405924524
205,0.023155380662687373,-1.9027999547320988,-1.9429851037952142,43.941671724210266,3.756522661094941,0.07468128693923454,0.06720409638571286,0.034740565899248045,0.9977419005752411,0.9954889001634943
206,0.024078132527909878,-1.9322779075498333,-1.9451026106537064,14.463718906475798,1.639015802602728,0.048110910228886576,0.04619996871582931,0.014254069322477697,0.9989328721166568,0.9978668829952331
207,0.02291026740929213,-1.9134372854819464,-1.946615020621264,33.304340974362745,0.1266058350450905,0.032585970788808864,0.01553598083664582,0.028111358705156898,0.99987931667729,0.9997586479190445
208,0.029867230494401726,-1.9208869845247178,-1.9420096228244244,25.85464193159126,4.732003631884751,0.07709495186678161,0.07491809280885056,0.020971410968268215,0.997193643615581,0.9943951628673184
209,0.03548561146223559,-1.9194375420774035,-1.9451509227768604,27.304084378905635,1.5907036794486906,0.05377852183256641,0.05148222631417291,0.016918830278716036,0.9986748306273726,0.9973514173286113
210,0.02958688518307113,-1.9108946792784314,-1.9441595001308445,35.84694717787773,2.5821263254646176,0.06570475079873478,0.06073123727395717,0.026294629850979048,0.9981559883554897,0.9963153770899245
211,0.02907249664532262,-1.9328548373387802,-1.9465703934287955,13.886789117528942,0.17123302751365088,0.025115355981967732,0.01593864280311257,0.0192454686614797,0.999872981634151,0.9997459794019672
212,0.028089953713341387,-1.9506057452922956,-1.944162932649798,-3.864118835986474,2.578693806511101,0.056736555829250315,0.055228933943939476,0.011740753894022304,0.998474906736324,0.9969521393821109
213,0.0277454708209227,-1.9156957342623777,-1.944607876214728,31.04589219393139,2.1337502415810228,0.056293612309135196,0.0521466551947317,0.02216205911574997,0.9986404341517191,0.997282716722734
214,0.03308085061134067,-1.9196860208067184,-1.9424550676243453,27.055605649590753,4.286558831963827,0.07208399924434424,0.07080767068337775,0.015896628384660664,0.9974931369502199,0.9949925582627902
215,0.02873669280642216,-1.9360560306831147,-1.9438767800596943,10.68559577319439,2.864846396614773,0.06936846573611043,0.06427345535072161,0.02555409720573201,0.9979350236541052,0.9958743114355196
216,0.016697286140644068,-1.930981297817551,-1.945875863717604,15.760328638758203,0.8657627387052003,0.04510055361880269,0.03724179059811033,0.02480114920724442,0.999306534116912,0.9986135491287549
217,0.024161964343494838,-1.9290426746293539,-1.9439661428967778,17.698951826955245,2.7754835595312777,0.06535178007128105,0.0577955778039772,0.03188686372552183,0.9983298592501039,0.9966625078703322
218,0.0373368851830662,-1.8721661060836527,-1.9421610476179245,74.57552037265636,4.580578838384586,0.08532484719921,0.07186109564024232,0.04761328224613375,0.997418664653984,0.9948439926001366
219,0.029171823702145064,-1.9105434225081337,-1.9425973762710542,36.19820394817541,4.144250185254883,0.07955951944760518,0.07734934847213068,0.022584449473033442,0.9970088756540559,0.9940266981329647
220,0.025966051024333456,-1.9469994933238828,-1.9430349396503115,-0.25786686757367505,3.7066868059976166,0.07235985988653555,0.06643127096294754,0.02780294506432731,0.9977936321205879,0.9955921323003951
221,0.028389486732302228,-1.9380805416021933,-1.945849865769598,8.661084854115764,0.8917606867111516,0.034863515721373986,0.03406782437006307,0.008161296848540658,0.9994196933101352,0.9988397233761248
222,0.021469255999523713,-1.934097953508085,-1.9453872306679505,12.643672948223994,1.3543957883586089,0.0459045521776377,0.039429468067688614,0.023555743254034603,0.9992226632791927,0.9984459308107629
223,0.021596386974196143,-1.9117081229346657,-1.9449362705501565,35.03350352164336,1.8053559061526059,0.05800360409973873,0.05230549609921448,0.026159560455978573,0.9986321492622295,0.9972661695401
224,0.0298528419566768,-1.9436134956944955,-1.945356905514495,3.128130761813619,1.3847209418140771,0.04308857606594167,0.04180021213577118,0.01132957836814766,0.999126372550688,0.9982535083262962
225,0.02383281753638887,-1.9186770626055207,-1.9454812281663834,28.06456385078837,1.260398289925746,0.04678028360388077,0.04091808889046424,0.023208194937349155,0.9991629292317076,0.9983265591508863
226,0.027031431753758613,-1.92934567946835,-1.9440790343291965,17.39594698795921,2.6625921271126174,0.06026197408873942,0.05436626293795931,0.026558678694543512,0.9985224761321516,0.9970471353410832
227,0.026617230494401546,-1.954952146151842,-1.9441394159024459,-8.21051969553288,2.6022105538632267,0.06358131123821956,0.055880949647106916,0.029629929665795675,0.9984390320222456,0.9968805006655188
228,0.02197760996548425,-1.934326459375067,-1.946617649749619,12.415167081242018,0.12397670669006544,0.020798147454035878,0.012905192252034146,0.016168544492315865,0.999916729222533,0.9998334653790885
229,0.019869197419439828,-1.9597358834217837,-1.9459567595379859,-12.994256965474626,0.784866918323246,0.03731109245915777,0.03208598292669507,0.018713821716848746,0.9994852656093229,0.9989707961701388
230,0.02778266980389297,-1.9555362077492673,-1.9444101868598984,-8.794581292958181,2.3314395964106893,0.06398995415163634,0.05701993481366309,0.02943619109191955,0.9983749497258396,0.9967525402400728
231,0.01779175264482178,-1.9265275064475629,-1.945289484203416,20.214120008746228,1.4521422528930295,0.04509304997257715,0.041953353537145695,0.017430857760018566,0.9991199809108849,0.9982407362553671
232,0.03081414267932539,-1.9254382860797186,-1.9402057449275685,21.30334037659054,6.535881528740628,0.09273915193740488,0.08666308166765321,0.03422563016220447,0.9962449986758001,0.9925040973865449
233,0.030169856777102357,-1.9454254268101623,-1.9415286369937645,1.3161996461468206,5.212989462544559,0.08449349769214147,0.07742605413281599,0.03458759786758832,0.997002745190842,0.994014473918075
234,0.020411964343494828,-1.9595515168110247,-1.9456485119959404,-12.80989035471558,1.0931144603687493,0.04467785534299641,0.03559275669290924,0.026980194221873182,0.999366659734064,0.9987337205880205
235,0.01921720149779404,-1.9197713224674267,-1.9465637841124794,26.97030398888245,0.17784234382967057,0.03449999237307483,0.017993998057331817,0.0289751472127408,0.9998381080934181,0.9996762423958256
236,0.027249513734209002,-1.9348838104760826,-1.9434492109657546,11.857815980226505,3.292415490554479,0.07419618568540662,0.06060169466619291,0.04289600730837313,0.9981645131875185,0.9963323953868759
237,0.02133688518305548,-1.9127233295859065,-1.9459712187206695,34.01829687040259,0.7704077356396333,0.04151809710731032,0.035343472112740276,0.022127972681653413,0.9993754604418928,0.9987513109334454
238,0.02601624639963211,-1.8981044911204192,-1.9449929468983551,48.637135335889866,1.7486795579539915,0.06372310651161328,0.05516494712351272,0.03284787637351915,0.9984787587985097,0.9969598317718125
239,0.02743539578830395,-1.9102365046569865,-1.9456230647039285,36.50512179932264,1.1185617523805647,0.05203983880562268,0.04678614354647584,0.023656781189544694,0.9989057772495109,0.9978127518224496
240,0.029080031511449216,-1.9050213604316342,-1.9439209773102368,41.720266024674935,2.820649146072274,0.0660305766734298,0.05704101682564749,0.034370019584661265,0.9983734566705107,0.9967495589842241
241,0.016739545312394792,-1.9429386955064605,-1.946215520856846,3.8029309498486263,0.5261055994632002,0.025694679293815467,0.025505009505416475,0.003302999735089238,0.9996747713342757,0.9993496484422365
242,0.018653875270033725,-1.9307584846387453,-1.9460957525368354,15.983141817563773,0.6458739194736829,0.03302983816531196,0.027591498428303787,0.018402472714284884,0.9996193672418862,0.9992388793650688
243,0.025838385477413135,-1.9172475267575273,-1.9448992633310438,29.494099698781806,1.8423631252653117,0.05140284739898092,0.048129168365444536,0.019056077304891453,0.9988418368470584,0.9976850150360056
244,0.030694945259874814,-1.9046010863451002,-1.943720043113143,42.140540111208935,3.0215833431661565,0.07346073890083725,0.06707630344980046,0.031323604234666215,0.9977505000896548,0.9955060604291562
245,0.01834720607411732,-1.93920458512616,-1.9455731764073587,7.537041330149208,1.1684500489503868,0.03805320340650682,0.03704994533639195,0.008894131323518836,0.9993136512332138,0.9986277735410573
246,0.021537461227225607,-1.9424864507289434,-1.9447782049878526,4.255175727365668,1.9634214684565165,0.04975597640208525,0.04768463583841189,0.014395333757853639,0.9988634016689184,0.9977280951936031
247,0.017953299225886885,-1.9269266339829076,-1.9457063612821,19.81499247340146,1.0352651742091545,0.04048571015622941,0.03733845851919068,0.01600026974772609,0.999302922872786,0.9986063316620932
248,0.024080825877934142,-1.9583969719470418,-1.9458867543869156,-11.65534549073266,0.8548720693934975,0.03859980000652054,0.03635340906773156,0.012820209446416968,0.9993392164528736,0.9986788695406433
249,0.02560324064582878,-1.9468011674140848,-1.9417776835173413,-0.05954095777571666,4.963942938967847,0.08505499327457869,0.07718555459050938,0.03457579829881014,0.9970214263244972,0.9940517245501348
250,0.023351692671025964,-1.9249967742613106,-1.9441745719063943,21.744852194998554,2.5670545499147934,0.0611615359328873,0.05894047083443536,0.01801356756031403,0.9982630337088616,0.9965290844696197
251,0.023633585957175667,-1.93788320483962,-1.9443966868607243,8.85842161668915,2.344939595584794,0.05438312420894627,0.05307415655019146,0.01298789668306608,0.9985918106170137,0.9971856042313658
252,0.032212868958508875,-1.9268396795096912,-1.9457893151430563,19.901946946617954,0.952311313252796,0.049868166605219685,0.037641194686403555,0.03305139997413123,0.9992915934297287,0.9985836886993262
253,0.025852841956692463,-1.9427559367871259,-1.9457936360224266,3.9856896691832233,0.9479904338824952,0.04063366514622281,0.03485712002802162,0.02122867156112223,0.999392497063355,0.998785363186528
254,0.02771322142778312,-1.935883186370878,-1.9424657786252173,10.85844008543102,4.275847831091806,0.07404527779686362,0.07191788669330698,0.01954918757902747,0.9974141905748426,0.9948350675600685
255,0.024334519568848998,-1.9627295510983458,-1.943522243661093,-15.987924642036688,3.2193827952160525,0.07137613617411427,0.06282126765366698,0.03397510733242796,0.9980273298747423,0.9960585511769077
256,0.022021105764442953,-1.9447548706398166,-1.9449863730077086,1.986755816492547,1.7552534486005023,0.051133216306271365,0.04782957565714374,0.01773525987968601,0.9988561996848417,0.9977137076488445
257,0.021171823702141452,-1.9424488603659624,-1.9451548490673887,4.292766090346678,1.586777388920435,0.05084825565746569,0.05010586504870018,0.00918351163771251,0.9987447680340886,0.9974911116754654
258,0.031082418847233548,-1.9338994558217297,-1.9445859504900673,12.842170634579375,2.155675966241777,0.05749855794430108,0.05498807511209681,0.018074063744769765,0.9984884363575374,0.99697915753972
259,0.014832792802957585,-1.9529508795275532,-1.9465664414872805,-6.209253071244092,0.1751849690285745,0.024693502690966027,0.01798562497014676,0.016929155538596752,0.9998382592139656,0.9996765445880131
260,0.020118007012119937,-1.9430956444622385,-1.9464412149143235,3.645981994070624,0.30041154198556796,0.027797174579728252,0.02447537392164961,0.012988215591450584,0.9997004825996303,0.9994010549099337
261,0.030100875031638677,-1.933252375063821,-1.9450139815627947,13.489251392488022,1.7276448935144018,0.05163442072282626,0.04848173554203525,0.01887105546200322,0.9988248109327484,0.9976510029348407
262,0.028313743990165948,-1.914289001463757,-1.945419352667227,32.45262499255208,1.322273789082118,0.060819017914331995,0.04574434469722042,0.04031560034589587,0.998953732215693,0.9979085591076624
263,0.027387058274890026,-1.9015687552274743,-1.9442251199307046,45.17287122883484,2.516506525604534,0.06584008093188848,0.05523609549851848,0.036819532292656804,0.9984745116613349,0.9969513504373413
264,0.023926156241403845,-1.918652221215338,-1.943722067693683,28.089405240971033,3.019558762626051,0.07091450653549973,0.0603910513271154,0.03775248541818142,0.9981765174382646,0.9963563599651822
265,0.026593292485061447,-1.9273939527183253,-1.9427587642759006,19.34767373798385,3.982862180408553,0.07337675368087458,0.07255868316556358,0.014474556089911654,0.9973676298667601,0.9947421891060385
266,0.019276411461266817,-1.9531445903985512,-1.9459186884562263,-6.402963942242046,0.8229380000828179,0.03750884441695491,0.0360961854697069,0.009898281365974648,0.9993486342419909,0.9986976927613326
267,0.031166939603894897,-1.9348483658320565,-1.9442637641182585,11.893260624252555,2.477862338050585,0.059946588042014894,0.05967490442895854,0.007274850513928057,0.998220042401307,0.9964432530516671
268,0.027032710925552653,-1.9210206893866866,-1.945813099181472,25.72093706962253,0.9285272748371654,0.03875529652525803,0.03307257587569019,0.020614602421584537,0.9994531195279324,0.9989065381341155
269,0.022828531217053673,-1.925144666704184,-1.9454655798703928,21.596959752125056,1.2760465859162906,0.04625292688020035,0.040587252601740564,0.022308971065470445,0.9991764741771978,0.9983536265491764
270,0.025850058580059586,-1.9591685412282154,-1.9460791794751742,-12.426914771906272,0.6624469811349343,0.039920398661021164,0.03192124688919864,0.024136960599876692,0.9994905737064325,0.9989814069280135
271,0.028119197419431745,-1.941837171541941,-1.9454980699134372,4.904454914368195,1.243556542871893,0.043847920962250056,0.04070285930492897,0.016526771380097206,0.9991717113904305,0.9983441088428817
272,0.027986340337188807,-1.9250042561927259,-1.9441894557029007,21.737370263583244,2.5521707534084115,0.06303201538941033,0.056141015029983955,0.028215324209549683,0.9984243871762232,0.9968512569082167
273,0.025217289074441148,-1.932859273076012,-1.9454935421050175,13.882353380297197,1.248084351291645,0.043624715702111405,0.04221085108043333,0.01187081312505589,0.9991092003461631,0.9982191942163495
274,0.02602621482139346,-1.9235033120625709,-1.9457110620171993,23.238314393738246,1.0305644391097601,0.04716166988334779,0.044677706101921545,0.01578809570530907,0.999001952584672,0.9980049012679871
275,0.03423194250474007,-1.9073024898252184,-1.944066273674755,39.43913663109066,2.6753527815541744,0.0673646761369489,0.06091976356025706,0.029550326449127348,0.9981448219044139,0.9962930854945942
276,0.021358742731801415,-1.9409703388216986,-1.9462502871792944,5.771287634610545,0.491339277014724,0.02564903722948302,0.02484780706880439,0.006532926909127314,0.9996912961992859,0.9993826876966083
277,0.026656573718350875,-1.9411786702510165,-1.9440731029934615,5.5629562052925685,2.6685234628476273,0.06605002900058331,0.0643549608744327,0.013604090349964609,0.9979294563012775,0.9958631997537634
278,0.02386723049438397,-1.9373300941486506,-1.9449447004435305,9.411532307658454,1.796926012778588,0.04966748129398849,0.044571386269809374,0.02236806646203466,0.999006860490427,0.9980147073069394
279,0.03433045192218329,-1.947538844601467,-1.9445963050641375,-0.7972181451578741,2.1453213921716063,0.05954385526229031,0.055158533715547804,0.022445029828449668,0.9984789860302187,0.9969602855439336
280,0.026082817536386332,-1.935201018454343,-1.9446045013240203,11.540608001966213,2.1371251322888085,0.05168157163227476,0.051037329438069524,0.008969335203904416,0.998697606037439,0.9973969083049117
281,0.02662070281207852,-1.8993582881393756,-1.9438530032723491,47.38333831693353,2.888623183959993,0.0782342584892211,0.07115496169638094,0.03463764438078892,0.9974695528402134,0.9949455088432554
282,0.03077307268950481,-1.931875528061824,-1.9421549452494598,14.86609839448505,4.586681206849352,0.07725690669009974,0.07230005316000088,0.028531888913985358,0.9973866765633349,0.9947801825860544
283,0.019905929771787144,-1.9456910145328263,-1.9453440493606549,1.0506119234827693,1.3975770956542455,0.04038966260999539,0.039875644249395076,0.006417309950438719,0.9992050923449798,0.9984108165681396
284,0.031241998503234964,-1.9360348988790326,-1.9442708266115913,10.706727577276531,2.4707998447177637,0.06231082067632028,0.05703932039301348,0.026038780967049837,0.9983734440157621,0.996749533715894
285,0.024731082283220573,-1.9211035131948335,-1.9443431129685058,25.63811326147558,2.3985134878032888,0.05580116934392977,0.05257169264117646,0.020068601053635966,0.9986181773827734,0.9972382641992922
286,0.017058527057805365,-1.9441210264712685,-1.946534419775168,2.620599985040606,0.2072066811411588,0.030175261008670726,0.017939916549024024,0.024367766583131917,0.9998390826882623,0.9996781912709057
287,0.01234287353484926,-1.9416353092033132,-1.9462703940103416,5.106317252995929,0.47123244596747327,0.026058138144139997,0.02337357193248601,0.011560614830103151,0.9997268465901313,0.999453767793048
288,0.02750711591588962,-1.9300210378180223,-1.9442020318313673,16.72058863828685,2.539594624941799,0.05523657299258947,0.053934627647491885,0.012623668256493385,0.9985458551489148,0.9970938248350776
289,0.015855166449224085,-1.936039385090943,-1.946430330649865,10.702241365366127,0.3112958064441784,0.02505548114288537,0.022692297232325187,0.010644700794291933,0.9997425424402366,0.9994851511648684
290,0.02684402136000605,-1.9255784085007368,-1.9438388490315852,21.1632179555723,2.90277742472389,0.06864454096032317,0.06495956056022578,0.024455164899259987,0.9978901964897912,0.995784844250434
291,0.030346807384932062,-1.9493838341773813,-1.9449020071737866,-2.642207721072154,1.83961928252252,0.04737521873432508,0.04715375722932436,0.003926969474034617,0.9988883296033557,0.9977778950177822
292,0.023217289074438582,-1.9373590547943722,-1.9458957337336542,9.3825716619369,0.8458927226548951,0.043017173132227145,0.04007960708303428,0.015810786033591102,0.9991968193069284,0.9983942837130825
293,0.02262916584124042,-1.935064740198939,-1.9445185173090007,11.676886257370178,2.2231091473083886,0.05418736107567069,0.050298848904100274,0.020931003320433537,0.9987352093568395,0.99747201840905
294,0.020426489075424204,-1.9288281000433949,-1.9464489332517874,17.913526412914216,0.2926932045217434,0.025322568045413284,0.02079230990459837,0.014339870117961326,0.9997838404083668,0.9995677275417025
295,0.031467289074446805,-1.944124557420419,-1.9418816022911958,2.617069035890207,4.86002416511333,0.07880549545826095,0.07374996880765736,0.02822056328282619,0.9972817260585946,0.9945708411304096
296,0.02280052556104744,-1.9380900794366551,-1.945687357104388,8.651547019653982,1.0542693519211,0.04267621053572488,0.038826807386111016,0.018306776293219907,0.999246277505228,0.998493123108055
297,0.029384692660684435,-1.9332144093885868,-1.943139016233508,13.527217067722308,3.6026102228010615,0.06947837484860961,0.065894861941955,0.023353131187273363,0.9978289436737647,0.9956626008331012
298,0.035354808881719574,-1.9325910497845606,-1.9432496661926437,14.15057667174846,3.4919602636653835,0.06907414660597162,0.06769304263818705,0.015357359278209286,0.9977088291451787,0.9954229077542434
299,0.027219654688664444,-1.9319708065435541,-1.942534233669013,14.770819912754973,4.207392787296094,0.07765946169905948,0.07038656677732652,0.03271176233405961,0.9975237642388047,0.9950536602211545
300,0.031850875031639324,-1.932502856673027,-1.9429842068575984,14.238769783282201,3.757419598710676,0.06631336780309889,0.06555643051847383,0.011385685398780269,0.997851327772574,0.9957072723374889
301,0.02718212495801819,-1.9319839215130534,-1.9457553594071484,14.757704943255678,0.9862670491607162,0.04491501789177717,0.043931382899539045,0.010502182118493273,0.9990350201248253,0.99807097143581
302,0.022180158032972522,-1.9370097291798787,-1.946086136392309,9.731897276430423,0.6554900640001193,0.043989013527036464,0.030575001307613706,0.0318221366033144,0.9995326020580505,0.9990654225769371
303,0.026346807384945707,-1.9277819122024569,-1.9444406752470405,18.959714253852233,2.3009512092686535,0.06147651746762594,0.0551574328331793,0.02848762387423702,0.998478886495093,0.9969600867764807
304,0.024462868958520057,-1.9379752309955223,-1.9451079068848396,8.766395460786836,1.6337195714695163,0.052323237092583,0.052179425665911834,0.0049177879173464886,0.9986389094630506,0.9972796714935509
305,0.03281646207361222,-1.9121473382963987,-1.9432534554089382,34.59428815991039,3.4881710473708694,0.07954311170022536,0.07379745838580898,0.031696117743345145,0.997278356856517,0.9945641210544345
306,0.029940877613186433,-1.9259138096708448,-1.942108640706741,20.827816785464304,4.632985749568164,0.07698548549919153,0.07381305723630702,0.02351473321664527,0.9972769582661644,0.9945613314886129
307,0.022714835883569928,-1.9236450907704017,-1.9461743215533687,23.096535685907416,0.5673049029404353,0.037740871175368076,0.030103751323821426,0.022988961878475486,0.9995468903622174,0.9990939860327788
308,0.027619596108592007,-1.9260833172123408,-1.942178207748637,20.658309243968276,4.563418707672184,0.08213873785937675,0.07223661453766488,0.0395732502961281,0.9973912650357766,0.9947893355696668
309,0.03210480888173506,-1.9290170973574703,-1.9437983019288743,17.724529098838815,2.943324527434843,0.07424593929243976,0.06668689985876751,0.03480442650008759,0.9977765868188077,0.9955581172037896
310,0.030293719569851184,-1.919782526671465,-1.9436953961122454,26.95909978484412,3.046230344063705,0.06918155548612422,0.061455053105796936,0.03324539419227866,0.998111705879756,0.9962269774141964
311,0.023918995331050005,-1.9289930405029094,-1.9420929511601266,17.748585953399676,4.648675296182514,0.07995756206089698,0.07353868938398733,0.03087505522262267,0.9972972753293601,0.9946018553793654
312,0.023080451922183304,-1.9522496716586148,-1.9450452198726096,-5.508045202305745,1.6964065836995168,0.0502042070211501,0.04742242659515629,0.016220764562744856,0.9988756609620387,0.9977525860623497
313,0.024417532284576098,-1.9451510686800104,-1.9456929620895298,1.5905577762986844,1.048664366779306,0.04010325027190775,0.039511414833133834,0.0068241512475912414,0.999219538384667,0.9984396858896671
314,0.03648680186961448,-1.988355478453809,-1.9442437051518284,-41.61385199750001,2.497921304480677,0.06902772231682627,0.06138120889049153,0.030082815214836467,0.9981162942680963,0.9962361368834771
315,0.027224050071210776,-1.9282331817712233,-1.9415305255498942,18.508444685085834,5.211100906414856,0.08289469491004818,0.07908689908931592,0.02460223563520189,0.9968734130134467,0.9937566015730779
316,0.027804702270860453,-1.9363237129617186,-1.946101243577728,10.417913494590536,0.6403828785810362,0.041193737839464624,0.03580934344372116,0.02034730281880133,0.9993589386183357,0.9987182881963664
317,0.024932523647136478,-1.909524179685688,-1.9451161014020817,37.217446770620995,1.6255250542274169,0.05846529669254792,0.05264169656119892,0.026191813186566482,0.9986146150352098,0.9972311493619201
318,0.027200466981024317,-1.9334063026046324,-1.9443266948156104,13.335323851676684,2.4149316406987253,0.06052953844907752,0.05928067049912058,0.01287402741957614,0.9982434392799429,0.996489964065449
319,0.02786919741943921,-1.9401264895490697,-1.9466612529200387,6.615136907239361,0.08037353627043942,0.01830271275725119,0.010892042748043878,0.014649017108666335,0.9999406818410704,0.9998813672007848
320,0.033365263569347325,-1.9355135459868265,-1.9438806859386417,11.228080469482649,2.8609405176673874,0.06180640802103928,0.059130413859480556,0.019365313707761067,0.9982518520749497,0.9965067601710673
321,0.01756807652941375,-1.9226491416711358,-1.9465094075515659,24.09248478517334,0.23221890474323104,0.02452517520686429,0.01713007553680853,0.017451966880555267,0.9998532807218701,0.9997065829702867
322,0.021015847710411678,-1.9400353705335098,-1.9453835723024737,6.706255922799276,1.3580541538353863,0.04665896502345967,0.04540991436031916,0.01063205823206394,0.9989690774815562,0.9979392177643513
323,0.030761826283734153,-1.903312480328912,-1.9434022445922372,43.42914612739701,3.3393818640718997,0.07628607001566871,0.07101479233643453,0.030858224673496665,0.9974785041754268,0.994963366292047
324,0.022219255999520727,-1.9611132557060376,-1.9462418253707188,-14.371629249728457,0.49980108559033454,0.034930114146675545,0.02476488422158881,0.024725979075660463,0.999693362243366,0.9993868185134458
325,0.03046925599947881,-1.930528449416664,-1.94470189954642,16.2131770396452,2.0397269098890725,0.053847949947205924,0.05275469797893917,0.012725621242202638,0.9986084746417887,0.9972188856263999
326,0.030021882282150848,-1.927451657763802,-1.9453075247080853,19.28996869250721,1.4341017482237817,0.05007086290834671,0.0482627803305109,0.013799837326939807,0.9988354253466571,0.9976722069274375
327,0.028918135109445242,-1.9270309355307378,-1.9443842040219474,19.710690925571317,2.3574224343616557,0.07110719318143935,0.060344749855245544,0.03852537456339659,0.998179744732274,0.9963628027937876
328,0.029346454915703445,-1.9387742906455496,-1.9446980251695998,7.967335810759479,2.043601286709329,0.054519284909450474,0.048154489716669566,0.025641211964335806,0.998840904758094,0.9976831530179677
329,0.024436477132440293,-1.9219218671228349,-1.9453826025898076,24.819759333474245,1.359023866501552,0.042818290907952465,0.04006631441439611,0.015996175050617515,0.9991973726756581,0.998395389561938
330,0.03664147839081454,-1.9045421524520234,-1.9385928459259871,42.1994740042857,8.148780530321975,0.10192366551983158,0.09763177522848417,0.03353611895031981,0.9952341017810367,0.9904909173479068
331,0.02836316284773233,-1.9334935805495161,-1.9449119423763357,13.24804590679296,1.8296840799734149,0.04674532119005401,0.04544571398261054,0.011370114874089891,0.9989674531352133,0.9979359724234546
332,0.023352841956668688,-1.9371884358944367,-1.945709234641911,9.553190561872427,1.0323918143981814,0.04575939673611577,0.03814038234705849,0.025642172182753904,0.9992726684106842,0.9985458658326092
333,0.029840420343980347,-1.9345650929764366,-1.9452495649408859,12.176533479872464,1.4920615154232486,0.04572456612850966,0.043666603580496524,0.014659859489435805,0.9990466138767506,0.9980941366986013
334,0.02727503961455046,-1.961966257562351,-1.9448734825646536,-15.224631106041997,1.8681438916554605,0.05306952920905983,0.04659885597094208,0.025003339841909063,0.9989143839628164,0.997829946487813
335,0.026278181746467302,-1.9244961501937647,-1.945781913181264,22.24547626254436,0.959713275045182,0.047519720739898214,0.04270964243657517,0.021305441276819444,0.9990879439764988,0.9981767197991877
336,0.021942377907570455,-1.925888898126274,-1.946216059015543,20.852728330035042,0.5255674407660393,0.03468403421253545,0.030526839589556085,0.016624766832951325,0.9995340950143022,0.9990684070960602
337,0.026512022923526318,-1.950261976608682,-1.946157846510779,-3.520350152372842,0.5837799455301607,0.03071175314974883,0.03031372865551244,0.004993956973182666,0.9995405425452789,0.9990812961917105
338,0.03710284195668752,-1.9319890819765198,-1.943370909998827,14.752544479789353,3.3707164574821036,0.06773028784208354,0.06243413294413559,0.02722706027098779,0.9980510179922965,0.9961058345154593
339,0.023803087815084743,-1.9647540982777982,-1.9449292476214974,-18.01247182148913,1.8123788348116676,0.056247407426942786,0.052524807749093426,0.019572730526168345,0.9986209194486436,0.9972437407604544
340,0.029564914098780648,-1.9121230776859937,-1.942891204008119,34.61854877031545,3.850422448190116,0.07810984661492303,0.07584931964145762,0.021144705152827226,0.9971242482802145,0.9942567665083829
341,0.02110840989774717,-1.9423793285675364,-1.9451679455149302,4.362297888772737,1.5736809413788855,0.04890617626247608,0.047127722749543265,0.013379679826139341,0.9988896763925392,0.9977805856035917
342,0.02657813252789376,-1.9506116788149004,-1.9445417622455963,-3.8700523585912805,2.199864210712832,0.05678616068672641,0.05195188703927009,0.02241676867882606,0.9986505431267636,0.9973029072873799
343,0.0262439705265142,-1.918605228877966,-1.9454249200179434,28.136397578343075,1.316706438365678,0.048927292292314385,0.0453336082088349,0.019108695245882105,0.9989724370634899,0.9979459300125684
344,0.024723588538734617,-1.9081431593380198,-1.9462894460644062,38.59846711828929,0.45218039190286774,0.04017386344946408,0.030137501087084684,0.026612695353909498,0.999545896682197,0.9990919995742171
345,0.019934490572224083,-1.9365299779804934,-1.9455184128935785,10.211648475815682,1.2232135627305851,0.042479060531925295,0.03836318358214917,0.018220212437016166,0.9992642588947201,0.9985290591044143
346,0.018556560132745554,-1.9427225750426669,-1.94637681303739,4.019051413642227,0.364813418919141,0.0312777176714091,0.026033582781292707,0.01741990040155222,0.9996611266675839,0.9993223681703032
347,0.026340352402477913,-1.9003755206500992,-1.9437950449456627,46.36610580620992,2.9465815106464177,0.06445144093287208,0.05829693560926868,0.028859709250094658,0.9983008293699465,0.996604545920723
348,0.028738813789137216,-1.9535473903059415,-1.943138947564169,-6.805763849632385,3.6026788921401653,0.06613111862365728,0.06355584030266904,0.018596036788789173,0.9979807927256277,0.9959656626492722
349,0.03308451956886062,-1.9424125110444834,-1.9432685215859735,4.329115411825679,3.473104870335586,0.07196817275398719,0.06521382257789154,0.03179433655936228,0.9978742148860069,0.9957529487343647
350,0.01875623360922296,-1.9471690560548336,-1.9466054538431654,-0.4274295985244869,0.13617261314369244,0.013998932880079862,0.013311809665154328,0.00433183760083409,0.9999113988314352,0.9998228055130375
351,0.026926090386276986,-1.9298014729117707,-1.9458816171699647,16.940153544538372,0.8600092863444431,0.03854815337943009,0.03678048788558297,0.012366963622894628,0.9993236018836962,0.998647661281804
352,0.029663931268545073,-1.9696552384892796,-1.9443541591359257,-22.913612032970487,2.3874673203834185,0.0634833350090185,0.055217386182662725,0.0303938300029792,0.9984756163749356,0.9969535564953077
353,0.019939377318830484,-1.9488231372013194,-1.945667822316057,-2.0815107450102843,1.0738041402520437,0.05123857093806539,0.04620093917965083,0.02130725867515575,0.9989328572929187,0.9978668533793946
354,0.02330892574696591,-1.9118858897464166,-1.94569862018968,34.855736709892504,1.0430062666291207,0.04415855389582998,0.038305483888841176,0.02248521207927556,0.9992663912278028,0.9985333206374363
355,0.03244686596498987,-1.9322106622383177,-1.9454872808229087,14.530964217991382,1.2543456334004333,0.046662581546884144,0.04564111376254632,0.010343007831380653,0.9989586147741554,0.9979183140314993
356,0.0218866595857301,-1.9456896336081992,-1.9454714393044596,1.0519928481098617,1.2701871518494556,0.048000976185069495,0.045627926405804854,0.015516873082228946,0.9989590469791957,0.9979191775415829
357,0.028231543815577107,-1.921412807603496,-1.9446779687951643,25.32881885281313,2.063657661144802,0.05535090996662818,0.053227306078051095,0.016566795284544297,0.9985834681801754,0.9971689429227474
358,0.022934111518254436,-1.9184262414143356,-1.9448999459733562,28.315385041973506,1.8416804829528566,0.053423134375439635,0.05008356415089028,0.01914098228931838,0.998745828361991,0.9974932296704796
359,0.021659800778606957,-1.9137494662104089,-1.943340245682576,32.99216024590024,3.401380773733198,0.06738308819652213,0.062288149393138245,0.02728394631005564,0.9980604521528689,0.996124666151589
360,0.021486340337199518,-1.9246640153392895,-1.9457702363016212,22.077611117019558,0.9713901546879455,0.037918180253628114,0.034417670016144035,0.01616297411524251,0.9994077751107932,0.9988159009519056
361,0.0298284849971487,-1.9526275665577415,-1.9447295724360825,-5.885940101432396,2.012054020226639,0.0541736847135473,0.0500565953139342,0.02074776166240592,0.9987473719631933,0.9974963130033851
362,0.028161964343505562,-1.9381157288034763,-1.9441856367325363,8.625897652832837,2.5559897237728,0.06158808012528098,0.0534396084043332,0.031019101050804142,0.9985724356276047,0.9971469091952466
363,0.028877841637368735,-1.927379994528511,-1.9455496256062934,19.36163192779805,1.1920008500156953,0.04306696129749855,0.04001920266973251,0.016432780470754152,0.9991993475921941,0.9983993362286663
364,0.036655929771764365,-1.9346832081452876,-1.9427682164577622,12.058418311021502,3.973409998546895,0.07381516160680276,0.07214497417014497,0.015069621295838807,0.9973975517789626,0.9948018762946684
365,0.036949231579195455,-1.917962885291393,-1.9439694741853322,28.778741164916077,2.7721522709769353,0.06893360044181034,0.06514787696491713,0.02479499328997689,0.997878335304267,0.995761172069615
366,0.026300525561085142,-1.945513527672942,-1.9442557653446937,1.2280987833670487,2.4858611116154172,0.05592818237160714,0.053934049935009144,0.014376140311293554,0.9985455727095854,0.9970932607779139
367,0.01847162161371363,-1.9320017627700643,-1.9451764021817366,14.739863686244803,1.5652242745725076,0.05328292928341239,0.04408377347201171,0.029435779062222903,0.9990284654011878,0.9980578746818524
368,0.02698711685490892,-1.9049497704579619,-1.9456402209031023,41.79185599834723,1.1014055532068134,0.055413270954844655,0.047627529097271054,0.02913358735205816,0.9988659674186089,0.9977332208671135
369,0.02722922442126389,-1.9539355647789216,-1.946094455467777,-7.193938322612503,0.6471709885320642,0.029248874515864522,0.028479156840232608,0.006422602918599313,0.999594501004127,0.9991891664376895
370,0.029985611462241827,-1.9432658418251239,-1.9459774433884067,3.4757846311852525,0.7641830679023798,0.03617511804594327,0.03441522337872151,0.011386164235597521,0.9994078147285702,0.9988159801405361
371,0.02345650155273623,-1.925620962016681,-1.9456656891426507,21.120664439628012,1.0759373136584038,0.044722976929673995,0.041286838953421834,0.017876777282273142,0.9991477650931906,0.9982962564907175
372,0.03508688518306656,-1.9218083123682408,-1.943512939583045,24.933314088068315,3.228686873264053,0.06295788130930365,0.06147264607581417,0.015551403674588297,0.998110621550116,0.9962248128511588
373,0.02174507213181189,-1.9352069813989445,-1.9449876961283123,11.534645057364568,1.7539303279967555,0.05239713538731596,0.05046715225619674,0.014586602277432487,0.9987268352651072,0.9974552914786565
374,0.02315586692850849,-1.9268370012361762,-1.9438309164180672,19.90462522013292,2.910710038241948,0.06062105624605466,0.05869129405611135,0.016458112589236937,0.9982780498741387,0.9965590648605134
375,0.02787549688370025,-1.9294464839961651,-1.9453141111884575,17.295142460143964,1.4275152678515646,0.0529869418364176,0.04950879126371568,0.018783553896959945,0.9987744832164599,0.9975504683243065
376,0.01948601015142245,-1.9269298752185466,-1.9456217500276052,19.811751237762465,1.1198764287039253,0.04013137958737235,0.036877545307270033,0.015990256971043382,0.9993201260886759,0.9986407144058872
377,0.022985611462264605,-1.9570795628955915,-1.9461494392653582,-10.33793643928238,0.592187190950888,0.03536063331847691,0.03182963230407562,0.015287323833817403,0.999493462236489,0.9989871810534839
378,0.023462868958501498,-1.9354638872167211,-1.9464523541608763,11.27773923958797,0.28927229543285193,0.02547578951251809,0.021573620117362274,0.013530406174612843,0.9997672905678959,0.9995346352894716
379,0.030119197419454857,-1.9339371887667498,-1.9442569272175232,12.8044376895593,2.4846992387859146,0.06103018724329566,0.05994218147668976,0.012620834481126766,0.9982038626008014,0.9964109513111596
380,0.02692173612544996,-1.9048311444214898,-1.9448452690683753,41.91048203481928,1.8963573879338114,0.0631855929816276,0.05786459771989463,0.026579517414731208,0.99832650425829,0.9966558091045774
381,0.03006683602935848,-1.9413806869351367,-1.9433115824001244,5.3609395211724475,3.4300440561847445,0.07016568090584005,0.06807493295002999,0.01574073229713273,0.9976837016008313,0.9953727684399366
382,0.021276411461246637,-1.9653760745479751,-1.9454127921708533,-18.634448091666034,1.3288342854558266,0.043834695180282705,0.03892332592941833,0.020069037452005525,0.999242502550424,0.9984855789032342
383,0.02675711591586637,-1.9354660385894704,-1.9431293292646206,11.275587866838688,3.6122971916885405,0.07492531406508621,0.07343902883130905,0.015028426364726273,0.9973036977828709,0.9946146656113878
384,0.03559720607410868,-1.910891395667315,-1.9393502084152165,35.850230788994075,7.391418041092557,0.10081633042654692,0.09950055536645311,0.020684872401105052,0.9950508198030208,0.9901261339906637
385,0.02810324064580898,-1.9252292195217897,-1.945759148907637,21.51240693451939,0.9824775486722004,0.04855931244930391,0.0412458227606351,0.025885413136552356,0.9991494186254225,0.9982995607395198
386,0.0265345687874015,-1.9152695432554794,-1.9458579546546793,31.472083200829726,0.8836718016298484,0.04678351691658424,0.03837997000124494,0.026936157024527396,0.9992634968963083,0.9985275362294385
387,0.020822097956125916,-1.9402834872851848,-1.9447919694111098,6.458139171124255,1.9496570451993378,0.05129910795187614,0.0492760207411532,0.015117373589681536,0.998785958633025,0.9975733911624907
388,0.019219255999468415,-1.9433651821726856,-1.9460721589102035,3.376444283623492,0.6694675461056399,0.03032229904396447,0.029583331242402616,0.0066984610919224715,0.9995624524180623,0.999125096284011
389,0.03067931622209418,-1.9572611374040376,-1.9424511583694117,-10.519510947728516,4.29046808689737,0.0806772056885889,0.07675511566019642,0.022001135408201093,0.9970546710212747,0.9941180170053422
390,0.022703299225852715,-1.9232395009919527,-1.9458724154950449,23.50212546435637,0.869210961264244,0.03956295627920118,0.036455925390629765,0.01591948259209451,0.999335514647889,0.998671470836561
391,0.03419699976155745,-1.9307859889203638,-1.9454044584836099,15.95563753594531,1.337167972699227,0.05439179134480857,0.05192347926503206,0.017247069671396324,0.9986522792241996,0.9973063747996888
392,0.03196043540282874,-1.9203534075529352,-1.945374784411834,26.38821890337395,1.366842044475014,0.05015920609278738,0.046214206709441735,0.020696089268265033,0.9989321293692459,0.9978653990861759
393,0.02715743516442478,-1.936098730755038,-1.944207700931856,10.642895701271193,2.5339255244531955,0.056820941047919675,0.054618615239064305,0.017011898372903633,0.9985084546770473,0.997019134061545
394,0.02210520757087427,-1.9262326379215005,-1.9444641756618182,20.508988534808648,2.2774507944909317,0.057507914593560965,0.05089499696184266,0.026746392621248942,0.9987051292921123,0.9974119352743748
395,0.020463221427751248,-1.9514570534213094,-1.9452974494427264,-4.715426965000269,1.4441770135826815,0.053640802474135704,0.040856092846456166,0.03443679135750021,0.9991654639186307,0.9983316242877325
396,0.028596386974235374,-1.892618722450597,-1.9453680215131872,54.12290400571207,1.3736049431218866,0.05865004944122048,0.04338390061686816,0.03930208315089675,0.9990589942034787,0.9981188738988664
397,0.024368735887058714,-1.9274805167926032,-1.9428865602695533,19.261109663705867,3.8550661867557956,0.0724790215682952,0.06729605419756612,0.027522428422106907,0.9977356570740161,0.9954764413969187
398,0.023336885183036386,-1.9210770393758143,-1.944957219761571,25.664587080494794,1.7844066947381165,0.05417870656911012,0.04972112254150247,0.02231524057678964,0.9987639316356057,0.9975293911362129
399,0.02521965468864978,-1.9244131736356047,-1.9453653059335922,22.328452820704392,1.3763205227168562,0.04551177607289895,0.04263415022735358,0.016316034536614524,0.999091234659829,0.9981832951741014
400,0.025107174495916505,-1.9485900070934667,-1.9449444554626985,-1.8483806371576428,1.7971709936106528,0.05107222963665393,0.04725405348059931,0.0187305114185385,0.9988837211030963,0.9977686882847683
401,0.025318936750953258,-1.9428929747551742,-1.9448565294939637,3.8486517011349086,1.8850969623454006,0.04986112489370528,0.049824116168005125,0.0021426754887290465,0.998758779538933,0.997519099706099
402,0.032080451922187864,-1.9403247035516122,-1.9419589360941225,6.4169229046968645,4.782690362186592,0.07519512529017437,0.07505967681521682,0.0064226669110268985,0.9971832187145361,0.9943743716858823
403,0.029673790627168975,-1.934035599813926,-1.9439409188626977,12.706026642383073,2.8007075936113957,0.0597592404800763,0.05890636265777666,0.011643901504650422,0.9982652633471513,0.9965335360055573
404,0.03487116434448945,-1.942048438619907,-1.944290795902493,4.693187836402046,2.450830553816008,0.05768515871094125,0.055510266199003726,0.017012188248429417,0.9984593061746464,0.9969209860867563
405,0.027667865118625377,-1.941159337183607,-1.9449738775855099,5.582289272702212,1.767748870799224,0.050755904382465106,0.0474707765997384,0.018389385579730504,0.9988733079059542,0.9977478852469832
406,0.021241134408828362,-1.9433650796194832,-1.9434975346683918,3.3765468368258666,3.2440917879172915,0.06524586472963474,0.06168902797889293,0.020542929732635502,0.9980979995538111,0.9961996167133195
407,0.025588852108101145,-1.9242193462614703,-1.9462653263296403,22.522280194838817,0.47630012666877164,0.028601709534812468,0.02363484563158648,0.016234805950488016,0.9997207033510318,0.9994414847086818
408,0.030318428998641775,-1.9157054970296212,-1.9432989456742782,31.036129426687875,3.4426807820309158,0.07187885792473321,0.06438326406446244,0.032982192881159327,0.9979275173673162,0.9958593299188953
409,0.029600875031623647,-1.9520948991628055,-1.9450111043213785,-5.353272706496437,1.7305221349306343,0.0480209421820336,0.045684997479902845,0.014916368701865707,0.9989565236131445,0.9979141360692588
410,0.020126732285555712,-1.9312447163092308,-1.9462715896851115,15.496910147078324,0.4700367711976128,0.02901366025864646,0.02553446466001353,0.013961145914644644,0.9996739963521495,0.9993480989826774
411,0.029826518072076723,-1.9409807779936707,-1.9429608115446084,5.760848462638357,3.7808149117006806,0.073024714845584,0.07298467980592215,0.002565981732203091,0.9973375534345678,0.9946821954908494
412,0.021781426655494852,-1.9542404923295897,-1.9447054630221186,-7.498865873280636,2.036163434190552,0.0533486352489059,0.051884282185660865,0.011396989087035297,0.998654129679724,0.997310070726367
413,0.02434720607409436,-1.9269183435264867,-1.9448338813626378,19.823282929822383,1.9077450936713092,0.04879073858064146,0.0460920509106337,0.01661018130545237,0.9989380227503104,0.9978771732962997
414,0.03187070281210691,-1.9157764105213866,-1.9425848385812616,30.96521593492252,4.156787875047474,0.07791551896624403,0.06952698014349422,0.03557182534324036,0.9975830020489904,0.995171845977076
415,0.022628658088946672,-1.9351173465155858,-1.9456899154116354,11.624279940723348,1.05171104467372,0.04119359356868876,0.0369816053075387,0.018398155838289822,0.9993161804863122,0.9986328285817517
416,0.03431646207360764,-1.9321068683420755,-1.9422213002652942,14.634758114233648,4.520326191014945,0.077169259028041,0.07311058264788438,0.025711364568999463,0.9973285910021312,0.9946643184302963
417,0.03188564045891086,-1.9466808731077976,-1.9416467175207817,0.06075334851152192,5.094908935527442,0.0796238405694048,0.07733901935964725,0.019559863087455366,0.997009373225935,0.9940276903003717
418,0.020512421612704772,-1.9434842891554245,-1.9453460190829264,3.257337300884622,1.3956073733827346,0.04519325627707884,0.04041800402373263,0.020108773159991638,0.9991832002841031,0.9983670677299822
419,0.024688179164934654,-1.919862056284196,-1.9452946254230754,26.879570172113176,1.4470010332336969,0.05327230699190949,0.049391786922199574,0.021140243210521454,0.9987803975145351,0.9975622824592927
420,0.02669686596502265,-1.9578333046530039,-1.9456756071659262,-11.091678196694765,1.066019290382858,0.04029266424468244,0.03558804118974636,0.018655689480691944,0.9993667895466971,0.9987339800488724
421,0.03141775605545962,-1.9366153321439554,-1.9434051552003215,10.126294312353679,3.336471255987572,0.06944783499366985,0.06498682020543102,0.0254580619254491,0.9978883598554251,0.9957811787349504
422,0.019524247896395275,-1.9257028196674792,-1.9454939232936084,21.038806788829856,1.2477031627007307,0.0479701968012772,0.04568695210479181,0.0156201452057911,0.9989564620968265,0.9979140131650084
423,0.030132725735607876,-1.9291586200813013,-1.944547831255757,17.58300637500776,2.1937952005521844,0.06228835709612042,0.054469333431217765,0.03164402804637872,0.9985165560310799,0.9970353126681688
424,0.028336486493906292,-1.9433756234849657,-1.9446800249844063,3.3660029713433737,2.0616014719028186,0.052547876722226154,0.04864513611708176,0.020035511230063533,0.9988170727164245,0.9976355447498072
425,0.03267418931636171,-1.8830435774121799,-1.9414571613751483,63.698049044129235,5.284465081160761,0.08814618847124236,0.07861022107846556,0.0428127388314506,0.9969107247857059,0.9938309931927614
426,0.019495072131796236,-1.9339986920958732,-1.9457796926647128,12.742934360435942,0.9619337915962589,0.035725750523155575,0.034887532316447846,0.008358211890111343,0.9993914361683903,0.9987832426867178
427,0.03269686596498529,-1.9489956521781833,-1.9452948515314958,-2.2540257218741644,1.4467749248132655,0.04770273605455118,0.045247685248211815,0.015427474971621233,0.9989764709114651,0.9979539894347254
428,0.019932876116433365,-1.9385435122278867,-1.9455532761966448,8.198114228422426,1.1883502596643503,0.03826287830301619,0.036896702639008114,0.010349546270247775,0.9993194307556122,0.9986393246857209
429,0.014999268476779803,-1.9444415809613587,-1.94558793471342,2.3000454949504423,1.1536917428891513,0.03910541307936496,0.03895509928584903,0.003992521509021593,0.9992412537244894,0.9984830831448893
430,0.030383984646315948,-1.9082327188727162,-1.9456823643274126,38.50890758359293,1.0592621288965098,0.04227638953562597,0.03433298558333941,0.024923784870079357,0.9994107028577076,0.9988217529865371
431,0.023367145566079647,-1.9498364394281797,-1.943232699651914,-3.094812971870642,3.508926804395074,0.06582654603852171,0.06548397371769592,0.004843723877348971,0.9978560286654801,0.9957166539440434
432,0.027729576890508173,-1.9497067721777859,-1.9447839139091119,-2.9651457214767696,1.9577125471972323,0.05482354198788945,0.054159515790674746,0.007365705600959062,0.9985333778183962,0.9970689066174161
433,0.035196513495730976,-1.9259320708423047,-1.9425683325767669,20.809555614004438,4.173293879542239,0.07452227999706876,0.07022528851674562,0.02569318407671571,0.9975342133163814,0.9950745067367318
434,0.025313413804370185,-1.9370165792392322,-1.9453886350491107,9.725047217076899,1.3529914071983562,0.04917015865930365,0.047602621235269774,0.01290680704124764,0.9988672726252718,0.9977358283218489
435,0.01778143175375589,-1.9341707630971465,-1.9465555046572713,12.570863359162576,0.18612179903776394,0.022759842370492268,0.0184605663195637,0.013269509118652396,0.9998296054448335,0.9996592399239713
436,0.03482052972027148,-1.9301854630042106,-1.9437762306182196,16.556163452098538,2.965395838089524,0.07109180136062582,0.06698422839959886,0.02437380085255476,0.9977565615317529,0.9955181560796665
437,0.020188066854853186,-1.949085940145051,-1.9460164937467848,-2.3443136887419946,0.7251327095243454,0.03478566778717097,0.029221008648304347,0.018922071933326904,0.9995731097402912,0.9991464017158763
438,0.028596807384966387,-1.9449977787431039,-1.9440977811362241,1.7438477132052377,2.643845320084992,0.05891332352759813,0.05738637203024962,0.013747944682751662,0.9983536353194544,0.9967099811555702
439,0.032022147174784396,-1.9106846869242815,-1.9443345521784081,36.0569395320276,2.407074277900989,0.05941120686608596,0.054359214356434246,0.02544287937714587,0.9985225628688253,0.9970473085581273
440,0.03695723307594591,-1.912673432783168,-1.9443093247036651,34.06819367314107,2.4323017526439727,0.05847552132019157,0.054957544147318106,0.021303330003781096,0.9984898368741063,0.9969819543408794
441,0.025960902033503905,-1.9432081113328719,-1.9427887706633784,3.5335151234372475,3.9528557929306984,0.07862770306842026,0.06887615483176418,0.03742989722133905,0.9976292901461473,0.9952642005575058
442,0.029580099452944462,-1.9314981200375982,-1.9443898394898442,15.243506418710862,2.351786966464875,0.059138966617229234,0.05287714352788171,0.02739102528657884,0.9986023044868743,0.997206562526496
443,0.027521882282211342,-1.9209742824660496,-1.9445150581313995,25.767343990259484,2.226568324909639,0.06478041820285174,0.0633407266394669,0.015830037215685936,0.9979946792768096,0.9959933798648221
444,0.024337986788291154,-1.9580628321722113,-1.9447018028494207,-11.321205715902227,2.039823606888369,0.04983882249061146,0.04818316177535766,0.012064714428862337,0.998839407393283,0.9976801617617648
445,0.021022343814597506,-1.9351732671969029,-1.9453077476541043,11.568359259406247,1.4338788022048021,0.0468300797965703,0.04415726069399991,0.015769680719659437,0.9990251043303392,0.9980511590822451
446,0.02196322142780116,-1.9522113960784393,-1.9450881146278391,-5.469769622130194,1.6535118284699557,0.04559841072527056,0.044801870851049405,0.008349210217140222,0.9989964223707343,0.9979938519095265
447,0.028501966925024293,-1.9647705018556263,-1.9458415616009208,-18.02887539931719,0.900064855388294,0.039342907837900364,0.031725347941369476,0.023351221295683896,0.9994967919032195,0.9989938370248277
448,0.02583370046894575,-1.9202477062341765,-1.9435197877906656,26.493920222132594,3.221838665643517,0.07129323631784804,0.06694331152556922,0.0265283470649793,0.9977593334323176,0.9955236874513027
449,0.029314495148557555,-1.913755548368681,-1.945090997139652,32.9860780876281,1.6506293166571595,0.0578729759937621,0.0533933394534707,0.023716917216409,0.9985745773830389,0.9971511865957148
450,0.02383688518306655,-1.9330362336452918,-1.943462560839177,13.705392811017347,3.279065617132204,0.06115523289789731,0.06049021673989595,0.01012817051594208,0.9981711518161166,0.9963456483179128
451,0.017345239149007347,-1.9369124205974237,-1.9451921906537806,9.82920585888536,1.5494358025285315,0.04293519445481511,0.041564175320682455,0.011120248839392012,0.9991363842217055,0.9982735142756235
452,0.031201332300843692,-1.9255474433088533,-1.9445412652053313,21.194183147455803,2.200361250977778,0.06395495335151029,0.05994411538483534,0.023364778727820265,0.9982033520069064,0.9964099319578238
453,0.024905468239385626,-1.9148655538723636,-1.943833643053112,31.876072583945536,2.9079834031970897,0.06545507546296558,0.06176914210316156,0.02350674392594599,0.998092468670787,0.996188576017346
454,0.018033398678801556,-1.9389084099596083,-1.9459733882714343,7.833216496700768,0.7682381848748143,0.04255299118809065,0.0304486777944497,0.02963310681062653,0.9995364462611299,0.9990731074043286
455,0.030440503657469455,-1.9056437735701295,-1.9443492600646584,41.09785288617962,2.3923663916507465,0.06835060151527995,0.06131987398672511,0.03209608244396806,0.9981199967939202,0.9962435279998952
456,0.021094021360021704,-1.93586751198519,-1.9445278898373768,10.874114471119078,2.213736618932316,0.05583063654281002,0.0510504725273247,0.02310824574150972,0.998696924647556,0.9973955473004862
457,0.028836885183029157,-1.905905713145352,-1.9420285684033514,40.83591331095704,4.7130580529577415,0.08120636526717602,0.0755351309582498,0.03280421339172756,0.9971477811221944,0.9943036973969157
458,0.02991740358622889,-1.922696889457009,-1.9419115447459607,24.04473699930021,4.830081710348377,0.081326319528085,0.0753730424323625,0.03267490725694564,0.9971600296874846,0.9943281248063452
459,0.023566462073607637,-1.9319217553840058,-1.9434889329461733,14.819871072303314,3.2526935101357957,0.06250205754632883,0.06074114108078098,0.01530964605240759,0.9981560923692884,0.9963155847339273
460,0.03390940208947046,-1.8866721913362408,-1.9398074548996467,60.06943512006835,6.934171556662427,0.10542939443229407,0.10040886028355138,0.03785827492438077,0.9949608569828905,0.9899471069281279
461,0.03156610960435999,-1.9182367980203903,-1.9429727322900254,28.50482843591884,3.768894166283676,0.0754835259381293,0.06785671075557947,0.035039610029222575,0.997698188398092,0.9954016751328346
462,0.030141188764815453,-1.935005130695629,-1.9425422223999982,11.736495760680032,4.199404056310918,0.07874768334359332,0.0730817685169636,0.031026319488460147,0.9973299442041109,0.994667017606175
463,0.020507892433620032,-1.927741818353099,-1.9452308903229028,18.999808103210114,1.510736133406354,0.047097556528018995,0.04462944314328586,0.015842645612396927,0.999004269482571,0.9980095304444054
464,0.024414201259360398,-1.9108640751662491,-1.9448892112066465,35.877551290059984,1.85241524966262,0.057392199048227,0.0506900792893341,0.027926380292655175,0.9987152594942065,0.9974321695465802
465,0.025080099452928988,-1.9266660652106162,-1.944884223741336,20.075561245692874,1.8574027149731442,0.05461930923489918,0.047303350619837654,0.027562457510171307,0.9988812317621742,0.9977637151667185
466,0.02343411151824626,-1.9239459580570684,-1.9446798984598714,22.795668399240743,2.061727996437668,0.05339293904450775,0.05198097281478254,0.013703557822696942,0.9986489940976128,0.9972998134121738
467,0.023309255932740892,-1.9190541732928892,-1.9459119870467878,27.687453163419917,0.8296394095212989,0.044173211474343596,0.03279377397374906,0.029607620623751503,0.9994623213004592,0.9989249316993023
468,0.03509720607411117,-1.9052537050248006,-1.9425445032539235,41.48792143150848,4.197123202385633,0.07352986046031743,0.06990291264163245,0.024798447496768766,0.9975570592933424,0.9951200865459809
469,0.019338852108073415,-1.9337975856280398,-1.945883711406912,12.944040828269276,0.8579150493970289,0.03705557538059353,0.033285895981627546,0.016304725273674485,0.9994460456169387,0.9988923980993359
470,0.02672162161369892,-1.9380519368543425,-1.944657476747066,8.689689601966588,2.0841497092431993,0.05987371276125306,0.05388445455697592,0.025967690521107166,0.9985483935252228,0.9970988942118033
471,0.030274247896355806,-1.9164662193923971,-1.9457688678382465,30.275407063911963,0.9727586180625636,0.05228803862921714,0.04311967003237325,0.02979045696191985,0.9990705278568737,0.9981419196322122
472,0.025201307567450825,-1.956293251164144,-1.943027194673104,-9.551624707834883,3.7144317832051854,0.0694154549788666,0.06731464868144439,0.015128199331050621,0.9977352380717237,0.9954756052900392
473,0.031365129772785286,-1.9424830149480898,-1.9446680211816043,4.258611508219268,2.073605274704793,0.0554098385129652,0.05246043018136404,0.01801406517141532,0.9986241959418357,0.9972502847204779
474,0.02507251690642753,-1.9470462874323429,-1.94205762948259,-0.30466097603376596,4.683996973719129,0.0761918216887973,0.0745454833978862,0.016223892450642038,0.9972227498455271,0.9944532128094746
475,0.029838852108089526,-1.9226024551550764,-1.943003601678144,24.139171301232665,3.7380247781650944,0.06623187763614342,0.06498285921787406,0.015355479942027187,0.997888980994199,0.9957824183896408
476,0.022635091349832034,-1.910422214782267,-1.9446940611823689,36.31941167404218,2.047565273940233,0.06330285406113366,0.05624338494166401,0.03019198937218279,0.9984186387499085,0.9968397782032203
477,0.027632990628201976,-1.9093126883071918,-1.9433196700186988,37.4289381491173,3.4219564376103406,0.07139666166443975,0.06625431073929705,0.02921827561646987,0.9978051850485194,0.9956151873097101
478,0.024690478924007993,-1.9525096296843307,-1.9461519718116767,-5.768003228021623,0.5896546446324535,0.03071164731143032,0.02978378930366231,0.007105735359552897,0.9995564970481973,0.9991131907912628
479,0.02504692189674572,-1.9193033884161717,-1.9445132426330816,27.438238040137453,2.228383823227542,0.056886101044459354,0.054509261303382496,0.017743490109051203,0.998514602271155,0.9970314109487228
480,0.02031610960437609,-1.9094578370717212,-1.9460858392881966,37.28378938458788,0.6557871681125427,0.038145922224448674,0.028188210767177667,0.025727032339545118,0.9996027124432828,0.9992055827239683
481,0.029973588538771977,-1.9097434095250987,-1.9420677367445143,36.998216931210415,4.673889711794832,0.08016327783335335,0.07419918411708593,0.03291651498868005,0.9972477935172716,0.9945031616750667
482,0.031069314579552212,-1.9608206166856872,-1.9446347309195982,-14.078990229378086,2.106895536710951,0.06074287610819551,0.054662201884914864,0.02693074969713981,0.9985064296737323,0.9970150900997841
483,0.017838852108085664,-1.923038659021752,-1.9460698841728312,23.70296743455702,0.671742283477883,0.033951414482331736,0.030245083249128564,0.015860878892734794,0.9995426185942142,0.9990854463861788
484,0.03571720149775668,-1.9050018047782797,-1.9448271171040588,41.739821678029365,1.9145093522503487,0.062139004801175866,0.051955561775787445,0.03460796212217645,0.9986504732649324,0.9973027677522734
485,0.03690783385359578,-1.8955229930853947,-1.9404975538647393,51.21863337091437,6.244072591569783,0.09607938421326181,0.08586871236016426,0.0453198421141336,0.996313282145345,0.9926401561792297
486,0.018613561536887823,-1.9328335534624699,-1.9441840210539885,13.908072993839227,2.5576054023206396,0.059349980754883735,0.056729923756772,0.017857127015564463,0.9983908788136322,0.9967843468982568
487,0.02161526356935147,-1.9449139181764996,-1.944276423307486,1.8277082798094924,2.4652031488230364,0.059965684576197775,0.05340541070802712,0.02759876214615432,0.9985741588913829,0.9971503508056329
488,0.024531850703990908,-1.9352276755427205,-1.9457824101340047,11.513950913588644,0.9592163223044459,0.0446821108344068,0.04137545584635263,0.017027477205975087,0.9991442059343826,0.9982891442522479
489,0.027174252159584487,-1.9553634576821344,-1.944985583872769,-8.621831225825272,1.7560425835401183,0.049811285320345414,0.04465899337495368,0.022099954773709365,0.9990028389634742,0.9980066722570812
490,0.03290179928183022,-1.8999042968612272,-1.9420520323135337,46.83732959508191,4.689594142775366,0.08217934293538821,0.07828291696953728,0.02812463621542503,0.9969359762253895,0.9938813406924705
491,0.027639511465718813,-1.9172574327561656,-1.943586192330587,29.484193700143546,3.1554341257220564,0.06571708724059411,0.06240523615410885,0.02277003754937611,0.998052793559947,0.9961093787328142
492,0.02368287611642529,-1.9387200122594803,-1.9449447331355711,8.021614196828786,1.7968933207379578,0.04807878935068724,0.04578880860127233,0.01480519270391306,0.9989516925398926,0.9979044840283161
493,0.018905380662688,-1.9256730094869552,-1.9459638170471287,21.068616969353915,0.7778094091803744,0.03703067637764071,0.03441238361947274,0.014256981807170745,0.9994078953545157,0.9988161412969426
494,0.03033648649391087,-1.9299446661529778,-1.9448823283517302,16.796960303331332,1.8592981045788548,0.054347808541915094,0.05087135093352244,0.020609048449649458,0.9987060943155618,0.9974138628230438
495,0.031225555463734865,-1.905582069323266,-1.9456992916177718,41.1595571330432,1.0423348385373288,0.04912869237366029,0.041622452518011964,0.026600657999380325,0.9991338897515366,0.9982685296500358
496,0.021130207251566214,-1.9302497294325922,-1.9463384981971463,16.491897023716895,0.40312825916277717,0.027362116671416074,0.023162811071554643,0.014677297171141544,0.9997317536510756,0.9994635792582549
497,0.024021020836123553,-1.9446132865804662,-1.9447922183124378,2.128339875842933,1.949408143871345,0.0587393891660045,0.050330002215616114,0.030029641793567922,0.9987337184029975,0.997469040275078
498,0.025219255999524168,-1.9271253453770514,-1.944722538855715,19.616281079257725,2.019087600594105,0.05229708079289312,0.05054074509240151,0.015009532146272882,0.9987228674239066,0.9974473659154302
499,0.020729576890555566,-1.9577667511349623,-1.945312078636449,-11.025124678653242,1.4295478198600442,0.04154953067586586,0.040512123312959995,0.008504267516958737,0.9991794476607452,0.9983595686276319
500,0.020469255999494094,-1.9403820384581094,-1.9452017596870659,6.3595879981996895,1.5398667692432255,0.04493318287600212,0.04446213053114365,0.006883696245477351,0.9990117250525341,0.99802442679244
501,0.02608199843648873,-1.9102205220689619,-1.9438979139623018,36.521104387347236,2.8437124940072778,0.06339442707558436,0.05720614147141418,0.028512831742918826,0.9983642076738993,0.9967310911643328
502,0.02504582029145978,-1.9268649699077758,-1.9444738750816908,19.876656548533322,2.267751374618321,0.058120361640389244,0.05092496820360795,0.028250986854444524,0.9987035102845077,0.9974087014545977
503,0.031153766206894785,-1.9071414706204577,-1.9427460262010643,39.60015583585141,3.9956002552448133,0.07896119084236237,0.07552524176476841,0.02533417898807846,0.9971481840585921,0.9943045009713478
504,0.02691578913038476,-1.9427680138643735,-1.942452267553121,3.973612591935627,4.289358903188045,0.07685398023462195,0.07517128116789035,0.01592883844635261,0.9971753593073188,0.9943586972096804
505,0.016053330424185698,-1.9519929714081765,-1.9465605781891087,-5.251344951867409,0.18104826720044542,0.023273148627851594,0.014347713110645683,0.018447088937011184,0.9998970733594642,0.9997941573128217
506,0.03183885210808953,-1.918504762987112,-1.9407974284092122,28.236863469197182,5.944198047096894,0.09074285864636014,0.08593304239155715,0.029894280840990304,0.996308494548546,0.99263061630959
507,0.02898561146227297,-1.9467862547003885,-1.9441434008858443,-0.044628244079358836,2.5982255704648516,0.059483884827324085,0.05796923061641399,0.01286735784844744,0.9983201049268523,0.9966430319011614
508,0.027538237745008083,-1.9364890404356656,-1.9436821132962885,10.252586020643495,3.0595131600206216,0.06734211193877777,0.0629244650810815,0.025405537590257758,0.9980202581618947,0.9960444357015349
509,0.032276411461312195,-1.9287429429625063,-1.942756134227159,17.998683493802847,3.9854922291500117,0.07220508051482787,0.0691672305957301,0.02303287081542375,0.9976081813249844,0.995222083446543
510,0.026417756055467735,-1.9182721668658596,-1.9443772660704137,28.469459590449553,2.364360385895381,0.05727536846051933,0.053481590029179654,0.021704780354797358,0.9985699459220003,0.9971419368986667
511,0.022409800778606964,-1.924550270978265,-1.944221638753462,22.191355478044184,2.519987702847004,0.06145766386213202,0.05411670557506519,0.030188786858699707,0.9985359203399712,0.9970739842091932
512,0.03815980077863072,-1.8976903931777789,-1.940059306292279,49.051233278530226,6.682320164030031,0.09422221917915177,0.0898813481260317,0.03258922245543759,0.9959606716544342,0.9919376594823518
513,0.023834784461428393,-1.9456089560779917,-1.9455233586168503,1.1326703783174352,1.2182678394587754,0.04230494894442318,0.03983670225821858,0.014180010728134086,0.9992065845157407,0.9984137985396121
514,0.029846807384969462,-1.9294442163177294,-1.9445642729145691,17.29741013857966,2.177353541739979,0.05657400716071134,0.05563203449067513,0.011327049174431891,0.9984527467512445,0.9969078874951048
515,0.026368735887074196,-1.9118377470818808,-1.9431372744069864,34.90387937442829,3.6043520493227454,0.07419012584046313,0.07095735933213652,0.023742018658909382,0.9974836919732857,0.9949737157526567
516,0.01835087503161951,-1.9495654466819492,-1.9455331920429277,-2.8238202256400946,1.2084344133813651,0.04303233118305,0.036952993973425545,0.022533429993012635,0.9993172896185429,0.9986350453305508
517,0.024995072131770532,-1.9448499366092398,-1.9449958462400636,1.8916898470693333,1.745780216245496,0.0496705510764427,0.04526306266858034,0.020891553873515486,0.9989757558475054,0.9979525607710947
518,0.023304593207730623,-1.943318009338564,-1.9437558511704,3.4236171177450814,2.9857752859090425,0.06359997604526553,0.057736701834601424,0.026970024921197263,0.9983337094378627,0.9966701953999628
519,0.029372669737157166,-1.905327709740323,-1.943436544141768,41.413916715986154,3.3050823145410746,0.07687139717563687,0.07013524824374305,0.033562548309090036,0.9975407699551214,0.9950875877226565
520,0.03238309969133993,-1.954334886018824,-1.9454622883863217,-7.593259562514998,1.279338069987368,0.04638128624497088,0.04224702362558647,0.01922814681658113,0.9991077344034288,0.9982162649447525
521,0.02822652597304154,-1.9260558741632916,-1.9427533512643291,20.6857522930175,3.988275191979973,0.08043766236986728,0.07318075313321608,0.035996515150775364,0.9973226475844738,0.9946524633849044
522,0.03084680738495029,-1.9284862104236657,-1.9431430290786096,18.255416032643357,3.5985973776995195,0.06969606889315073,0.06666429360859638,0.021881453065324536,0.9977784033787482,0.995561742249044
523,0.017664288836022512,-1.9669818224444715,-1.946533801064138,-20.2401959881624,0.20782539217112372,0.024482564765038607,0.01847822838183578,0.01615469065782443,0.9998292788111772,0.9996585867680787
524,0.021816462073614935,-1.9293186399930942,-1.9457015217934435,17.42298646321494,1.0401046628656374,0.03873026680790494,0.03715036179873515,0.011347643103305566,0.9993099634724807,0.9986204030953707
525,0.0300501730917933,-1.9223405254373505,-1.9446942466954031,24.40110101895865,2.047379760905965,0.05772704585261118,0.053515937576387076,0.022821032272883724,0.9985680919508454,0.997138234262352
526,0.016948480420799418,-1.9486917250405706,-1.945854523352281,-1.9500985842615393,0.8871031040280641,0.0438524363204964,0.040950987103770986,0.015404143630854655,0.999161511014844,0.9983237250934661
527,0.017214767942071968,-1.9159084391011871,-1.9465088603195506,30.83318735512197,0.23276613675848878,0.027212823549117277,0.018165865567752584,0.020226083166297922,0.9998350007762288,0.9996700287772013
528,0.020238438608874497,-1.9358618606989404,-1.94530940439965,10.879765757368709,1.4322220566591604,0.05318739143095988,0.04740275093645951,0.02370382859371032,0.9988766874725541,0.9977546367761425
529,0.030047787216544615,-1.9205707896066742,-1.944710807645919,26.17083684963495,2.0308188103901337,0.05833300671123945,0.054546608001260065,0.021838061732901065,0.9985127625722534,0.9970277370196733
530,0.03136526356936697,-1.9191781025248653,-1.944802105769514,27.56352393144379,1.9395206867951487,0.06114390400045751,0.05647057542584288,0.024494258026117047,0.9984059157546562,0.9968143726138936
531,0.02876065107680473,-1.9332907986699384,-1.9412965992687174,13.450827786370745,5.445027187591656,0.08500867361269827,0.07998779899605099,0.030383680294691105,0.9968018693066514,0.9936139666532345
532,0.01873154381558729,-1.9296779512718911,-1.946370208803862,17.06367518441798,0.3714176524471924,0.027348963118814774,0.024778345387606263,0.011720607076853955,0.9996930247883132,0.999386143810407
533,0.028350875031646794,-1.9379857548954662,-1.945128625044975,8.755871560842898,1.6130014113340252,0.043652319355375765,0.04254564028747457,0.01035311870887216,0.9990950525518694,0.9981909240336226
534,0.023469654688679033,-1.9224468304865272,-1.9452103747191118,24.2947959697819,1.531251737197259,0.05155036793076577,0.04286358225302795,0.028640601674022065,0.9990813782943592,0.9981636004545564
535,0.035040204670008006,-1.9433715797073188,-1.9416246572798876,3.3700467489903296,5.11696917642146,0.07873723666787838,0.0778169878567452,0.013381482251604262,0.9969726022654632,0.9939543696679696
536,0.0212151883528353,-1.9479216498336605,-1.945912969613287,-1.1800233773513469,0.8286568430220242,0.038673564191176124,0.03285352500295324,0.020746632768957923,0.9994603564460949,0.9989210041073551
537,0.02990341373762822,-1.8972623084824736,-1.943559794103258,49.479317973835535,3.1818323530510284,0.08063513618261765,0.07408233846257078,0.034274722584581155,0.9972569740285392,0.9945214722485585
538,0.030848421840749103,-1.9471400966833816,-1.9443467723037007,-0.39847022707251156,2.3948541526084277,0.05769500607813083,0.05177462247674079,0.025815764917003742,0.9986600155538143,0.9973218266659447
539,0.026155733131934214,-1.9208695303937409,-1.9440383559774952,25.87209606256824,2.703270478813913,0.06256199610976926,0.05555409434641453,0.029395316961209936,0.9984570214049239,0.9969164235927926
540,0.024349172999137646,-1.9137088251175356,-1.9440923316365246,33.03280133877351,2.6492948197844868,0.05894209189634266,0.054744709158142744,0.02280969649074708,0.998502057312346,0.9970063584569875
541,0.032440877613167274,-1.9112236773304472,-1.9441843160409158,35.517949125861925,2.55731041539331,0.07538181069183723,0.06696540444803664,0.036721424659182274,0.9977580035477273,0.9955210336435465
542,0.023098421840741637,-1.9297491670412634,-1.9452572557665497,16.99245941504568,1.4843706897593734,0.047819105551037494,0.0430665082829828,0.021735169639319603,0.999072648993297,0.9981461579664835
543,0.03297162161368147,-1.9291407878575833,-1.9451047310003673,17.600838598725854,1.6368954559418114,0.05038902213748452,0.04749262313156619,0.01716078151629458,0.9988724119154447,0.997746095285778
544,0.024321631325507014,-1.9397213807142684,-1.9445400479520278,7.020245742040743,2.2015785042812652,0.05317558217441717,0.051473335328771685,0.01389454331743218,0.9986753827244715,0.9973525200598697
545,0.0195908190331541,-1.9288377881847174,-1.9457960357436679,17.9038382715917,0.94559071264122,0.035809326241602685,0.03250827947899074,0.015269138810031124,0.9994716608184179,0.9989436007791266
546,0.0313960075698492,-1.9184804343069979,-1.9443268674763197,28.26119214931122,2.41475897998944,0.06865629301652164,0.06106003304324148,0.031986019137273065,0.9981360874618441,0.9962756490936382
547,0.022799399222405137,-1.9626981508514378,-1.9455310720529833,-15.956524395128735,1.2105544033258475,0.04595399821754021,0.04354437690561846,0.014019967154027094,0.9990521293008144,0.9981051570604913
548,0.026580850611354283,-1.926213645429873,-1.9443061658398662,20.52798102643605,2.4354606164429526,0.0551626691529167,0.053761703082142,0.01331635745990623,0.9985548438942088,0.9971117762645877
549,0.029062041957698764,-1.9126832458642722,-1.9443706114319748,34.05838059203692,2.371015024334344,0.059148498677405084,0.05256383881055004,0.0279196486770518,0.9986185348506645,0.9972389781472879
550,0.028078438542136194,-1.9232371184100108,-1.942770304721581,23.504508046298334,3.9713217347281393,0.07612402528585711,0.06881457347907155,0.03237694989108763,0.9976334627859376,0.9952725260702606
551,0.019438179164881074,-1.938686998368916,-1.9445868589649635,8.054628087393212,2.154767491345577,0.05237004392011676,0.05167052403942653,0.00908340174439066,0.9986651291165294,0.9973320401133343
552,0.030702900536708273,-1.944373390311848,-1.945876991240566,2.3682361444610223,0.8646352157430925,0.03732712155751791,0.03528717147992422,0.012644120768167373,0.9993774231181828,0.9987552338383393
553,0.0206247653604978,-1.9362952943223337,-1.945832356360606,10.446332133975389,0.9092700957031852,0.03968877030569455,0.03451413795674144,0.01972844976803804,0.9994043881903011,0.99880913113403
554,0.0249085406434148,-1.9281997497656402,-1.944027805983019,18.541876690668868,2.7138204732901627,0.06864117510805695,0.06315858697183895,0.025738801064734928,0.9980055127543478,0.9960150034880686
555,0.02573364453721525,-1.9315613764082744,-1.9449064427190115,15.180250048034694,1.8351837372976298,0.05275793853539453,0.050232526831570465,0.016324398763813558,0.9987385896765929,0.9974787705091898
556,0.023759859358630446,-1.9238645270108188,-1.9456655635506215,22.877099445490323,1.0760629056876247,0.04747465418715753,0.03761805522008532,0.02916221310188918,0.9992924514095005,0.9985854034440089
557,0.02884252106560093,-1.9341514607874706,-1.9441846104999134,12.590165668838527,2.5570159563956807,0.06053516792304315,0.056595508936202986,0.02191922692523621,0.9983985393739332,0.9967996434240032
558,0.03283885210810573,-1.9158599989829785,-1.9448440284696422,30.881627473330564,1.897597986666888,0.04998182636773307,0.046514194884292315,0.019185779082434955,0.9989183317894914,0.9978378335851005
559,0.02877234381457927,-1.9772951521533402,-1.9437971925115283,-30.55352569703107,2.944433944780833,0.07679308318684257,0.07116516916111881,0.02740640104519384,0.9974684225796382,0.9949432540435117
560,0.021825698972197972,-1.9294802703760732,-1.9443484497776005,17.261356080235934,2.3931766787086417,0.05494082872193342,0.053387661160060884,0.014490193684005682,0.9985750309014355,0.9971520923398028
561,0.018818428998639662,-1.9325213719346632,-1.9448828869952421,14.22025452164588,1.8587394610669605,0.04957447261762659,0.048024260521529166,0.012767112986106091,0.9988471546451884,0.9976956383427888
562,0.01720329922587053,-1.938008979810759,-1.9461787449332195,8.73264664555018,0.5628815230895867,0.028973396383146863,0.027718208971352205,0.008668880680341594,0.999615856693966,0.9992318609540116
563,0.028074064881229124,-1.9232589180899005,-1.94457216908604,23.482708366408644,2.169457370269079,0.054567453606381745,0.05121211910654114,0.020195232828566213,0.9986886904792285,0.9973791004911162
564,0.022372339551379974,-1.9182432278138581,-1.9454365626769554,28.49839864245096,1.305063779353688,0.04851676623431513,0.0446585203465707,0.01967880878635695,0.999002942558437,0.9980068792404159
565,0.021875122928025813,-1.9131763656872358,-1.9446597818194535,33.56526076907329,2.0818446368555676,0.06054255435448838,0.05706957963929806,0.021914577756598393,0.9983717055870244,0.996746062516744
566,0.0196908776132157,-1.9294818924533315,-1.9462129461425353,17.259734002977645,0.5286803137738438,0.03140715009729956,0.02666819615879099,0.016515570108234193,0.9996444041578952,0.9992889347641934
567,0.024473323646213085,-1.9358291445345903,-1.9441382863178374,10.912481921718786,2.6033401384717436,0.059656960218313584,0.054861624505992766,0.02330402199192234,0.9984953102149856,0.9969928845213204
568,0.022288237744913272,-1.929690361755626,-1.945551632887015,17.051264700683078,1.1899935692940566,0.0412500182507982,0.04006732816549011,0.010544526838602073,0.9991973096489942,0.998395263609788
569,0.025703299225833868,-1.9351078753909305,-1.9448324762326716,11.633751065378561,1.909150223637468,0.049113762306805565,0.04841049423016251,0.00912894643428254,0.9988283020210812,0.9976579769183161
570,0.02495650155273165,-1.9190999990835766,-1.9434560007811912,27.641627372732458,3.2856256751179203,0.06523878092236556,0.06264288638874282,0.02038005765448172,0.9980380509012627,0.9960799510467915
571,0.03170329922585295,-1.895028457755396,-1.9442417340361489,51.71316870091314,2.4998924201602435,0.06747118039576101,0.05929807104262346,0.033218084265201064,0.9982423073340082,0.9964877041515245
572,0.02067785317558888,-1.938247469433904,-1.9443772319507742,8.49415702240508,2.364394505534939,0.056023177315824735,0.05506893956110013,0.01084611183788917,0.9984837230007281,0.9969697450973947
573,0.030043828633061435,-1.963298537605289,-1.9423686429900766,-16.556911148979836,4.372983466232494,0.08251496055389199,0.07894700799475837,0.0217090467374779,0.996885479404595,0.9937806590477293
574,0.0258631628477208,-1.938770424942663,-1.9440655725655163,7.9712015136461645,2.67605389079284,0.05773141452312904,0.05501072614917751,0.017711206141875258,0.9984870808495605,0.9969764506234767
575,0.03315783385358048,-1.9057663568225272,-1.9442400288306019,40.97526963378195,2.5015976257072303,0.06948098967141246,0.06446990854420069,0.028055727619329347,0.9979221239768791,0.9958485655225257
576,0.024880294828202032,-1.9322792238451247,-1.9447151734934927,14.462402611184366,2.0264529628164496,0.06366845711996943,0.062299119584661514,0.014707631964391848,0.9980594775192815,0.9961227206660611
577,0.026635951571350545,-1.9239590655635757,-1.944256661385875,22.78256089273345,2.484965070434164,0.058774068559545575,0.05690494073088306,0.016432154423568372,0.9983809818640983,0.996764584947921
578,0.02867819110795963,-1.9520597278585388,-1.9442222643348017,-5.318101402229658,2.5193621215073847,0.06195710143448172,0.05448197994774676,0.02999041711947325,0.9985159083402965,0.9970340192086473
579,0.02786723049440155,-1.933726169057891,-1.94559434276596,13.015457398418029,1.1472836903489991,0.04530799117695846,0.03993546299068833,0.02198042379027296,0.9992025941417638,0.9984058241396304
580,0.02374730155173656,-1.9554408366592202,-1.9457964663398133,-8.69921020291109,0.9451601164958134,0.043177520666339994,0.03584520813619679,0.024596215852240335,0.9993575668206605,0.9987155463617108
581,0.02909448799064517,-1.9410345703222125,-1.9451286422449876,5.707056134096611,1.6129842113214998,0.0485371741518007,0.04437432903257579,0.020268726951883302,0.9990155676638262,0.9980321044346768
582,0.02582203001467052,-1.8989703889048888,-1.9421430635360044,47.77123755142032,4.598562920304694,0.07621243987295764,0.07121739672392155,0.029291219029770558,0.9974653954077304,0.9949372150358999
583,0.021015847710453547,-1.9345274622629096,-1.9456769444867301,12.21416419339949,1.0646819695789844,0.048947622563866845,0.04605171951125812,0.01734627914712543,0.9989398317004036,0.9978807873576306
584,0.02862116434450828,-1.930332906624345,-1.945246890088974,16.408719831964014,1.4947363673352143,0.04623686345644118,0.04425910203735636,0.014323322729031805,0.9990205667401391,0.9980420927697886
585,0.03542208859471545,-1.8892365841324479,-1.941252237672561,57.50504232386122,5.489388783748161,0.09108479646977052,0.08179855911527814,0.042820201062115544,0.9966555276289055,0.993322240753252
586,0.03055974219858773,-1.9179021212626133,-1.9442170136928827,28.839505193695825,2.524612763426415,0.06099704605471356,0.058234458890160476,0.01975720633718231,0.9983046679404602,0.9966122100317126
587,0.02308960124408646,-1.9403704936893524,-1.9453369085943233,6.371132766956666,1.4047178619858158,0.048625358146349225,0.04199145575728209,0.024744313973113066,0.9991183607325226,0.9982374987528431
588,0.03666740358622891,-1.9024676741910962,-1.9432835606517498,44.27395226521291,3.4580658045593182,0.08158363376749196,0.07355431090331462,0.037942620840553415,0.9972952660222021,0.9945978476302948
589,0.02515336751774746,-1.938617113598921,-1.9434747288294345,8.124512857388133,3.2668976268745986,0.06312160943095863,0.06297674010641433,0.007071590132353561,0.9980171741796899,0.9960382799576135
590,0.03787865808894524,-1.9146001100935617,-1.9413569899052943,32.141516362747424,5.384636551014843,0.10146583260332875,0.0998185980339706,0.023723587044332164,0.9950213149710649,0.9900674172467472
591,0.033269915357179304,-1.9327559898423317,-1.9382326156132497,13.985636613977448,8.509010843059439,0.10313249428071403,0.09894612816159393,0.03185259101313421,0.9951054411280985,0.9902348389627476
592,0.027706501552734367,-1.9223809687574052,-1.9447071198404629,24.360657698903943,2.0345066158462544,0.05513984486373095,0.052529145931520714,0.01852379226832343,0.9986203499326453,0.9972426032995989
593,0.025086486493910872,-1.933819727894919,-1.9445447080203702,12.921898561390144,2.1969184359389438,0.053712372512582186,0.05071962975547666,0.018821275202546704,0.9987139461304719,0.9974295461954992
594,0.030385443819086966,-1.9113532176956347,-1.9404280423345452,35.388408760674395,6.31358412176386,0.08996536711398181,0.08762787299043773,0.024671516268766257,0.9961607619731666,0.9923362636949599
595,0.023604808881727037,-1.95359341091273,-1.9461209127508654,-6.851784456420873,0.6207137054436984,0.03046480084232116,0.02620934007318905,0.015679306872435364,0.9996565560795241,0.9993132301127747
596,0.027407435164393902,-1.9266274248355721,-1.945032876533021,20.11420162073696,1.7087499232881775,0.053438753691107205,0.04886139105826966,0.0224115841028696,0.9988063158263678,0.997614056534642
597,0.022501592969332712,-1.954128257492451,-1.9448347734358966,-7.3866310361419,1.9068530204124912,0.054440943311887174,0.05295530894719422,0.01222817673449324,0.998598313015415,0.9971985907572328
598,0.029415789130410458,-1.9210896795052388,-1.9409570195044907,25.651946951070315,5.784606951818372,0.0857849643315094,0.0840191760147791,0.020283618026624307,0.9964703914174913,0.9929532409717283
599,0.03196322142773468,-1.9490562103496425,-1.9455894406624699,-2.3145838933333884,1.1521857938392444,0.04720375325898867,0.04390657534807987,0.0175033359748934,0.9990361952756487,0.9980733194708441
600,0.025555742493405444,-1.9253025277078974,-1.9425646401148942,21.439098748411656,4.1769863414149455,0.07163334775399571,0.06833826003069171,0.023482253559869402,0.9976656277642231,0.9953367048221813
601,0.02536088722343685,-1.9506234338675636,-1.9447178774263303,-3.8818074112545453,2.0237490299788163,0.06898768808892308,0.058022691326579535,0.036985446205230546,0.9983171860466092,0.9966372039560202
602,0.02953339358057412,-1.9487712911834822,-1.944751644257004,-2.0296647271731416,1.9899821993050182,0.051318268758525916,0.04965676313507,0.01279771308671978,0.9987671029377301,0.9975357259106263
603,0.01940058414110099,-1.925814931647709,-1.945432927673359,20.92669480860021,1.3086987829500352,0.04266773279956474,0.039390413893156846,0.016948094760178705,0.9992242228148606,0.9984490474599621
604,0.02957291559553636,-1.9151316415990218,-1.9442601460824427,31.609984857287277,2.481480373866418,0.06209420359592507,0.056786576105092766,0.02661367808571369,0.99838766703368,0.9967779336849543
605,0.027192844538176525,-1.9328656086521157,-1.945456049009482,13.876017804193452,1.285577446827002,0.040706900242502626,0.039683377824201865,0.009586386284726819,0.9992126321641271,0.9984258842763633
606,0.034788502637562904,-1.9013798612284842,-1.9419739909547278,45.36176522782487,4.767635501581324,0.08461931624355136,0.08035318012917905,0.028713460192912977,0.9967717664772733,0.9935539544462239
607,0.015354808881718925,-1.9587248625108378,-1.9460102639114527,-11.983236054528668,0.7313625448563954,0.03561484212476291,0.030016204547480614,0.019244280968640993,0.9995495568602402,0.9990993166195025
608,0.026710902033447725,-1.9398585040947556,-1.9451452317826374,6.883122361553529,1.596394673671675,0.056022689172615624,0.05095786430181953,0.0238879288763174,0.9987019045442346,0.9974054941402815
609,0.03587116434448946,-1.9384835933488895,-1.9443161609125814,8.258033107419571,2.4254655437276895,0.055987251492154964,0.05296032121233213,0.01831111886259275,0.9985980922088168,0.9971981497630885
610,0.026869197419432344,-1.9316822159309808,-1.9436964566403676,15.059410525328332,3.0451698159414953,0.06533983352976858,0.061374792191049694,0.023706428031232303,0.9981169842686043,0.9962375142854533
611,0.028657435164406588,-1.9229649585302917,-1.9437206516683554,23.776667926017403,3.020974787953712,0.07515770391294373,0.07274521059266084,0.02161266344067751,0.9973541051387392,0.9947152110370953
612,0.028253157332384905,-1.9544183550712788,-1.9430217570817347,-7.676728614969708,3.7198693745743583,0.07513790692266473,0.06720872941994264,0.03280218119271942,0.9977415190424732,0.9954881388211819
613,0.014822915595589375,-1.9475895231530427,-1.9462748183674716,-0.8478966967335744,0.46680808883747815,0.02499208687891115,0.024854185570476594,0.002479364031359657,0.9996911348036142,0.9993823650049378
614,0.029018679955317317,-1.9426662634443634,-1.9449819730958449,4.075363011945665,1.7596533604642417,0.05199984417600785,0.0456265607177335,0.025159946959403604,0.9989591641698398,0.9979194116789049
615,0.02629568649489932,-1.9264333563719178,-1.945282638476275,20.30827008439129,1.4589879800341876,0.04752219274883019,0.044852120438166526,0.016479364376395078,0.9989943116893569,0.997989634787692
616,0.029066462073594007,-1.9228530322122788,-1.9448044952231849,23.888594244030337,1.937131233124223,0.051316233105413306,0.04799191497504976,0.0190115547036532,0.9988485723344993,0.9976984704546675
617,0.021544733849059864,-1.9621321911285194,-1.9457816015557803,-15.390564672210338,0.960024900528822,0.03969753996548866,0.0337227575988012,0.020975183408018152,0.999431388095107,0.9988630995097124
618,0.029666894609416607,-1.9581878158315937,-1.9432963793003102,-11.446189375284632,3.4452471559989206,0.073674526761372,0.07091010800888638,0.017716567846228028,0.9974858837919536,0.9949780883642148
619,0.026316109604353325,-1.9185906085647477,-1.9449644556288057,28.15101789156138,1.7771708275033937,0.057632862249421046,0.04547754857192289,0.035829382247674874,0.9989659543633269,0.9979329779770325
620,0.03903143175376968,-1.8943725902512922,-1.9404870374074228,52.36903620501687,6.2545890488863165,0.09469675840985603,0.08669955510289279,0.04120068157203227,0.996241675305635,0.9924974756157783
621,0.02275366895755177,-1.9635017726240889,-1.945813618514553,-16.760146167779766,0.9280079417561815,0.0385871589406115,0.03267609988833426,0.02047706536591606,0.9994661653330396,0.9989326156455308
622,0.0383081081075769,-1.8983547102964262,-1.9429892100422534,48.38691615988289,3.7524164140556593,0.08079316711594871,0.07517191549471595,0.03245078707828201,0.9971746313084318,0.9943572453251068
623,0.02231414267930966,-1.9184590092452598,-1.9455876197086275,28.2826172110493,1.154006747681624,0.04932044416923039,0.041784357106446214,0.026252944253930842,0.9991270865244023,0.9982549350267405
624,0.02515999741846483,-1.9435319361156422,-1.9431961184804412,3.209690340666871,3.5455079758679453,0.0671335176035191,0.06288766918428372,0.024094936688026394,0.9980232240141252,0.9960503556715489
625,0.02188751980723023,-1.9482761152386854,-1.9460832283345117,-1.5344887823762754,0.6583981217973545,0.029681395203158795,0.029441883845222692,0.0037345815026586394,0.9995665989960055,0.9991333858284414
626,0.02575671722672972,-1.946472580925566,-1.9451913655423014,0.2690455307430284,1.5502609140076729,0.047414872431543645,0.04483421885761375,0.015350035447841777,0.9989951983224089,0.9979914062712291
627,0.030082817536380865,-1.9281236459289512,-1.9428445161636316,18.617980527357858,3.8971102926774748,0.06762955442760772,0.06634792013183177,0.015430552169316552,0.9977995900610437,0.9956040219259868
628,0.025953299225905092,-1.9319497868404898,-1.9440986775932518,14.791839615819313,2.6429488630572706,0.061287275863894417,0.05526023365506839,0.02664562459860898,0.9984731541673502,0.996948639592897
629,0.025265956773660257,-1.948461091220565,-1.9452052441088752,-1.7194647642559957,1.5363823474339178,0.04400692410732514,0.04303868523355326,0.009148704662409872,0.9990738420448809,0.9981485418583197
630,0.02389934609097573,-1.9034197891159959,-1.9444086046058648,43.32183734031325,2.3330218504442612,0.06604751384883874,0.060784423953063355,0.02776653633422792,0.9981527835031345,0.9963089792150553
631,0.027150186677391143,-1.937683371335128,-1.9427597723528784,9.05825512118108,3.98185410343066,0.08094267869141475,0.07089013053205541,0.038906648660608105,0.9974888544409628,0.9949840147339443
632,0.019909800778625784,-1.9211290123976343,-1.945680340645407,25.612614058674765,1.061285810902035,0.04077958087691137,0.03699345551397662,0.01773692933542888,0.9993157710445968,0.9986320102584569
633,0.02444087761316465,-1.9282281219662194,-1.9463415905804167,18.513504490089705,0.40003587589243494,0.030274960338911423,0.027176979826914104,0.013617558123613753,0.999630707468251,0.999261551313476
634,0.024696001870625393,-1.915760700241164,-1.9441400817119472,30.980926215145033,2.6015447443619166,0.06468256078334053,0.055198181943700575,0.03333951205401787,0.9984768725162447,0.9969560649498213
635,0.02004928751092401,-1.9325631027583234,-1.9443347125720585,14.178523697985668,2.4069138842506277,0.061461903867701305,0.060600032200246505,0.011357762158541642,0.9981643571538212,0.9963320838923012
636,0.022767462166248857,-1.9272115116761073,-1.9462817464323863,19.530114780201835,0.4598800239228318,0.03814987371835732,0.030226301560497416,0.023392639745227515,0.9995432058418219,0.9990866203445468
637,0.02059081903312507,-1.9251678031967099,-1.9453719862447796,21.573823259599223,1.3696402115295214,0.047211231196559254,0.04543757151860058,0.013609103203370825,0.9989677595074163,0.9979365845352672
638,0.03194923157923281,-1.9201081139706433,-1.9442702190127197,26.63351248566581,2.471407443589424,0.05778136775675349,0.053918112258106596,0.021414180045007537,0.9985467687067212,0.9970956492946342
639,0.030462868958506074,-1.9399280365163694,-1.9452182301377066,6.813589939939746,1.5233963186025434,0.04834401231973371,0.0415045956126136,0.02498036671067899,0.9991387655337719,0.9982782727923496
640,0.02783648649390629,-1.9524560885128925,-1.9443838351441325,-5.714462056583436,2.357791312176616,0.05919361102281122,0.05455741541218594,0.022315840119744527,0.9985121371649133,0.9970264880656425
641,0.01784081903315409,-1.9328908579716841,-1.946419397641608,13.850768484624965,0.32222881470111986,0.026792894311052525,0.023518037470447138,0.012840439488195118,0.9997234529762136,0.9994469824306835
642,0.02230810810759574,-1.9273378225247872,-1.945122952810039,19.403803931521857,1.6186736462699969,0.04541476652180398,0.043451257479571515,0.013793136082849333,0.999055994361379,0.9981128798694038
643,0.022723588538726518,-1.9323492005634855,-1.9453503664468592,14.392425892823635,1.3912600094498906,0.04907774952548416,0.04115538968363031,0.02654670425872108,0.9991532866037997,0.9983072901311746
644,0.02896602629090063,-1.9663754602358081,-1.9448908911361344,-19.63383377949901,1.8507353201746568,0.06571504679154705,0.050520445216121895,0.04154519056401104,0.9987239742490027,0.9974495767397227
645,0.039066462073626004,-1.909117470965649,-1.9401510624884544,37.62415549066,6.5905639678547345,0.09339744057138592,0.09152295592565983,0.023003116962707456,0.9958126022085529,0.9916427387173697
646,0.030123265066159536,-1.9146246022409883,-1.9413763212628428,32.11702421532081,5.365305193466341,0.08654951642383729,0.07915878794375195,0.03742900467551867,0.9968679598490271,0.9937457293735615
647,0.03388387620909172,-1.9447217665110734,-1.9459585024710895,2.0198599452356802,0.7831239852196248,0.03858025865394717,0.036512107152711866,0.012829382808615451,0.9993334921800517,0.9986674285927776
648,0.024469255999486808,-1.9552436879125248,-1.9449981796522324,-8.502061456215682,1.743446804076676,0.058285011215981244,0.054340474233224405,0.02025064332311453,0.9985237958091137,0.9970497707970405
649,0.025499513734206215,-1.947348065045089,-1.9452443691648218,-0.6064385887798451,1.4972572914873084,0.052201440098803516,0.042140443520378934,0.03088673641306247,0.9991122020627949,0.9982251923107672
650,0.027438577854079084,-1.8952591193118142,-1.9440616898014274,51.482507144494875,2.679936654881754,0.06847822075214331,0.06000577204408034,0.034146194912464276,0.9981999604484841,0.9964031610393553
651,0.02340743516440199,-1.9237008766968333,-1.9445238761983037,23.040749759475787,2.217750258005413,0.06379043796215839,0.06166819283007421,0.01840334725668133,0.998098961583251,0.9962015371135639
652,0.024182611223872552,-1.964176897461609,-1.9464712660551096,-17.435271005299846,0.2703604011995431,0.02508335479736059,0.017985359006573862,0.0175950792552918,0.9998382636612224,0.9996765534810881
653,0.027349172999156218,-1.9236977969229512,-1.94404765462993,23.04382953335793,2.6939718263792045,0.057579295988476394,0.05546037297790859,0.016927578858182867,0.9984622499604016,0.9969268645959874
654,0.029806560132817267,-1.9253216785421359,-1.9433077214244967,21.419947914173232,3.433905031812401,0.07795087767024769,0.07423004117712415,0.025099171400665823,0.9972449545385652,0.994497499352625
655,0.02690829538596994,-1.920500010843823,-1.944077307816843,26.241615612486058,2.6643186394661456,0.06272390021376961,0.06123637527329085,0.015358682332804463,0.9981255476135036,0.9962546087987564
656,0.021273849207222202,-1.9466278050314314,-1.9460822036337146,0.11382142487770253,0.6594228225944576,0.03282494339191331,0.03201197749791299,0.007600624184894286,0.9994876354737788,0.9989755334649654
657,0.028121164344497455,-1.940290843849329,-1.9433258091159156,6.450782606980177,3.4158173403935344,0.06662826877846116,0.061565186122475836,0.026076792057306442,0.9981056438110515,0.9962148762074736
658,0.022500682654993095,-1.9451907376835693,-1.9447803248803892,1.550888772739789,1.9613015759198937,0.04837001714630943,0.04709162614921239,0.01132157860017766,0.9988914472744892,0.9977841234381236
659,0.027883876209099746,-1.9215169940173433,-1.9450985061620647,25.224632438965777,1.6431202942444045,0.05359033600987013,0.048930239838600044,0.02312302685636116,0.998802915824094,0.9976072646587122
660,0.03493449057222376,-1.9274578849686599,-1.9456606271380246,19.28374148764922,1.0809993182845368,0.05128121578941841,0.043634695648911995,0.027182539984335556,0.9990480639822464,0.9980970341466747
661,0.022781431753780716,-1.932939204573066,-1.945973847249533,13.802421883243099,0.7677792067761757,0.03589830063577441,0.029934705822431424,0.019799409441950546,0.9995519572375532,0.9991041152174234
662,0.020859338060827508,-1.9772530493221778,-1.9461630449982221,-30.51142286586872,0.5785814580869797,0.039367902126558545,0.027095413862495633,0.028744566843144442,0.9996329205426225,0.9992659758325732
663,0.024087636967360295,-1.9380118926732706,-1.9450247096174549,8.72973378303854,1.716916838854221,0.04935366130564169,0.046026660616290245,0.018469366644527845,0.9989407838374983,0.9978826896138755
664,0.02868778047575669,-1.950711068400534,-1.942777206351163,-3.969441944224883,3.9644201051460826,0.0706131935138454,0.067790212490432,0.020084379757662394,0.9977024038286503,0.9954100866054671
665,0.024189659824126054,-1.9426129082567904,-1.946396132677133,4.128718199518655,0.3454937791760315,0.02715997405644205,0.02393307111357937,0.012796313140901188,0.9997136148994578,0.9994273118153413
666,0.020308212072522466,-1.9515644887608448,-1.9434974840357755,-4.822862304535658,3.2441424205336133,0.06205297160564135,0.06067391682046557,0.011993339995597554,0.998159938306075,0.9963232624391873
667,0.031578484997153294,-1.9221205552664873,-1.9419017189961643,24.62107118982182,4.839907460144843,0.07830524289467804,0.07631313639459276,0.021046383157207797,0.9970883583361316,0.9941851943294421
668,0.025314142679307657,-1.9367493565693696,-1.945092665237311,9.992269886939464,1.6489612189980463,0.05047065188263785,0.044064957442246436,0.024497961552953786,0.9990292470373855,0.9980594364360854
669,0.029277115602785016,-1.9611692461862693,-1.9448267377955737,-14.427619729960206,1.9148886607354143,0.06095572512266757,0.04902754306778168,0.035750833644126435,0.9987982850240422,0.9975980141669679
670,0.022346807384969115,-1.9395499443144233,-1.9447559534615453,7.1916821418858135,1.9856729947638208,0.04951583498536774,0.048984451383516765,0.008242926437255146,0.9988004058195714,0.9976022506653406
671,0.029619197419454873,-1.9237423589567053,-1.9448817853913927,22.999267499603793,1.8598410649164343,0.05885365019650641,0.05330608696315555,0.02555871425267715,0.9985796623875751,0.9971613421340835
672,0.0220174621662862,-1.9477471747824555,-1.9451370087134758,-1.0055483261464104,1.6046177428332697,0.058020978564140444,0.05051211254479806,0.029285780952537317,0.9987244931905647,0.9974506132987503
673,0.026421823702121386,-1.9572676888378913,-1.9450561774499444,-10.526062381582157,1.685449006364692,0.05264916169281564,0.049330551246774226,0.01833389841250352,0.9987832605934408,0.997568001641665
674,0.023792171595080312,-1.9411900745619886,-1.945292722293319,5.55155189432055,1.44890416299015,0.04477756913469194,0.04384396385838456,0.010081320052453463,0.9990388535718447,0.9980786309461458
675,0.020141786491444054,-1.9577117968750615,-1.9454650726707212,-10.970170418752367,1.2765537855878861,0.05045389040980099,0.049206988494669354,0.010257421325557495,0.9987893367240432,0.9975801391536543
676,0.01491616818439228,-1.9355835050977885,-1.9467191681413663,11.158121358520567,0.022458314942852553,0.0178906384405259,0.006442125491082008,0.016552310020054636,0.999979249596175,0.9999584996229293
677,0.017119197419443774,-1.944358302364262,-1.9462492798237874,2.383324092047001,0.49234663252173405,0.028499045035658525,0.024254898945987105,0.014948697476703446,0.9997058662533701,0.9994118190214011
678,0.03421322142778507,-1.9287201194829013,-1.9429019979002378,18.021506973407764,3.8396285560713395,0.07342430194889867,0.06938519456828546,0.026001732293253053,0.9975932823587623,0.9951923570073293
679,0.02792891753294661,-1.9688013993041709,-1.9454942402777735,-22.05977284786176,1.2473861785355922,0.0478057880523979,0.043539407543655005,0.018972642172349122,0.999052167934909,0.9981052342554416
680,0.02934442004918513,-1.912410651818395,-1.9402552804749622,34.330974637914125,6.486345981346897,0.09683763082660567,0.09389730671770485,0.02706861334183924,0.9955931986511241,0.9912058172003766
681,0.02289388721311957,-1.9562921761206853,-1.944650937696043,-9.550549664376184,2.0906887602660795,0.05660238773599778,0.050393423694625454,0.025152752294729068,0.9987302540760983,0.9974621204069078
682,0.037003824786965504,-1.8884300974774668,-1.940761260879157,58.31152897884229,5.980365577152202,0.09711200453002661,0.0893231449466476,0.041892685641409994,0.9960126028510595,0.9920411050381425
683,0.02804020467002445,-1.9263546588468234,-1.9423915428545524,20.386967609485662,4.350083601756705,0.07624484926979459,0.07343013218191054,0.023338435492766,0.9973047179343726,0.9946167004141585
684,0.02117819110797071,-1.9472851368393924,-1.9448705651218565,-0.5435103830833121,1.871061334452584,0.0581474431277213,0.05004214391183211,0.02910347444893821,0.9987481529541264,0.9974978730292792
685,0.029352841956684795,-1.946047500672637,-1.943984908714891,0.6941257836721171,2.7567177414180577,0.05759314257747363,0.056884184495071516,0.008929760075164401,0.9983823569935159,0.9967673307559282
686,0.02741616818440793,-1.9324921216871245,-1.942601050322066,14.249504769184629,4.1405761342430125,0.07570202710071015,0.0707754828411804,0.027319283189717818,0.9974957271256739,0.9949977256339769
687,0.026785784554102382,-1.9500486476146015,-1.9447003207618965,-3.3070211582924003,2.0413056944126318,0.05855154182996473,0.050413294413552336,0.03077485181524028,0.9987292602018374,0.9974601351833094
688,0.02266766847880703,-1.920619093817855,-1.9444530722858564,26.12253263845421,2.2885541704527057,0.06147662291059441,0.05954759166620326,0.01679674629950695,0.9982271598633893,0.9964574626889285
689,0.02443252364722652,-1.916356166004442,-1.9451560111809527,30.385460451867186,1.585615275356389,0.05241770158626323,0.04438718068402044,0.0277543140070152,0.9990149068271865,0.9980307840629322
690,0.021417532284537938,-1.9698696788145782,-1.9452523708150709,-23.12805235826909,1.4892556412382518,0.050719133774237375,0.04730579907783185,0.017373450153898587,0.9988812227302696,0.9977636971231184
691,0.02583281753636653,-1.934174720091135,-1.9444595440870642,12.566906365174102,2.2820823692448755,0.05545222499677933,0.05343324012498866,0.015715263989192096,0.9985728028487489,0.9971476425892064
692,0.02583443199219227,-1.911195958159831,-1.9456233527451017,35.5456682964781,1.1182737112074292,0.050318680602222034,0.0385409197678405,0.0320809138273834,0.9992574182972259,0.9985153880220371
693,0.02533688518305905,-1.9309088321466523,-1.9442208140505512,15.832794309656784,2.520812405757855,0.0610779871315396,0.05650805845626404,0.023092241251121536,0.9984035453640512,0.996809639395507
694,0.023893445315844555,-1.9210549438606621,-1.9453082592641537,25.686682595646992,1.433367192155366,0.04904643769329547,0.04454090813151251,0.02160286015785869,0.9990080624859294,0.9980171089118907
695,0.024107174495932616,-1.9366172962833061,-1.945050969659272,10.12433017300296,1.690656797037171,0.048234075837937165,0.04653750524017063,0.012923299897858908,0.998917403420552,0.9978359788564579
696,0.028336486493910854,-1.9552849803029717,-1.9431996800240332,-8.543353846662605,3.5419464322759,0.06856953916665956,0.0640629546287338,0.02379315494002418,0.9979479700457025,0.9959001509183383
697,0.022696999761584735,-1.9471178668788023,-1.945639760215801,-0.37624042249317924,1.1018662405080093,0.04068237003571478,0.04024066701808066,0.00579552381152901,0.9991904718539041,0.9983815990436274
698,0.03657406488122146,-1.9375954871090666,-1.9424846738226476,9.14613934724251,4.256952633661548,0.07642889749991623,0.07175008595418364,0.027908610969555644,0.9974262993253765,0.9948592225859156
699,0.0255482487489749,-1.9598458636551317,-1.9449665474413986,-13.104237198822588,1.7750790149104745,0.05771477457203476,0.051293785427307816,0.025351132602903538,0.9986844900993248,0.9973707107649484
700,0.028055054740114778,-1.9346825198699957,-1.9456756700803648,12.059106586313373,1.0659563759443103,0.04989757959818519,0.04199551797678758,0.02647105073471778,0.9991182515636875,0.9982372806076799
701,0.025596454915699503,-1.9361566783182178,-1.9460188017887192,10.584948138091299,0.7228246675898831,0.03724463594328432,0.03169045856501139,0.01987466513554381,0.9994978670843777,0.9989959863062203
702,0.023455266150905853,-1.9356263597946615,-1.9462148205719287,11.115266661647638,0.5268058843803658,0.030028497518939122,0.02885702417521491,0.00839387873691295,0.9995836391972706,0.9991674517508592
703,0.027363851788785594,-1.9066718787606243,-1.9449839167934566,40.06974769568483,1.7577096628524913,0.052412683147153555,0.04488699245233724,0.027621010920131115,0.9989925908853657,0.9979861966438557
704,0.023886659585730094,-1.9473723505808034,-1.9449187389859046,-0.6307241244942752,1.8228874704044884,0.0553814985974633,0.04960381775241445,0.025777941097962023,0.9987697340390655,0.9975409816324657
705,0.023188910688090827,-1.9267643674732728,-1.9464400613874442,19.97725898303626,0.3015650688649174,0.024315981111987264,0.020579303058623464,0.01307912367094973,0.9997882553993198,0.9995765556344155
706,0.029045820291512748,-1.9219290574679124,-1.9419515982037747,24.812568988396677,4.790028252534384,0.08247287886470667,0.07374714445713937,0.03797961325500829,0.997281043250684,0.9945694792271726
707,0.029432144593160816,-1.9169028470391074,-1.942016541781624,29.8387794172017,4.725084674685132,0.08081313933014925,0.07924064334197677,0.019507208263870004,0.9968604762386721,0.9937308090867922
708,0.03213751980726798,-1.9118991005713901,-1.9422464796889132,34.842525884918985,4.49514676739593,0.07823688588532933,0.0735035312316684,0.02941467076562306,0.997298677524421,0.9946046521919591
709,0.015403143746821975,-1.943417023366451,-1.946006995035806,3.324603089858158,0.7346314205030069,0.03594791144817841,0.03385429425603697,0.012647986361472772,0.9994269497028188,0.9988542277922806
710,0.0353444879906531,-1.9268978567979473,-1.9445281449259901,19.843769658361765,2.2134815303189725,0.0633448081400766,0.05629025166800857,0.030468117799595025,0.9984157448608125,0.9968339995859711
711,0.02898561146224985,-1.9437608387399952,-1.944915907591944,2.9807877163139374,1.8257188643651112,0.047702105459317495,0.047229858209594175,0.007160020041871423,0.99888474477356,0.9977707333413401
712,0.032985611462257314,-1.9438006866799549,-1.945703723229853,2.9409397763542344,1.0379032264560273,0.034935934916415085,0.03459115664733762,0.004911362463716178,0.9994017320004824,0.9988038219255642
713,0.023676156241378105,-1.9142924480654917,-1.9436072680750536,32.4491783908174,3.134358381255531,0.06540710802893505,0.06046304306766087,0.026880844834193732,0.9981722925447253,0.9963479256039927
714,0.01800512425744326,-1.9516028273803225,-1.9459537727170646,-4.861200924013431,0.787853739244504,0.03733038866588756,0.03438985546375191,0.014203778308957112,0.9994087051910845,0.9988177600117201
715,0.036807709418431325,-1.9356777330309243,-1.9438009483662666,11.06389342538483,2.9406780900425034,0.0672414814991217,0.06621928788834759,0.013354503322849627,0.9978075276248042,0.9956198621847243
716,0.02330852705786156,-1.9321893676960673,-1.9451956088607172,14.552258760241799,1.5460175955919198,0.046017935502702965,0.04471872831311123,0.012127767271843531,0.9990001178684167,0.9980012355011104
717,0.022148219752325397,-1.9357757832808022,-1.9459482727733495,10.965843175506862,0.7933536829596299,0.042401873528003606,0.03748820283407742,0.019562268663168948,0.999297323005065,0.9985951397650893
718,0.020314495148573055,-1.922927556320375,-1.944154622745063,23.814070135934173,2.587003711246094,0.05793284075532863,0.05632434604460402,0.01494913890496704,0.9984140863405657,0.9968306878032667
719,0.025854391119286144,-1.9258059488995845,-1.9463285955214567,20.935677556724652,0.4130309348524541,0.029062250172016003,0.02451893135012502,0.01574883586173903,0.9996994113633816,0.9993989130802916
720,0.02233885210810386,-1.9258666132564783,-1.945287776822305,20.87501319983076,1.4538496340041895,0.045079030473080546,0.04052008844296044,0.02023730980763002,0.9991791724654817,0.9983590186888048
721,0.02031217575425422,-1.9227565859382538,-1.9451181789460834,23.98504051805528,1.6234475102256951,0.05303215377350744,0.04624622465025234,0.02655345202134741,0.9989306775824079,0.9978624986152487
722,0.01990546823936292,-1.9492292551706696,-1.9458539650121638,-2.487628714360479,0.8876614441453157,0.04087286713136894,0.03964540996251458,0.010344498972884078,0.9992141493564213,0.9984289162740766
723,0.029086486493884626,-1.9336304896283714,-1.9449161427545671,13.111136827937742,1.825483701741959,0.050247805696489026,0.04726427556340399,0.017772037305835178,0.9988831516951373,0.9977675507404107
724,0.017588852108119505,-1.9305082942097769,-1.9458361618206694,16.23333224653223,0.9054646356396745,0.035746906134491496,0.0338198008855571,0.011823026272913364,0.9994281105635288,0.998856548184585
725,0.031067609898772035,-1.9183588112391978,-1.944151349745172,28.38281521711128,2.590276711137207,0.060359189035682784,0.056628062609805276,0.02204765752296602,0.9983967288029665,0.9967960280844642
726,0.015064561629534552,-1.9385207783075098,-1.9463505101438867,8.220848148799309,0.3911163124223904,0.03037790496738482,0.025237142948442006,0.017128479208616248,0.9996815433602195,0.9993631881350705
727,0.027001106703463642,-1.9345506366855465,-1.9451830500799632,12.190989770762606,1.5585763763459326,0.05027244580446284,0.04645194974228158,0.020084881907793242,0.9989211703679081,0.9978435046091912
728,0.023184952104640236,-1.956045678092784,-1.944797891981301,-9.304051636474853,1.9437344750081742,0.05080941070928511,0.04937182642055811,0.011033662141374434,0.9987813388838218,0.9975641629025597
729,0.030273072689492746,-1.9420161073497677,-1.9445493862633467,4.725519106541398,2.1922401929623803,0.058910090874822955,0.05258095071216034,0.027067354987142734,0.9986178443064629,0.997237598967287
730,0.0283468073849436,-1.9261948912730877,-1.9440069691355941,20.546735183221365,2.734657320714984,0.05946535153492217,0.05831166289245923,0.01384572613660976,0.9982998750820619,0.9966026405888603
731,0.02994202543832352,-1.9052851810642573,-1.9447710261376565,41.45644539205185,1.9706003186525933,0.06431918684398184,0.05336954791786898,0.036837689802700684,0.9985758464651271,0.9971537211435451
732,0.024671425012986192,-1.940276956033115,-1.945859217829468,6.464670423194097,0.8824086268410802,0.03613431104569096,0.035707625768276685,0.0060571635482294505,0.9993624903111269,0.9987253870408572
733,0.03232848499715328,-1.9451464796186817,-1.9434470260306378,1.5951468376274036,3.2946004256713124,0.06541964131900409,0.061564533946759,0.022796223130159065,0.9981051594726897,0.9962139093660034
734,0.027920121669673302,-1.913044788001679,-1.9423079913318013,33.69683845463012,4.433635124507784,0.07432797429981339,0.07027472094857941,0.026407814302777874,0.9975318344260918,0.9950697606934839
735,0.017688910688124625,-1.9331539815149295,-1.9464773511904696,13.58764494137965,0.26427526583949756,0.022395310684719765,0.019971802281646998,0.010228648554427882,0.9998005716021388,0.9996011829759633
736,0.030174252159584483,-1.9524228032848827,-1.9429857235450363,-5.681176828573609,3.7559029112728126,0.06893534214013808,0.06770484975689227,0.012118433159860229,0.997708144593882,0.9954215417889666
737,0.024060075032611487,-1.926009102945167,-1.9438891126173903,20.732523511142187,2.8525138389188243,0.059710235319270624,0.05762249001214366,0.016967164472887028,0.9983400665267046,0.9966828884325449
738,0.023719255999453112,-1.930639336865336,-1.9458230689062421,16.10228959097304,0.9185575500669785,0.04170491967875188,0.037571574696960625,0.018406581818740775,0.9992942516236322,0.9985890013280351
739,0.018272343814581836,-1.9605766532844762,-1.9461936358772773,-13.835026828167063,0.5479905790317652,0.03268199648866739,0.02967448504406278,0.013500529841454419,0.9995597124832558,0.999119618819609
740,0.026447264654140167,-1.9305077725939614,-1.9447014451186637,16.233853862347658,2.040181337645386,0.05779038319741199,0.04882971735484714,0.03095302757809,0.9988078430400014,0.99761710731822
741,0.032852841956676815,-1.9277887661879658,-1.9405127855713082,18.952860268343308,6.228840885000864,0.08761060515965219,0.08395296694355756,0.027964899606470976,0.9964770528813626,0.9929665169191259
742,0.027555324730974703,-1.9310296092534889,-1.9451845724304622,15.712017202820228,1.5570540258469379,0.05937582263014549,0.05417660209811731,0.025264723073883076,0.9985325169447313,0.9970671873959802
743,0.02270846847778188,-1.9474728011320737,-1.946011345629698,-0.7311746757645565,0.730280826611196,0.03303603626285312,0.029952066762722218,0.013881439595733522,0.9995514403485027,0.9991030819027664
744,0.02236119592268964,-1.954215992845883,-1.9445378765448293,-7.474366389573994,2.2037499114797576,0.05349332101353318,0.05104115153171628,0.01547505476565435,0.9986974020388012,0.997396500839051
745,0.017596454915704062,-1.9557349543546587,-1.9456913951395574,-8.993327898349612,1.0502313167517485,0.04118796554371033,0.037031729455741985,0.018257503197315894,0.9993143256586489,0.9986291214666001
746,0.028747437745952828,-1.8836629422242754,-1.9445262080016434,63.078684232033666,2.215418454665663,0.07221317697127776,0.06048039765955825,0.040470437741640546,0.9981716690150089,0.9963466808242084
747,0.028814649206243208,-1.93986896898028,-1.94429064054239,6.872657476029165,2.4509859139190127,0.06064684028278502,0.060048178500251785,0.010475333646237745,0.9981972021345256,0.9963976543491949
748,0.02693694376313248,-1.9203002554431154,-1.9449397064911491,26.44137101319366,1.8019199651599926,0.051898921901115815,0.04846552737710891,0.01884493783486686,0.99882562613554,0.9976526314250537
749,0.023329283001353424,-1.9573587887540842,-1.9455799571250958,-10.617162297775096,1.1616693312133108,0.045754213909689805,0.03813701720529122,0.02532882689743056,0.9992728765619134,0.9985462818323211
750,0.022254662725015698,-1.9329468743019775,-1.946322597550514,13.794752154331569,0.41902890579503804,0.031193451504504175,0.0241653015304822,0.019635591237597092,0.9997080201220858,0.9994161254964208
751,0.029050525561069483,-1.9355776546301453,-1.9432637342396644,11.163971826163799,3.47789221664474,0.06737499897346212,0.06481484894524206,0.019229111426428476,0.9978995210847043,0.9958034541810821
752,0.02305574249341294,-1.9507220312701834,-1.9438017372019754,-3.9804048138742942,2.9398892543337496,0.059422973241881685,0.05868831255890526,0.008206916046847416,0.9982778957555551,0.996558757154139
753,0.029219255999489525,-1.9302794117008697,-1.9460167840139897,16.46221475543941,0.7248424423194066,0.04091312266609791,0.03622284858577922,0.0196404039927899,0.9993439526228232,0.9986883356438074
754,0.02116949920959458,-1.963522664817315,-1.9455496155371523,-16.781038361005862,1.1920109191567718,0.04906177745270148,0.041297293359673796,0.02680154359827057,0.999147272280923,0.998295271706409
755,0.0300382377450035,-1.9195453657660384,-1.9419470689303544,27.1962606902707,4.794557525954701,0.08022277709624544,0.07727369286850908,0.02456393144429455,0.9970144516331965,0.9940378167654434
756,0.02457963547060335,-1.9436611187603672,-1.9440334382913897,3.0805076959419253,2.708188164919356,0.056526798869670165,0.0564552066766821,0.0025463858702089457,0.9984064494924209,0.996815438388062
757,0.036485611462261903,-1.9469403634593554,-1.9463226931755704,-0.19873700304628983,0.41893328073872027,0.023729125180501423,0.021996619054751254,0.008854994409936137,0.9997580758619262,0.999516210251141
758,0.021910133612695035,-1.9412331293638336,-1.9457866214165251,5.508497092475473,0.9550050397839627,0.03970228615799706,0.03666235088575371,0.01516700903276576,0.9993279466861348,0.9986563450279262
759,0.01944054477912932,-1.9156553133715402,-1.9451536393237567,31.086313084768946,1.587987132552371,0.04969767120080287,0.04227469469683828,0.02654119820675013,0.9991065240112464,0.9982138463218354
760,0.030857174495916503,-1.9234620315833222,-1.942724993463053,23.27959487298692,4.016632993256053,0.07174541412746673,0.0678262429429593,0.024840506722891096,0.9976998727201846,0.9954050360258725
761,0.024963221427771107,-1.939804984972039,-1.945818279647088,6.936641484270201,0.9233468092211261,0.037200149519417296,0.03617961119656859,0.008927235350319805,0.9993455502417071,0.9986915287879004
762,0.02746965468861441,-1.9015526203511348,-1.9462446921955723,45.189006105174286,0.49693426073682545,0.04751488550974758,0.02988967753314347,0.0363943173036671,0.9995533439606761,0.9991068874229696
763,0.033443662177613354,-1.912869612638669,-1.9430696424799574,33.872013817640045,3.6719839763517115,0.07075735762597457,0.06691970541828872,0.02532673010872105,0.9977612927273884,0.9955275972650294
764,0.019097580029827088,-1.9458027162238982,-1.9440650776410064,0.9389102324108833,2.6765488153026595,0.06560652290258037,0.06362010368354366,0.016068398310037032,0.9979766063404502,0.9959573068028018
765,0.021119462312006287,-1.9371836173614032,-1.9454692019623205,9.558009094905895,1.2724244939885665,0.04096061967847128,0.04024710616125057,0.008033257760709515,0.9991900924354225,0.998380840821108
766,0.023999089685688497,-1.9748618331916432,-1.9443450099840576,-28.120206735334108,2.3966164722515337,0.06428652549447135,0.055596640954512735,0.031168926802185526,0.9984547692471801,0.9969119262324397
767,0.024063743990165937,-1.9482110125225274,-1.9458761090755428,-1.46938606621827,0.8655173807663452,0.038668646631401876,0.034591445697291584,0.017385027013208848,0.9994017517074436,0.9988038613159068
768,0.01946925599945247,-1.9479229946969292,-1.9462239573027744,-1.1813682406200954,0.5176691535346833,0.026274345280999343,0.025895544721302285,0.004557459407389175,0.9996647153255123,0.9993295430668375
769,0.023937317718870588,-1.9237988392019505,-1.94548089304007,22.94278725435861,1.2607334162391126,0.04785529031245588,0.04415778620126279,0.018267042946246047,0.9990250471715794,0.9980510448761764
770,0.028909800778619647,-1.911688953621922,-1.9437399960572062,35.05267283438718,3.0016303991029503,0.07148163052201055,0.06106886109593151,0.038524916378883924,0.9981353425156073,0.9962741619787487
771,0.031846807384950285,-1.9617206499568922,-1.9448760220614598,-14.97902350058311,1.865604394849285,0.056881520781155874,0.05157767986748506,0.023688732685603866,0.9986699206438252,0.9973416103987441
772,0.029350875031623654,-1.96733858089892,-1.9445241561038038,-20.596954442611004,2.217470352505302,0.06096541826924164,0.05638958173833127,0.02212695361431387,0.998410630637644,0.996823787370258
773,0.023102841956651108,-1.9534625947808884,-1.9441750632798545,-6.720968324579246,2.5665631764546504,0.06038477615307014,0.054012322100983425,0.027641004431821898,0.9985415641255588,0.9970852552863175
774,0.02755052556105097,-1.912555839046173,-1.9452784616010523,34.185787410136115,1.463164855256771,0.05998256104908076,0.052631597702551276,0.029469748285317933,0.9986153736212898,0.9972326644327882
775,0.018962402327911763,-1.9333121014262693,-1.9457095997624274,13.429525030039802,1.0320266938816935,0.04259577541833945,0.03876013683104407,0.0183468083327864,0.9992488767628593,0.9984983177118361
776,0.027072496645316992,-1.9211013966749964,-1.9440106574804263,25.64022978131275,2.7309689758827638,0.06225852266843698,0.05899386332582354,0.021134725713857747,0.9982598687389602,0.9965227655347261
777,0.018251081344132246,-1.9436741736225864,-1.9458208663753982,3.0674528337226725,0.9207600809109096,0.04132379010507598,0.040244008112517216,0.00933450444587176,0.9991902776754978,0.9983812110012384
778,0.02044270834400576,-1.945353778026851,-1.946188073883213,1.3878484294580495,0.5535525730961943,0.0445509034039085,0.027667931868050395,0.03496051567125411,0.9996172447787347,0.9992346360590288
779,0.03079975414159486,-1.9244114964831998,-1.9437150916748764,22.330129973109347,3.026534781432666,0.07340927676309877,0.060752888938978324,0.040229155757982325,0.9981547452450693,0.9963128954552493
780,0.04388148523554498,-1.9389779653315486,-1.9412385938952859,7.763661124760457,5.503032561023247,0.08014948914328432,0.0788712441523658,0.01605129534492463,0.9968912402524791,0.993792144892126
781,0.027038570579031494,-1.9595246176766812,-1.9446790014268138,-12.782991220372075,2.0626250294952797,0.058522369493987855,0.05688431856227855,0.012272172179365772,0.9983822673188495,0.9967671516967267
782,0.024434111518245788,-1.9273934904926924,-1.9441587395110622,19.34813596361673,2.5828869452468872,0.06313883218295402,0.06136721146559115,0.01613928419261518,0.9981173940208196,0.9962383322469119
783,0.021688179164891283,-1.9310884548892682,-1.945689260639514,15.653171567040935,1.052365816795131,0.041084161698065655,0.03930767251950302,0.012736876628514542,0.9992274691931048,0.9984555351900571
784,0.03512905677810131,-1.8991957615357482,-1.938764973682655,47.5458649205609,7.976652773654003,0.10571322328298612,0.10245282874914716,0.03287702717704263,0.9947525037257218,0.9895325436685921
785,0.027347206074103684,-1.920348574483813,-1.9431161576354443,26.393051972496195,3.6254688208647856,0.07112926946553481,0.06788408206831466,0.021952297897942258,0.9976959775688901,0.9953972636571432
786,0.031557289007686534,-1.9103016640994588,-1.9448825540394041,36.439962356850316,1.8590724169049722,0.06136693004515344,0.05631773668618495,0.025551596408052494,0.9984144230195724,0.9968313600935057
787,0.03189737916591324,-1.8925705196512286,-1.9423556536655273,54.17110680508053,4.385972790781789,0.08219610816046762,0.07429220400882397,0.03776328703913366,0.9972403866824538,0.9944883888305701
788,0.014159800778625782,-1.9167004987581444,-1.946520237567723,30.041127698164694,0.22138888858602712,0.02564775012631293,0.016182093087175484,0.0198132849434413,0.9998690739012441,0.9997381649441316
789,0.02116013361269302,-1.9322746724984368,-1.9456758910524619,14.466953957872342,1.0657354038472455,0.03776903011623164,0.03566470402572215,0.012901632997415449,0.9993640631159418,0.9987285306476041
790,0.03180052556104015,-1.9209596354927692,-1.942578968636129,25.781990963539947,4.1626578201801046,0.08723877893711798,0.08150615314852065,0.034832941825949794,0.9966785221065529,0.9933680764285026
791,0.02913345216055292,-1.9550551346612581,-1.9443349956881557,-8.313508204949027,2.406630768153395,0.05923979391881965,0.05592698980382806,0.019049572022751635,0.9984365280575487,0.9968755005596122
792,0.025802891175267594,-1.9153158406116926,-1.9438614037885225,31.425785844616527,2.880222667786647,0.06488209042001641,0.061189010993043226,0.02339577701210199,0.9981279607429366,0.9962594260168532
793,0.019086885183047374,-1.9347739785540188,-1.9454418377781677,11.967647902290324,1.2997886781414003,0.04314803857860928,0.038476219764586046,0.019582694790298893,0.9992598253728266,0.998520198604132
794,0.015306560132797702,-1.9312582628764206,-1.9456269135974178,15.483363579888554,1.114712858891309,0.041403044464254364,0.03795961739332371,0.01730318904132991,0.9992795337236978,0.998559586519051
795,0.025586486493910876,-1.9427087439149757,-1.9440785456095278,4.032882541333382,2.6630808467813516,0.060596316342418015,0.05538808910592595,0.024452535742740433,0.9984662429184649,0.9969348382477149
796,0.026278181746467302,-1.9074565151978795,-1.9456560377825338,39.285111258429595,1.085588673775284,0.0503417122867964,0.043100907990495076,0.02674062223004542,0.9990711901983403,0.9981432430843283
797,0.029313743990165935,-1.9559307989538721,-1.9446485516864944,-9.189172497563014,2.0930747698146845,0.059598671650267526,0.05056945548109869,0.03169692682658687,0.9987216242317523,0.9974448827081094
798,0.02058686044963831,-1.9469828697056994,-1.9446126484044803,-0.2412432493903438,2.128978051828767,0.05249080593067247,0.05013368261721231,0.01500909931508217,0.9987434583192846,0.9974884955355645
799,0.022110376822766356,-1.9259307683226197,-1.9448164362747578,20.810858133689436,1.9251901815513506,0.05365795562151662,0.04906049863380737,0.022687484705228956,0.9987965631710978,0.9975945746023968
800,0.028926022444789225,-1.9192409425565324,-1.9447633457666946,27.500683899776668,1.9782806896144756,0.056601229832678256,0.05349615479129282,0.019721700028141543,0.9985690995300106,0.9971402465361763
801,0.02010353089774574,-1.919959389498534,-1.9437092209746638,26.78223695777504,3.032405481645295,0.06337189043468343,0.06115320075259136,0.018291524382893828,0.998130226764981,0.9962639495819123
802,0.02914908119841226,-1.9472120363831944,-1.9449386672098508,-0.4704099268852957,1.8029592464583466,0.05649645667642571,0.05222424067922684,0.022096506533839235,0.9986365949627791,0.9972750487988538
803,0.02317891753294201,-1.9696200432736581,-1.9446241102450077,-22.878416817349034,2.1175162113014068,0.05611086032544421,0.052930551020248844,0.017301087451371308,0.9985993559141857,0.9972006736322265
804,0.03282406488122148,-1.9437574980494874,-1.9445092399983508,2.9841284068217178,2.232386457958313,0.05610514444289913,0.049982926366908736,0.02544953275111352,0.9987512435285703,0.9975040464498655
805,0.027730946088954905,-1.9261614808871623,-1.9422239801596748,20.58014556914678,4.5176462966343145,0.07977184501608994,0.07623038278136153,0.027011053644758053,0.9970946034582236,0.9941976482455123
806,0.019096807384964533,-1.9366597767089633,-1.9460113285491862,10.081849747345828,0.7302979071228677,0.030164898245946765,0.02933664451227898,0.007254596491190952,0.9995696905257189,0.9991395662176814
807,0.03247358853873461,-1.9156099173339196,-1.9459916039191218,31.131709122389495,0.750022537187256,0.037596931497249374,0.030654405801667062,0.02199373583546007,0.9995301606848349,0.9990605421186519
808,0.02271728907443401,-1.9471908976282502,-1.9460538774212097,-0.4492711719410458,0.6877490350993831,0.03530469300409108,0.033254715321571135,0.011812107781848257,0.9994471188801579,0.9988945434378486
809,0.022772280971329335,-1.9342744800564764,-1.9438309086159073,12.467146399832707,2.9107178404017553,0.06052649006289748,0.058689973617197105,0.015566172490371502,0.9982777440649512,0.9965584542954081
810,0.0391737906271907,-1.9359436702125186,-1.9441368715869867,10.79795624379054,2.6047548693224343,0.06115729233172724,0.06050224503352665,0.01108994401473699,0.9981698497544313,0.996343048958784
811,0.021113162847736913,-1.935114094945529,-1.9459674281430794,11.62753151078011,0.7741983132296681,0.036257918923814525,0.030372669428376527,0.01958899053039738,0.9995387574436204,0.9990777276319367
812,0.023838365842247737,-1.930129180753123,-1.9460243218915994,16.612445703186207,0.7173045647097531,0.04112534174317046,0.036154879415807,0.01958468667096818,0.9993464428738185,0.9986933128845541
813,0.026672222391262462,-1.903640159276329,-1.9440052923729707,43.10146717998009,2.7363340833383987,0.0691166204298608,0.06338105211618125,0.02923466810569256,0.997991874147833,0.9959877808651041
814,0.022837986788280952,-1.9267005531161938,-1.944462187627085,20.04107334011529,2.279438829224212,0.0554100151847734,0.05217831695740498,0.02010342923483451,0.9986387942964055,0.9972794414737784
815,0.02485087503164678,-1.947091911970518,-1.9461027346055475,-0.3502855142087924,0.6388918507616026,0.03308889460690402,0.026789444041926406,0.01956834924693448,0.9996411753431185,0.9992824794413713
816,0.024804593207731263,-1.9224092953574303,-1.9449485150453094,24.33233109887878,1.7931114109996926,0.05362884065478439,0.049327291005936615,0.022173960477325602,0.9987834586829323,0.9975683973386407
817,0.03392379062718325,-1.922005992905812,-1.9405471061192732,24.735633550497127,6.194520337035936,0.10095227944856443,0.0973353000316491,0.030797613710318562,0.9952639693183087,0.9905503686232354
818,0.017914553728623682,-1.9456030148415475,-1.9458420981633917,1.1386116147615866,0.8995282929173953,0.03542521848884674,0.03523984979529062,0.0036730427441019823,0.9993790782217454,0.9987585419873456
819,0.019246661228212024,-1.943328039059298,-1.946206013889879,3.413587397011142,0.5356125664301992,0.032603069197988534,0.028450983967594688,0.01572950828856391,0.9995952781759592,0.9991907201516732
820,0.023930909191389713,-1.9391369875230235,-1.9448184258003296,7.604638933285557,1.9232006559795067,0.052245135008605975,0.04976535847618517,0.01608971498349178,0.9987619899202272,0.9975255125094121
821,0.02179453720921424,-1.9182887640384567,-1.9454594799673044,28.452862417852387,1.2821464890047096,0.044309335316530335,0.040326016646090944,0.01914046514586302,0.9991869078538849,0.9983744768266078
822,0.02102681015041468,-1.9303815522104129,-1.945775843778171,16.36007424589625,0.9657826781381829,0.03571944296987031,0.03401975810393369,0.011329956365758833,0.9994213480326276,0.9988430309033546
823,0.02990734758773421,-1.9137990417991306,-1.9438654398413255,32.94258465717847,2.876186614983567,0.06560100240330287,0.058497965467786656,0.030988074032601617,0.998289087583911,0.9965811023891176
824,0.02790546823937454,-1.9425026756488413,-1.9449936558018146,4.238950807467834,1.7479706544945017,0.05106569068692305,0.04913704999662933,0.01485627618213931,0.9987928067803579,0.9975870708761853
825,0.026485278628210804,-1.9198731643229408,-1.9443499580297912,26.868462133368354,2.3916684265179455,0.06804428948359978,0.05725273047506637,0.03769296279479767,0.9983610749168127,0.9967248359090537
826,0.02508241884723355,-1.927157225268483,-1.9439576004533043,19.584401187826117,2.784026003004758,0.060049993437636145,0.05871966836029973,0.014720994675972113,0.9982760003374809,0.9965549728497981
827,0.025425757552211235,-1.9364827520939054,-1.9454664594428828,10.258874362403692,1.275167013426337,0.04371259657461552,0.04117142287522756,0.01533586860924414,0.9991524621997,0.9983056427197229
828,0.027310960613551222,-1.9453244573688238,-1.9437275073832294,1.4171690874853482,3.0141190730796907,0.06352322455049558,0.06277020709428083,0.009315704965272464,0.9980307417935957,0.996065361565075
829,0.028574970097264098,-1.9269801058088152,-1.9454933006667379,19.761520647493924,1.2483257895712363,0.04625518411793241,0.04438726240291257,0.013624168020470102,0.9990149573983864,0.9980308851056998
830,0.018332418847233533,-1.946559895287516,-1.9456612478570057,0.1817311687930534,1.0803785993034332,0.04089780761974598,0.03742261491005357,0.01660897477269447,0.9992998521361932,0.9986001944794176
831,0.01753489897320922,-1.9222590642762822,-1.945035129703059,24.482562180026868,1.7064967532500752,0.049052222454787554,0.045312510355560505,0.019843071063975946,0.9989734098023068,0.9979478734920475
832,0.03611512977278257,-1.9499591064754755,-1.9441879060502643,-3.217480019166441,2.553720406044846,0.05625276155280502,0.05540317202207955,0.008840661527849568,0.9984653475140133,0.9969330501862793
833,0.02173876879465709,-1.9480873060980548,-1.9454616025253617,-1.3456796417457006,1.2800239309473938,0.04446510744968895,0.0419819208062063,0.013821828496982597,0.99911880226263,0.9982383810347122
834,0.025963221427763798,-1.9511750864471817,-1.9459860973394096,-4.433459990872635,0.7555291168994671,0.03562064268784551,0.03328862537734042,0.012741965870696653,0.9994459658019312,0.9988922385577551
835,0.02702875234207422,-1.953377394380018,-1.9444279699409825,-6.635767923708791,2.3136565153265565,0.0587154296859372,0.054843954220174795,0.020150753186915858,0.9984962853965851,0.9969948319507786
836,0.02738509134985085,-1.893838544453853,-1.94382081227938,52.90308200245608,2.920814176929021,0.07040913372201187,0.06211534467829069,0.034658613676833545,0.9980710437205877,0.9961458083135034
837,0.025712801017021718,-1.8957954500397058,-1.9459302090703108,50.946176416603265,0.8114173859983254,0.04649919953909373,0.03223917100570105,0.03340442074411707,0.9994803383129588,0.9989609466741866
838,0.02275512425742013,-1.9463844182757926,-1.9445753524590959,0.3572081805165439,2.1662739972132528,0.05360022138989472,0.05153282282237035,0.014070733207619326,0.9986725589535907,0.9973468800069132
839,0.025463221427763815,-1.9409483078977303,-1.945288547940821,5.793318558578786,1.4530785154880377,0.04229686644446165,0.04200195563664388,0.005369541321193127,0.999117962429481,0.9982367028492378
840,0.02330852705779877,-1.9188756112801821,-1.9451663791561693,27.866015176126968,1.5752473001398037,0.05485716769005228,0.05210594145864959,0.01835789522930119,0.9986428611050083,0.9972875640359969
841,0.020713620116908242,-1.921849002794487,-1.946445847458136,24.8926236618221,0.295778998173013,0.027861954891732668,0.01956749756092818,0.01969019121288568,0.9998085609410721,0.9996171585310574
842,0.03256688102381083,-1.9317949644674737,-1.9431163798951492,14.94666198883543,3.6252465611599227,0.0715661571027039,0.07073578264017605,0.012373292124572178,0.9974987426248545,0.9950037415381657
843,0.025349327056848104,-1.9350894968143082,-1.9444175585921408,11.652129642000908,2.3240678641682777,0.0628034133090389,0.0625441250997751,0.008108663145056724,0.998044644284122,0.9960931119842196
844,0.025787461227233254,-1.9574579353393735,-1.9439146476097362,-10.716308883064407,2.826978846572903,0.06066252663394105,0.058099385324727776,0.016360799858197612,0.9983124482642539,0.9966277443593686
845,0.02136316284771622,-1.9471141597016406,-1.9445890512341297,-0.3725332453314856,2.152575222179376,0.05089304221872209,0.04909168711200829,0.013231351716661366,0.9987952234212485,0.9975918983291017
846,0.030588852108116796,-1.9160842551668071,-1.9442902163731317,30.657371289501967,2.4514100831773966,0.059542465938371064,0.05382795899343904,0.026263698025982544,0.9985514359191389,0.997104970176174
847,0.026334784461428392,-1.9293786908346122,-1.9448635580132636,17.362935621696884,1.8780684430454997,0.04955435414745549,0.04793780995377104,0.013723791613471818,0.9988510381620429,0.9977033964373909
848,0.03394923157917726,-1.938501189457148,-1.9450858702226952,8.240436999161105,1.6557562336139142,0.05240353919097873,0.04719217240158157,0.022848700750808575,0.9988867273246157,0.9977746940252812
849,0.0225972060741066,-1.9271001919788169,-1.944921510787778,19.641434477492226,1.8201156685311304,0.050527232999003815,0.04832916979893481,0.015217179600701285,0.9988321873503969,0.9976657384871784
850,0.020690146089958346,-1.9255442881117737,-1.9450121481905784,21.19733834453541,1.7294782657306662,0.050221752159546135,0.04673047600434003,0.018981294371037967,0.9989081537650222,0.9978174996582452
851,0.03470093361167369,-1.964236845080557,-1.9439052020689116,-17.495218624247855,2.836424387397507,0.062240903274665776,0.05905630852530405,0.018687562361099894,0.9982565172980671,0.9965160743280661
852,0.028903875270031017,-1.9302223276697503,-1.9429418748229341,16.519298786558778,3.7997516333749815,0.07130859665841036,0.067101569861589,0.02627052122151371,0.997748928470929,0.995502924264887
853,0.03379542160233154,-1.9342616955202814,-1.9420427793267947,12.479930936027728,4.698847129514405,0.08211587511190846,0.07327330118026282,0.03880776062851347,0.9973165427836845,0.9946402865100009
854,0.028294537209230346,-1.9141830802538233,-1.9460254674559956,32.55854620248577,0.716159000313521,0.047070296328268334,0.03841133105234304,0.027482467797670537,0.999262382176051,0.9985253084321563
855,0.027083968009832156,-1.9350557269497248,-1.9457017287400225,11.685899506584274,1.039897716286653,0.03908191431731727,0.035990301511987094,0.015402119992066065,0.9993523676012102,0.9987051546301443
856,0.028338852108103857,-1.916230485108758,-1.9450410712621815,30.511141347551174,1.7005551941275954,0.05468061304498366,0.045674371280507296,0.03009224208994735,0.9989571538272912,0.9979153951827224
857,0.032790204670030076,-1.9361523925803372,-1.943016413915957,10.589233875971882,3.725212540352185,0.06908871985267513,0.06680769963126071,0.019575565285579893,0.9977684201445772,0.9955418202378056
858,0.03370486746175852,-1.9282604150673828,-1.942067734342,18.481211388926333,4.6738921143090195,0.08049692366147677,0.07898943841394555,0.01925511887784644,0.9968804694597302,0.993770670390252
859,0.029835670042310043,-1.9564940504256383,-1.9452088568084054,-9.752423969329183,1.53276964790372,0.04739208596823769,0.04283546259047222,0.020174860272130727,0.9990826916478311,0.9981662247502753
860,0.0328364864939063,-1.9242419037768819,-1.9417451920141418,22.499722679427236,4.996434442167352,0.08806707635537518,0.08066720336351961,0.03795387536207605,0.9967473896408733,0.9935053587558949
861,0.019053775568346504,-1.9249132527400998,-1.9458221181794098,21.82837371620927,0.9195082768993501,0.035368978915326504,0.032438951024024706,0.014622946317346572,0.9994738842336397,0.998948045265079
862,0.02691775605547575,-1.9285232937036738,-1.9437218420170679,18.21833275263529,3.0197844392412243,0.06512701902565396,0.060546508637220824,0.025245902281360443,0.9981676274732908,0.9963386125356583
863,0.021454489633161697,-1.93392767744965,-1.945494770416836,12.813949006658998,1.2468560394731654,0.055217646277123736,0.03946797397654648,0.03817474664290517,0.9992211480295806,0.998442902669553
864,0.031612343747827426,-1.9366174366506035,-1.9437235170353249,10.124189805705619,3.0181094209842385,0.0642562470505561,0.0629481660710654,0.014868239177858294,0.9980187833932042,0.9960414920056514
865,0.030180909191389715,-1.9277163183099961,-1.9425856212615125,19.02530814631298,4.156005194796641,0.07456088722726277,0.07145873468704189,0.021420248971475576,0.9974478723603345,0.9949022580761582
866,0.022217289074463013,-1.9412357516207075,-1.9457456546222123,5.50587483560161,0.9959718340968315,0.04243442436025626,0.040041188944311974,0.01466181428064075,0.9991983600338397,0.9983973626943147
867,0.03154582029151275,-1.9258149992856441,-1.9412655951387492,20.926627170664958,5.476031317559915,0.08778893159612143,0.07925647478991253,0.03754823801458598,0.9968597812926735,0.9937294235588768
868,0.019562175754256245,-1.9179004462696054,-1.9460819631490598,28.841180186703674,0.6596633072493141,0.03952350887848753,0.029081525145472773,0.026805476870408372,0.999577135313848,0.9991544494422387
869,0.023612343747826794,-1.9512083446160606,-1.9455653861759445,-4.466718159751526,1.17624028036456,0.04027806723871957,0.03770085849719202,0.014326243192128179,0.9992893983141298,0.9985793015830156
870,0.03376746216630502,-1.9294434712789508,-1.942627466707884,17.298155177358332,4.114159748425106,0.0873651607474092,0.07684155372803424,0.04410872491922658,0.997047939925342,0.9941045945093684
871,0.021776214821428733,-1.9308962019904425,-1.9428482085264125,15.845424465866564,3.8934179298966143,0.06980940707361015,0.06565290226538997,0.02478554623162461,0.9978457987276873,0.9956962380384963
872,0.02435087503161205,-1.9291140418674189,-1.9446029105749163,17.627584588890244,2.1387158813928053,0.052960817844109914,0.052238374783245056,0.010297934113209301,0.9986358176600673,0.9972734963135911
873,0.02737609221276091,-1.9537254141436262,-1.94152731226919,-6.983787687317111,5.21431418711904,0.09233171888660409,0.08252709222456317,0.03895557231000465,0.9965951560807716,0.9932019051236576
874,0.02328306849305138,-1.9462538688861357,-1.945503792470985,0.48775757017338606,1.237833985324066,0.0393173833728388,0.038914017759606144,0.005181108785771662,0.9992428620697921,0.9984862973974294
875,0.034848908106604556,-1.926150606915065,-1.9403605852661088,20.591019541244204,6.381041190200332,0.08950182762513381,0.0858486893291755,0.02771765659737491,0.9963151648270603,0.9926439076643723
876,0.025438885954758884,-1.9582975748078073,-1.9438460694643316,-11.555948351498202,2.8955569919775215,0.06686974633010463,0.06133402110434728,0.02521704792397399,0.9981193088913165,0.9962421547816793
877,0.028174497416985238,-1.990553844218286,-1.9452000106931437,-43.812217761976854,1.5416157631653604,0.06409555322365458,0.05578854083217593,0.03059411242379817,0.998444275879699,0.9968909720369364
878,0.026930556722180865,-1.9054039281328465,-1.9447046652192823,41.33769832346257,2.036961237026791,0.058336486902316055,0.0526860503226736,0.026133982360137923,0.9986121041321976,0.9972261345193351
879,0.02514861721606639,-1.9472342770833337,-1.9447579986727146,-0.4926506270246378,1.9836277835945104,0.05527872360720034,0.04830916455933064,0.027025073080382198,0.9988331335115752,0.9976676286005522
880,0.030202900536731997,-1.9621111337237644,-1.9431565400592288,-15.36950726745534,3.585086397080328,0.07130499013640693,0.06553251853032725,0.026910873048825425,0.9978536715503962,0.9957119498266059
881,0.026600875031623023,-1.9508357524362323,-1.9450013668097166,-4.094125979923202,1.7402596465925235,0.050205345411601085,0.04723847652077841,0.01738378848237631,0.9988842777814004,0.99776980039887
882,0.0327192559994868,-1.9492190724380245,-1.9439907236896652,-2.477445981715398,2.7509027666439145,0.058791206535863214,0.05728663370316162,0.012595718320127654,0.9983592810345511,0.9967212540278257
883,0.02952818174647802,-1.914768475663357,-1.9443165588069442,31.973150792952154,2.425067649364898,0.06266168211197275,0.05840385256289767,0.024626992325495166,0.9982945390991286,0.9965919867951416
884,0.026832552643807798,-1.9553891092432767,-1.9445808694137787,-8.647482786967586,2.1607570425303813,0.05929642877988419,0.05836224316003674,0.008947598001698495,0.998296924603083,0.9965967496719734
885,0.03310439111928677,-1.902063812562343,-1.9458702696102426,44.677813893966075,0.87135684606654,0.04622118804824766,0.03639164091805543,0.028745273681076666,0.999337837126365,0.9986761127124013
886,0.02558885210811644,-1.9304285244431763,-1.9446167421975786,16.313102013132852,2.124884258730475,0.05562577495048265,0.05083686892606613,0.02247018535749091,0.9987081586256233,0.9974179861053832
887,0.026288636434121007,-1.9051583246301076,-1.942360314643672,41.58330182620151,4.381311812637012,0.07938772507200399,0.06985550229139166,0.03924042489576269,0.9975609816436716,0.9951279120978856
888,0.025145013551753755,-1.922817369940413,-1.9430045761683254,23.924256515896136,3.7370502879836565,0.07067758215768673,0.06653951450087207,0.02563647456262267,0.9977862861954996,0.9955774729198074
889,0.02506571091521618,-1.9601358097351527,-1.944344777401185,-13.394183278843563,2.3968490551240507,0.061985867264294656,0.055201685926672496,0.028096237470522673,0.9984767449394487,0.9969558101848769
890,0.025318076529411038,-1.9316212748811703,-1.946222770197578,15.120351575138802,0.5188562587310486,0.03631963634796055,0.024502627120600678,0.026584698192757397,0.9996998220083672,0.999399734123561
891,0.021861195922651466,-1.9351133298098377,-1.9458983418265692,11.628296646471359,0.8432846297399266,0.03696584227745666,0.036309901362418795,0.007726467821715073,0.9993408176606676,0.9986820698426917
892,0.027884627367501552,-1.919751309089268,-1.9449124356525818,26.99031736704116,1.829190803727343,0.05564577422878606,0.05255827319305596,0.019184808156455464,0.9986191976609613,0.9972403019370221
893,0.027231942504731967,-1.920600173114597,-1.9429871700395103,26.14145334171214,3.754456416798835,0.06900499625617317,0.06728819862720328,0.017609904776857796,0.9977361492749631,0.9954774235700315
894,0.016357177144260743,-1.9467203726307478,-1.9457587677332107,0.021253825561284856,0.9828587230984454,0.03703947544292028,0.03536587155321105,0.010904581984193642,0.9993747020736584,0.9987497951448135
895,0.03126549524125162,-1.9217610812741783,-1.9422617975910146,24.980545182130776,4.479828865294522,0.08126606633760378,0.07276740823112715,0.037792485046633205,0.997352576653837,0.9947121621580479
896,0.036302207332461645,-1.9073522015357367,-1.9385191970689462,39.3894249205724,8.22242938736295,0.1050667185873009,0.10355854666866772,0.022723454738441513,0.9946391849277741,0.9893071081937869
897,0.03138509134983977,-1.893867522650157,-1.9450396597237278,52.874103806152206,1.7019667325812726,0.06522426708043425,0.0502206106196563,0.041793180475407705,0.9987391753154798,0.9974799403098448
898,0.02815058414111709,-1.926959143311288,-1.9458617698286098,19.782483145021068,0.8798566276992936,0.03946723616630606,0.03713914915428547,0.013923503734692574,0.9993103721911293,0.9986212199687733
899,0.021822516906397665,-1.9511572078197224,-1.9459701332036807,-4.415581363413246,0.7714932526283746,0.03211344404279883,0.03138023843023136,0.006618779796911327,0.9995076429077799,0.9990155282310661
900,0.02932052972028496,-1.9510738293217098,-1.9444520395202776,-4.332202865400703,2.28958693603154,0.061499479579564816,0.059163383047093634,0.01521838171422972,0.9982499708381487,0.9965030042783647
901,0.022460902033428775,-1.9593536400431228,-1.9457082850195626,-12.612013586813742,1.0333414367464933,0.03872475507782823,0.036879364449996545,0.011284879274941286,0.999320040838004,0.9986405440204699
902,0.029005791711973795,-1.9084409158413267,-1.9434839068488479,38.300710614982414,3.2577196074612402,0.07208871342855032,0.06709995532849605,0.028060795288979198,0.9977491065857642,0.9955032796926907
903,0.015012287816067069,-1.9402421562939558,-1.9465111973902325,6.499470162353305,0.23042906607662061,0.020083882299300186,0.017383589067065195,0.009962772054001813,0.999848905591956,0.9996978340134323
904,0.0231259584161837,-1.9555781779622616,-1.9454549475485046,-8.836551505952528,1.2866789078045393,0.04435891782531064,0.042702005140107406,0.011765426139753716,0.999088269712912,0.9981773706779403
905,0.025538502637525544,-1.9043732125106925,-1.9458394642862362,42.36841394561664,0.9021621700728844,0.04403601161942295,0.03462903433050183,0.02749818070800315,0.9994004160729805,0.9988011916468464
906,0.035844487990684966,-1.9350644046512737,-1.9421264105019065,11.677221805035387,4.615215954402618,0.07804929818808125,0.07306397620727326,0.028782621983585884,0.997331581203674,0.9946702828662207
907,0.023855207570868134,-1.932195428372114,-1.9457029136081438,14.546198084194994,1.0387128481652574,0.04152619637320178,0.03558516807627965,0.021191107055791126,0.9993668815110172,0.9987341638610554
908,0.026733974722983746,-1.941428645124456,-1.9446514335040226,5.312981331853095,2.090192952286518,0.05431108498382759,0.049530229418960695,0.02205352828914232,0.9987735253905711,0.9975485550211097
909,0.024273849207264143,-1.9431837923585504,-1.9451714912442,3.557834097758672,1.570135212109136,0.04803661919784411,0.04311785713503039,0.02183224143898196,0.9990704341245302,0.9981417323417773
910,0.025206042668670603,-1.91600150598596,-1.9452415149691713,30.74012047034902,1.5001114871378007,0.04903975090922905,0.04371813167795954,0.022857744316751756,0.9990444614344415,0.9980898359228332
911,0.02582580803534032,-1.9464174271800931,-1.9460065247475036,0.324199276215964,0.73510170880553,0.041220933263692125,0.030589324551112667,0.02782498975741046,0.999532151945259,0.9990645227723204
912,0.031253824786961065,-1.9070135455124484,-1.9408848487073722,39.72808094386071,5.856777748936892,0.09157055648277583,0.08864898235352554,0.027038801642269586,0.9960706792248998,0.9921567980115532
913,0.023596454915706874,-1.9449586505931589,-1.945799563263115,1.782975863150238,0.9420631931940093,0.0434818901343614,0.03396402303557814,0.027436529249342007,0.9994232860477096,0.998846904694402
914,0.026115528461921785,-1.9236854885979955,-1.9443038110191917,23.05613785831362,2.4378154371174077,0.05608859490774793,0.052751757549232996,0.01959776543384471,0.9986090537923062,0.9972200423159652
915,0.021944079940022454,-1.9264122664692056,-1.9439022626837275,20.3293599871035,2.839363772581649,0.0629555836593365,0.06114439091958222,0.017200091634930262,0.9981307208728022,0.9962649359500597
916,0.03103034531135509,-1.9426597829825594,-1.9439492287128266,4.0818434737497356,2.7923977434825,0.07122798931660511,0.06579611361971695,0.02895660926282638,0.9978359550495064,0.9956765931895606
917,0.028175757552240954,-1.9268077498833713,-1.9437228289684707,19.93387657293777,3.0187974878383983,0.06691821789359725,0.06446431176468641,0.020048928132196976,0.9979222315095064,0.9958487801409129
918,0.027542570284232473,-1.9170748511084923,-1.9454415615575573,29.66677534781681,1.3000648987517849,0.044228497156477975,0.03942603889462189,0.02075565321183596,0.9992228035460875,0.998446211126503
919,0.01888347689401404,-1.9258570703493343,-1.9448654115006014,20.884556106974816,1.8762149557076668,0.06125931076659994,0.0573702068734691,0.022494566682868127,0.9983546369362662,0.996711981092144
920,0.035200933611711054,-1.9213064136085511,-1.941347393473351,25.43521284775796,5.394232982958158,0.08488540245407303,0.0798951820947458,0.03029896087327082,0.9968083799938786,0.9936269464260207
921,0.021050480566577247,-1.9496132417624736,-1.944478398633841,-2.871615306164532,2.263227822468128,0.05716503152527278,0.056759855057258495,0.005050856387782211,0.9983891663700298,0.9967809275250431
922,0.02945329922582369,-1.9384113388366873,-1.9450528750837661,8.330287619621846,1.6887513725429848,0.04725148823376611,0.04630381301362375,0.009520396577874223,0.998927989292202,0.9978571277913615
923,0.02759917299915685,-1.9253046070714317,-1.9451471386221713,21.43701938487741,1.5944878341378477,0.0472441024404585,0.04517663875001965,0.014577907497305564,0.9989795930830092,0.9979602273962946
924,0.026465100776190166,-1.918558659076773,-1.9445062959685997,28.182967379536183,2.2353304877094082,0.05714382798041713,0.050320038864613024,0.02720071959066526,0.998734314410912,0.9974702307818344
925,0.026695675557672674,-1.9603440989949934,-1.9454215490995643,-13.602472538684296,1.3200773567447754,0.049491923645350905,0.04721048300129709,0.014656877668862454,0.9988857837607659,0.9977728089993595
926,0.023774247896374376,-1.9269088153739184,-1.9446767226283155,19.832811082390656,2.064903827993625,0.060002549032425564,0.051751385035480914,0.031114006448061268,0.9986608985220266,0.9973235902368214
927,0.027565645622022218,-1.9299556460458829,-1.945725568454246,16.785980410426227,1.0160580020630583,0.04106087810549693,0.03698663277982121,0.01797611226739529,0.9993160074369705,0.9986324827197672
928,0.026564894463636066,-1.9362905973449116,-1.945526374928605,10.451029111397503,1.2152515277041864,0.04087966125495429,0.0397879753363882,0.01014207208858227,0.9992085032331494,0.9984176329334307
929,0.018836885183069262,-1.9327164094835376,-1.944871628442422,14.025216972771481,1.8699980138872085,0.051085544511435994,0.04930088390461128,0.013702277848956348,0.9987848034081603,0.9975710835190775
930,0.02809917299915622,-1.9304563505077421,-1.9436781856336622,16.28527594856699,3.063440822646868,0.06144412414160819,0.05899052089284704,0.017791552553107815,0.9982602031895996,0.9965234332721408
931,0.026841192988854318,-1.9521351126392494,-1.9456087708495968,-5.393486182940332,1.1328556067122797,0.04455319997148537,0.03930301611603826,0.020398947374803456,0.9992276636193429,0.9984559237421707
932,0.021856044283568313,-1.949345307565643,-1.94442829362789,-2.603681109333955,2.313332828419057,0.053385438923132925,0.05117966875171582,0.015550673819806075,0.9986905480504921,0.9973828107653921
933,0.025131023703144233,-1.908918009184483,-1.944818048520575,37.82361727182604,1.9235779357340554,0.055992734458007676,0.04810056285928324,0.02948943387045602,0.9988432466540332,0.9976878313863698
934,0.02752703392133639,-1.9293462142012452,-1.9457474556829701,17.395412255063913,0.9941707733389649,0.038128734992429074,0.0349652824783738,0.015490436468996007,0.9993887567049791,0.9987778870283238
935,0.02729535366084379,-1.9119922622161905,-1.9437254265099881,34.74936424011865,3.016199946320963,0.0708140865058488,0.06332309697926586,0.03364582582208375,0.997995266846995,0.9959945526490048
936,0.01759523914903935,-1.9408595986933685,-1.9463669178544378,5.882027762940556,0.3747086018712764,0.024496678198943155,0.022564907023636387,0.009527639070094905,0.9997454242863518,0.9994909133814976
937,0.03034081903315139,-1.9155129882386317,-1.943061431820534,31.228638217677407,3.6801946357751802,0.0759138836034827,0.0701257511334688,0.03136085745001242,0.997541200342628,0.9950884463810112
938,0.025215188352851418,-1.9347613846400467,-1.9443113755872947,11.980241816262449,2.430250869014383,0.05675314717213921,0.05450669656020427,0.016689668248650123,0.9985149771803747,0.9970321596535243
939,0.026887410744126143,-1.9229874309847699,-1.943453875045657,23.75419547153923,3.2877514106521843,0.07355946608285249,0.06806198016544693,0.03007650970857487,0.9976839328181516,0.9953732298034941
940,0.030746262539087122,-1.9641968616283447,-1.946099331518896,-17.45523517203562,0.6422949374131903,0.03316218252341073,0.028010894233009145,0.01774991960545172,0.9996077174384846,0.9992155887625773
941,0.038943749754298304,-1.9137092780873355,-1.9429858040958592,33.032348368973615,3.755822360449912,0.07606195818944707,0.07233317004985886,0.026363450992804367,0.9973842148661727,0.9947752720642117
942,0.03433688518304738,-1.8978764837516862,-1.9446090137341165,48.86514270462294,2.1326127221925617,0.0628222946171857,0.05288785920763364,0.034653325327448706,0.9986014463171465,0.9972048485866969
943,0.026421823702148017,-1.9456650514262732,-1.9426490363511613,1.0765750300358867,4.092590105147842,0.0746123351216709,0.07058452279571,0.025247923365100716,0.9975089128307852,0.9950240311768551
944,0.023135552882218365,-1.9309365544324704,-1.9455783532884652,15.80507202383874,1.1632731678439256,0.043889610487026616,0.03891711375180052,0.02093924450045897,0.999242738820846,0.9984860510861855
945,0.02722162161367627,-1.9017309955180604,-1.9455098624189475,45.01063093824875,1.2317640373615824,0.05065256187261873,0.03734326576270219,0.03397426230251364,0.9993028066361276,0.9986060993508418
946,0.024208423483295414,-1.9315594781394705,-1.9462649869404351,15.182148316838617,0.4766395158739556,0.0311177627423853,0.02773136683996174,0.013979904935299065,0.9996154856701263,0.9992311191915224
947,0.020080228151273465,-1.940137685628642,-1.9451710304118481,6.603940827667021,1.5705960444609701,0.05093127251668504,0.04966525266914264,0.011656089352780376,0.9987666829662663,0.9975348870034382
948,0.01997075629384598,-1.9428091277609816,-1.9452202007593706,3.9324986953275243,1.521425696938472,0.04746608729127127,0.045889544549591973,0.012237855817094762,0.9989471533283147,0.9978954151427436
949,0.025070529720284965,-1.9152996086222804,-1.9439890463169787,31.44201783402867,2.7525801393304405,0.06298986880307514,0.05604663690823714,0.029438890315363397,0.9984299436591159,0.9968623523951453
950,0.018138251330540325,-1.9377913472684367,-1.9451194889855843,8.95027918787239,1.622137470724816,0.05001142795974279,0.04744199130092911,0.015526019129190856,0.9988748744814218,0.9977510148702761
951,0.026391811224837622,-1.9225255128543088,-1.946020943889595,24.216113602000267,0.7206825667140926,0.036907011122040624,0.032950572705295195,0.01692785733635534,0.9994571588897926,0.9989146124560561
952,0.02051549524124767,-1.9203476571582276,-1.9434150852946408,26.393969298081466,3.326541161668306,0.06906480900260845,0.06123198773013248,0.03309606617107235,0.9981255947089777,0.9962547028131503
953,0.018432523647181627,-1.935916357216245,-1.9456086234314058,10.825269240064106,1.1330030249032674,0.041598735378520484,0.03991887244634832,0.0117294002084506,0.9992033032868561,0.998407241299365
954,0.02655656013275224,-1.9309567485737562,-1.94603667389482,15.784877882552895,0.7049525614890584,0.03790018934188632,0.03481157057995343,0.015617792193520807,0.999394087185486,0.9987885415013107
955,0.023678191107933344,-1.9471436517304228,-1.944330407290998,-0.40202527411370426,2.4112191653111736,0.05349936412393126,0.05322132326820252,0.004523492152087936,0.9985837955156676,0.9971695966664765
956,0.021434952104665,-1.9645071182753517,-1.945489396486509,-17.765491819042634,1.2522299698001227,0.04582881004346023,0.041912817167985804,0.017807856693044168,0.9991217263914713,0.9982442241474742
957,0.031094487990647724,-1.9384972051327083,-1.9448404289727794,8.244421323600815,1.9011974835296819,0.05897607575173385,0.0494561854693202,0.03276287550338034,0.9987772181531027,0.9975559315016506
958,0.027278181746504662,-1.9237927802647425,-1.9448054703169262,22.948846191566563,1.9361561393829163,0.049303190730013456,0.04692087639199919,0.016198566981372103,0.9988993408313556,0.9977998931133166
959,0.02158045192218786,-1.9410066050383172,-1.9447124844091033,5.73502141799187,2.029142047205834,0.05003587435821226,0.048757983393425026,0.011949421251675784,0.9988115764390416,0.9976245652286435
960,0.027697264654115386,-1.9243743525559458,-1.9439612285208596,22.367273900363305,2.7803979354494857,0.06706190537786047,0.06602683838058548,0.013567387810481387,0.9978205665288323,0.9956458829879199
961,0.02893495210468066,-1.9604638452337213,-1.9457193405642912,-13.722218777412198,1.0222858920179156,0.0394207531930908,0.036158079642802654,0.015270569742154343,0.9993463019372545,0.9986930311956662
962,0.023180158032967944,-1.9428351480348904,-1.9460027917138738,3.9064784214186687,0.7388347424353015,0.03693899807777622,0.03389935226172898,0.01486527908416117,0.9994254743728985,0.9988512788254933
963,0.03278823774498081,-1.9108791254936504,-1.9393855759920313,35.86250096265875,7.356050464277786,0.09806036126370136,0.09431583031240355,0.031010922382283358,0.9955529614660134,0.9911256990837495
964,0.025696865964985292,-1.9645316372389112,-1.9454544742937905,-17.790010782602117,1.2871521625186233,0.04120878163587402,0.038894638414592245,0.012958868170098782,0.9992436118863809,0.9984877958957402
965,0.03770723307595339,-1.9181065063635205,-1.9452821602497143,28.63512009278857,1.4594662065947617,0.04715393257492746,0.04343550208994346,0.019054260258535304,0.9990566970247736,0.9981142838700503
966,0.01695238891158721,-1.9401375720417302,-1.9445788772786778,6.604054414578897,2.1627491776312624,0.05732083746695288,0.053710686354437584,0.019160348587643147,0.9985578633032697,0.9971178063647914
967,0.025540603359160183,-1.9044840609871325,-1.9442999616780379,42.25756546917658,2.4416647782712353,0.06980943198280735,0.061204231880076745,0.03495349274393044,0.9981272145235646,0.9962579363725699
968,0.02932813252784079,-1.9315285136662752,-1.9438573499819334,15.2131127900339,2.8842764743757243,0.06837698321626991,0.06184879624393023,0.03110360162424921,0.9980873677839526,0.996178393729899
969,0.03183648649390628,-1.9372930146932343,-1.9438041462646216,9.448611763074766,2.9374801916874915,0.06247172015619461,0.06014339856786343,0.01803420976921365,0.9981913976139751,0.9963860662705409
970,0.027817746343631468,-1.9146920072646838,-1.9457643486942338,32.0496191916253,0.9772777620753459,0.042787187741643536,0.037385684122863715,0.021290918298654954,0.9993012564495926,0.9986030011417344
971,0.03071322142775582,-1.9368896603178543,-1.9456490935262913,9.851966138454848,1.0925329300177644,0.04243003646124458,0.04209867241135352,0.006202552539076087,0.9991139845325404,0.9982287540884894
972,0.02425269844827845,-1.9476895393551794,-1.9461760514551896,-0.9479128988703067,0.5655750011195337,0.03272626010001905,0.030344340293249283,0.011935584453641162,0.9995396338400464,0.9990794796170941
973,0.02336119592267919,-1.9451273285571269,-1.9432226637509686,1.6142978991822154,3.518962705340467,0.06808639843918188,0.06467359257537884,0.02040273202294244,0.997909607407663,0.9958235845565161
974,0.034850875031650214,-1.9390294658573206,-1.9393382961226673,7.712160598988493,7.403330333641822,0.09660940959276132,0.09109805628891555,0.03332688901247762,0.9958518372074303,0.9917208816694143
975,0.038098421840767935,-1.9192249808363926,-1.944120642963363,27.516645619916513,2.6209834929460385,0.06376537586135718,0.05509151594165032,0.033209921905960504,0.9984826460124816,0.9969675943880867
976,0.025662100537756898,-1.9089616674723733,-1.945369138869031,37.77995898393583,1.3724875872780373,0.050538508542914314,0.04169751782925612,0.028674891229087483,0.9991306987166733,0.9982621531180678
977,0.01919129656342597,-1.9311620551390936,-1.9463003793083,15.579571317215546,0.44124714800908293,0.03439881047061369,0.0281682985853127,0.01983031769790898,0.9996033057264658,0.9992067688192783
978,0.02680810810760779,-1.9169563487359718,-1.9439176828431426,29.785277720337344,2.823943613166513,0.06450095619396647,0.062286705405947,0.01845467016773806,0.998060486752422,0.9961247352164815
979,0.02633085061131996,-1.922992081778644,-1.9448776539665154,23.749544677665213,1.8639724897937526,0.05727469573256983,0.05490762331653291,0.017316396514575373,0.9984925777398291,0.9969874278015287
980,0.02588148523554769,-1.938317786732245,-1.9446880320276325,8.42383972406413,2.053594428676586,0.051088243596645974,0.0499145488678776,0.011501931750797308,0.9987542704676241,0.9975100927773161
981,0.014049754141592999,-1.936152705168961,-1.9463572383085734,10.588921287348008,0.3843881477356703,0.024497882344230483,0.021417717804386442,0.012008301836646184,0.9997706409327489,0.9995413344710796
982,0.03483246506714203,-1.9141814698570732,-1.9431639318912326,32.560156599235945,3.5776945650765057,0.0767337229434829,0.06392674271568653,0.04373908638734928,0.9979570078336557,0.9959181894843031
983,0.024428917532950015,-1.9748201524263356,-1.9454342804364562,-28.07852597002647,1.3073460198529396,0.04812465246317792,0.04324974551252056,0.0204982752262232,0.9990647666594322,0.9981304079802658
984,0.023555674551864917,-1.9155554182649988,-1.9446670890295341,31.18620819131035,2.0745374267749916,0.05447705587575755,0.05012596638429123,0.02190764245645797,0.9987436943337686,0.9974889669714643
985,0.03058885210811645,-1.8953776514728709,-1.939218300747673,51.363974983438254,7.523325708636008,0.0966708102641425,0.09141139798975997,0.03521835890909734,0.995825098220066,0.9916676262450042
986,0.01783281753638886,-1.9311272795264223,-1.9452534934725836,15.614346929886835,1.4881329837255208,0.04975701269745048,0.045143818097959997,0.020859146345188692,0.9989811997892227,0.997963437532315
987,0.028726745871123675,-1.9205745311445568,-1.9446910262032604,26.16709531175232,2.0506002530487066,0.05760128497641553,0.05216526732041062,0.024474444207172506,0.9986395409374763,0.9972809327238135
988,0.024523072689492123,-1.9434734787701091,-1.9437486337739707,3.2681476861999847,2.9929926823384356,0.06794178504212273,0.06202275976570532,0.028141926906308363,0.9980774259869069,0.9961585482646496
989,0.020088852108111857,-1.9218869577556628,-1.9456558384887088,24.854668700646343,1.0857879676002824,0.04391684750013945,0.03672612982548228,0.024354038232909023,0.9993256530508816,0.9986517608455711
990,0.02655085574683055,-1.9339099839669032,-1.9435692745981086,12.831642489405937,3.1723518582005283,0.06667066285727775,0.06068300502236857,0.029045713797391872,0.9981589406856983,0.9963212708707955
991,0.024805322082646998,-1.9153809369553045,-1.9437463183403698,31.36068950100457,2.995308115939288,0.07010827610795921,0.06705126829544367,0.0219573662127314,0.9977525316339129,0.9955101143818823
992,0.023322097956148084,-1.9399424975271813,-1.9448016355396505,6.799128929127818,1.9399909166586404,0.051234814562986154,0.048105713498941514,0.018091988447929048,0.9988431931687729,0.9976877245395905
993,0.02005892574699806,-1.9190270197606856,-1.9453451552498666,27.714606695623534,1.3964712064424845,0.049373886144413154,0.044813474499935495,0.021415651449348885,0.9989959523722508,0.9979929128561404
994,0.03438741074410335,-1.900215358003101,-1.9436038224998577,46.526268453208175,3.137803956451357,0.06874307803406106,0.06257225712591645,0.030322658804926697,0.9980426460829996,0.9960891234003557
995,0.028985611462249213,-1.9256764953243153,-1.945362471062383,21.06513113199382,1.3791553939261902,0.05149962211445659,0.04794139604206394,0.020110127429979124,0.998850811683956,0.9977029440016977
996,0.02854778721654206,-1.9104137955096274,-1.9452667702846325,36.327830946681686,1.4748561716766417,0.05520288882579347,0.04589821065714232,0.031193008062705283,0.9989466853926948,0.9978944802570516
997,0.02763509134985543,-1.8962505979284845,-1.9438103562421214,50.49102852782461,2.931270214187709,0.07111838933791056,0.0615428686684038,0.03718885599208444,0.9981062469623879,0.9962160802253434
998,0.026365263569321475,-1.9387447317826332,-1.9441359151682283,7.996894673675925,2.6057112880808475,0.058916809702792776,0.056215968482279444,0.01796119366857338,0.9984199017117681,0.9968423001341367
999,0.024311711771957546,-1.9160307026009755,-1.9459791688138453,30.710923855333583,0.7624576424638541,0.03893935334954149,0.03147001881099581,0.023047563537172404,0.9995048642576633,0.9990099736747299
1000,0.018680909191375637,-1.921350109744126,-1.9461612201657894,25.391516712183204,0.5804062905196972,0.03487600079402631,0.02573616941737724,0.023375341799639997,0.999668850019576,0.9993378096994614
1001,0.026288636434120022,-1.9130699660259716,-1.9441033563762888,33.67166043033754,2.6382700800202663,0.06755289712074133,0.05889122743389663,0.034570790763301884,0.9982659682372506,0.9965349433406553
1002,0.030702169013480024,-1.9270666058621033,-1.9433498010423966,19.675020594205783,3.391825413912475,0.07749091972974857,0.07472318092222256,0.023816635551647532,0.9972084130425146,0.9944246190427705
1003,0.019918596641894493,-1.9675133234793234,-1.9457849824422844,-20.77169702301429,0.9566440140247323,0.04231313706626868,0.03555517260448807,0.02285238714007792,0.9993680142899363,0.9987364279858103
1004,0.034446865964989866,-1.9238724215243062,-1.9448355732738827,22.86920493200295,1.906053182426426,0.06205096995218252,0.058453129796082665,0.02234610601984153,0.9982918795489016,0.9965866767732787
1005,0.0208032213610254,-1.9167513316433216,-1.9461012869969492,29.99029481298754,0.6403394593599288,0.03589667688759457,0.026939801287056538,0.023720974521507267,0.999637137070077,0.9992744058096599
1006,0.020469654688665424,-1.9425018863678567,-1.945371422416826,4.239740088452404,1.3702040394831805,0.04723564271229607,0.04057499216496923,0.023878170915084804,0.9991768655443727,0.9983544086390774
1007,0.03029975414159299,-1.9156065747632465,-1.9442505595884045,31.135051693062632,2.4910668679045678,0.06499213492927226,0.05390154886194531,0.03678397322204332,0.9985473221459142,0.9970967545647762
1008,0.037682144593191934,-1.9364387416173636,-1.9393162293974446,10.30288483894548,7.425397058864469,0.0995499480387111,0.09712320149662455,0.02626911741950991,0.9952839102921538,0.9905900620864401
1009,0.029836486493906293,-1.943346807431052,-1.9441365516609916,3.3948190252570676,2.6050747953174636,0.055629053777523044,0.054167075031294684,0.01278620158608489,0.9985331070828394,0.9970683659405092
1010,0.01633082587789572,-1.9504859913116779,-1.9461290504309001,-3.744364855368776,0.612576025408984,0.03321378840221473,0.03237218144284604,0.00718623148806102,0.9994760445811935,0.998952363691668
1011,0.03229217159509104,-1.9261781679824697,-1.9426906225374656,20.563458473839447,4.051003918843499,0.07224328029521121,0.06908787790462857,0.023615940215244477,0.9976138405601369,0.9952333748771462
1012,0.01874310520675143,-1.9394683220245466,-1.9450067152561237,7.273304431762551,1.7349112001854294,0.04863809974512079,0.04702556251999124,0.012558963452450996,0.9988942990669045,0.9977898207083625
1013,0.020834918257995202,-1.9287083629202184,-1.9452907448806116,18.033263536090693,1.4508815756975046,0.04936542180529035,0.0438355272792315,0.02258059565755519,0.9990392234818569,0.9980793700552316
1014,0.027928319806262442,-1.9486525075012857,-1.9444450338862442,-1.910881044976609,2.2965925700648704,0.05388180546183116,0.05319123123654068,0.009280606243667474,0.9985853722771909,0.9971727457259759
1015,0.02257249664533521,-1.9246695244459449,-1.9444774305729962,22.072102010364247,2.264195883312947,0.05786783812199281,0.05487605802789955,0.01884323348048313,0.9984947968101555,0.9969918592569538
1016,0.01770723307599345,-1.9398755860132304,-1.9465538136857454,6.8660404430787025,0.18781277056367784,0.022179871913891494,0.01842091715043575,0.012367544218639389,0.9998303353553118,0.9996606994967153
1017,0.026479576890534335,-1.941271685800402,-1.946312344645954,5.469940655907113,0.4292818103550644,0.02970833562743943,0.02661775878771011,0.013012163156062847,0.999645762313969,0.9992916501122762
1018,0.028594420049158832,-1.8999837888225939,-1.9452949920320275,46.75783763371521,1.446634424281612,0.05119272717242812,0.04026343758455699,0.031765369193510085,0.9991895048724613,0.9983796666472743
1019,0.03129453720922224,-1.885940889517794,-1.9424433412404463,60.800736938515065,4.29828521586284,0.09372389259899964,0.08676371977477462,0.03956462584177944,0.9962366280563374,0.9924874190810611
1020,0.013314604211748942,-1.9501815130261957,-1.9466634728335854,-3.4398865698865855,0.07815362272367565,0.01165350614473911,0.010041489980051187,0.005943948876798998,0.9999495842685419,0.9998991710788296
1021,0.018667403586250804,-1.9315833314040558,-1.9457510556606026,15.158295052253301,0.9905707957065246,0.04265179118861996,0.041333997224322405,0.011023795625826819,0.9991458966795782,0.9982925228516384
1022,0.02368448547401583,-1.958095610253159,-1.944414419136202,-11.353983796849931,2.32720732010705,0.056952450525260746,0.055723234655777144,0.010126199891864727,0.9984474736466875,0.9968973576314527
1023,0.027714835883569933,-1.9281579594204958,-1.9457700012609662,18.583667035813267,0.9716251953428845,0.04625217269210932,0.04087435813213004,0.021980108968110198,0.9991646580010629,0.998330013798381
1024,0.027808108107554207,-1.9275708732004564,-1.9447625006441485,19.170753255852713,1.9791258121606425,0.04936565563334662,0.047845209562117276,0.012998423375548197,0.9988554203462688,0.9977121507551214
1025,0.024286270819858884,-1.9287048610293194,-1.9450244399008174,18.03676542698973,1.7171865554916899,0.05426435990854049,0.05300258004021701,0.012922637550051469,0.998595756471724,0.9971934848433348
1026,0.02462905677810675,-1.9051547495552839,-1.944803490915309,41.58687690102525,1.9381355410001966,0.05923545097822544,0.04842512799650736,0.034484422443329374,0.9988275402649714,0.9976564551917732
1027,0.0341801776681606,-1.928163512559853,-1.937398008909075,18.578113896456028,9.343617547234118,0.10914416888679117,0.10506483750258279,0.032456693489171025,0.9944838171575661,0.9889980625882833
1028,0.0303990811983966,-1.9464547166685866,-1.9427213709492166,0.2869097877225002,4.020255507092507,0.07930634445229698,0.07071087356405684,0.03767926156720694,0.9975006201517972,0.99500748720322
1029,0.030820529720266752,-1.9025342609050282,-1.9423661471743607,44.20736555128091,4.375479281948369,0.07556039929917437,0.07103450975535232,0.028420367027890404,0.9974775670583286,0.9949614967846023
1030,0.022249999999996377,-1.9526598914753668,-1.9452192375319,-5.918265019057678,1.522388924409146,0.0513675504471459,0.04335211058140711,0.02703640533151548,0.9990602972650109,0.9981214775712519
1031,0.026701198504230392,-1.9278044576229243,-1.946181573595146,18.93716883338481,0.5600528611631184,0.03284290272780634,0.028866010432748796,0.015932104325857198,0.9995833889780504,0.9991669515208444
1032,0.026099172999166934,-1.914389388133787,-1.944029605645749,32.3522383225221,2.7120208105602117,0.06258796571453688,0.058692522788917435,0.023602579334682888,0.998277597167151,0.9965581610058206
1033,0.022666168184429642,-1.9125401355176759,-1.9464186696677597,34.20149093863323,0.3229567885494333,0.036481192531194355,0.02183099283940449,0.028838920992297915,0.9997617148508806,0.9995234864815735
1034,0.019908166687616136,-1.9242182172752138,-1.9464717674235767,22.5234091810953,0.2698590327323558,0.024562272086029756,0.018783110103147704,0.015849850511913337,0.9998236024276027,0.999647235971309
1035,0.024983311703152475,-1.8952020047883897,-1.9447732348392102,51.53962166791936,1.9683916170989413,0.06706507074726803,0.058116122622916364,0.034532087382606894,0.9983117663583626,0.996626382849554
1036,0.024263104267661595,-1.9530434496723899,-1.9446580512364793,-6.301823216080749,2.083575219829825,0.05952432545339192,0.05693049504011724,0.01692104681306677,0.9983794873952135,0.9967616008515293
1037,0.021192998595917306,-1.9554503291837857,-1.9439813936955914,-8.708702727476592,2.7602327607176846,0.06308762733688104,0.05716106107245236,0.02688257268194395,0.9983663470156131,0.9967353628532997
1038,0.024588852108105713,-1.9138311798267111,-1.9451471356081111,32.91044662959797,1.5944908481979603,0.0502368607302895,0.044147381651016795,0.024433479065618192,0.999025504429481,0.998051958500579
1039,0.021521882282176552,-1.9401026911390982,-1.94499267371568,6.638935317210937,1.7489527406291394,0.048487452726932875,0.048012760738217135,0.008080150880398228,0.9988474286353999,0.9976961856915503
1040,0.028401799281868208,-1.8943626584264421,-1.9432912503960307,52.37896802986697,3.450376060278426,0.07517294349721747,0.06592679357706785,0.03762864154138439,0.9978268943674143,0.995658511122919
1041,0.022400298987476152,-1.9260529501234436,-1.9459097586065741,20.68867633286553,0.8318678497349907,0.0403670840781992,0.03468660343733224,0.021049559573777285,0.9993984350291063,0.9987972319386268
1042,0.03197922442130127,-1.923157529920539,-1.9446716128649404,23.584096535770094,2.0700135913687134,0.06526592202534712,0.0492148566600558,0.043457397747679295,0.9987890721971351,0.9975796107404139
1043,0.02961512977278257,-1.9206003043516542,-1.9436312439569192,26.14132210465492,3.1103824993898854,0.06168506069992158,0.06012367811804432,0.01593007505475095,0.9981927167932187,0.996388699859027
1044,0.032917756055478455,-1.9181285209421415,-1.943756965085006,28.613105514167625,2.9846613713031545,0.06306720793397437,0.059669996470966026,0.022315976944781015,0.9982197986032335,0.9964427663234801
1045,0.031528378386289316,-1.9463195919555887,-1.945602331003237,0.42203450072042514,1.139295453072009,0.047230587846411425,0.04689100683630253,0.006172754753754636,0.9989006423167499,0.9978024932208155
1046,0.021934952104677607,-1.960524039746337,-1.944899056557113,-13.78241329002794,1.842569899196178,0.05863561497384534,0.05252114045358693,0.02467895117301381,0.9986207923656477,0.9972434869449941
1047,0.03581816410605569,-1.942126673052239,-1.9438904466277724,4.614953404070032,2.851179828536665,0.0677065867874367,0.06485041337804837,0.020104393904069852,0.9978978550398514,0.9958001290931363
1048,0.027563743990165947,-1.9268018751685394,-1.9434268364809795,19.939751287769703,3.314789975329635,0.06887897722898652,0.06169663911501104,0.03218682690558359,0.9980970850798481,0.9961977912448895
1049,0.029823644470495018,-1.9223202187638362,-1.9438018693896273,24.42140769247292,2.939757066681814,0.06906067241330682,0.06519070214121807,0.023709655928545154,0.9978757756636012,0.9957560636562337
1050,0.0259424458490657,-1.9530589190194905,-1.9458871346883229,-6.317292563181365,0.8544917679862429,0.0371081516635941,0.03421285243976493,0.01419394628882327,0.9994148134907223,0.9988299694246952
1051,0.027017436806940114,-1.9330218596004698,-1.942349348488386,13.71976685583931,4.392277967923075,0.07794060859329693,0.07162140318801989,0.030410042979252736,0.9974359599359748,0.9948784941733995
1052,0.028647845796557887,-1.933690582036644,-1.9457524610064707,13.051044419665203,0.9891654498384028,0.04100796062090114,0.0380063302420127,0.015515492459151873,0.9992778576778134,0.9985562368451603
1053,0.026064142679318704,-1.9028401251039522,-1.9448829240089183,43.90150135235693,1.8587024473908365,0.059912134604614524,0.053269750213846306,0.028297473314767767,0.9985815212698907,0.9971650546216893
1054,0.028666168184394998,-1.9088532762309252,-1.9459345542987163,37.888350225383945,0.8070721575927919,0.047932184030021904,0.039243508511071515,0.027744346707933114,0.9992300999874066,0.9984607927208426
1055,0.018537373650541145,-1.917609365749213,-1.945203494983703,29.13226070709607,1.5381314726061746,0.04851520203152707,0.042416070295008455,0.02355587243130676,0.9991005990295744,0.9982020069812544
1056,0.02866616818442964,-1.9254031602878496,-1.9457794358142093,21.33846616845947,0.9621906420997917,0.04588210521865704,0.03822733003231368,0.02553978375495766,0.9992693632524271,0.9985392603349111
1057,0.031842873534866076,-1.9331153616182417,-1.9419158084745123,13.626264838067392,4.8258179817968205,0.07568695967309014,0.07498736024970072,0.011837027044405972,0.9971884590169685,0.9943848227966363
1058,0.027405468239385625,-1.9206704892886732,-1.944719047957413,26.07113716763587,2.022578498896088,0.059864680309628875,0.05651900791573112,0.021394818327108992,0.9984028673400654,0.9968082855128644
1059,0.021611486174602797,-1.9534704520578432,-1.9453552249087365,-6.728825601534094,1.3864015475726355,0.05141002998943141,0.049932280654707326,0.012503575928509392,0.998753499105392,0.9975085519752643
1060,0.018673899690345663,-1.9387833692056502,-1.9451973776401539,7.958257250658907,1.5442488161552248,0.05470147350062067,0.04146436881765309,0.035858924736388846,0.9991404709161944,0.9982816806226347
1061,0.025680644298799623,-1.9414775018708104,-1.9457491616052038,5.264124585498742,0.992464851105268,0.04162864929941457,0.04042973286446968,0.010229228233351753,0.999182719179913,0.9983661063077648
1062,0.027755567941058525,-1.932208353004664,-1.9449908022142897,14.533273451645012,1.7508242420194442,0.0482159805171791,0.046758586171998545,0.01273748841020077,0.9989068687549407,0.9978149324458003
1063,0.025534170098311673,-1.9328959634759968,-1.9442728442012658,13.845662980312312,2.4687822550433225,0.053430489239358746,0.05286605179955605,0.00913709456008849,0.9986027524831285,0.9972074572668803
1064,0.02294247058252945,-1.9111246729684959,-1.9451487600773658,35.61695348781324,1.5928663789432917,0.053002145312169145,0.04823839142888328,0.022897404137805645,0.9988368076272726,0.9976749682710411
1065,0.02091985677711847,-1.9342414727559885,-1.9449643697216794,12.500153700320649,1.7772567346296952,0.052149199217838525,0.04586569709064126,0.025109380403546353,0.9989483068130062,0.9978977196845719
1066,0.025594487990668848,-1.9368745595010852,-1.945706224027439,9.86706695522388,1.0354024288701247,0.04528877817028852,0.037276525062510356,0.02620705619198773,0.999305231165154,0.9986109450340419
1067,0.025450466981015957,-1.941709955194869,-1.9452549633762495,5.031671261439996,1.4866630800596248,0.04700251511378742,0.04140424932926374,0.02216930596568146,0.9991428779843156,0.9982864906267809
1068,0.03309877430999384,-1.9395168395295481,-1.9438933887445258,7.224786926760984,2.84823771178333,0.0637840168848951,0.06201929465311945,0.01687029976763905,0.998076993938575,0.9961576858294622
1069,0.025804593207728557,-1.917484537969991,-1.944267080232745,29.25708848631814,2.4745462235640225,0.06330737672797976,0.060328183497281564,0.02107250447858529,0.9981806302750995,0.9963645706563949
1070,0.024907544227577863,-1.9343821119715778,-1.9436225563074736,12.359514484731271,3.119070148835501,0.0684657053435643,0.05957865416322627,0.03482198245720655,0.9982253739965673,0.9964538972905866
1071,0.025352841956666594,-1.940976206042558,-1.9448615560180473,5.7654204137511655,1.8800704382617717,0.048428241665846326,0.04639035403368563,0.013870871574994847,0.9989242418338141,0.9978496409232603
1072,0.028603240645831675,-1.9217566722640587,-1.9451994659198222,24.98495419225044,1.542160536486925,0.0518162607954853,0.04960319284839139,0.015821157384970273,0.9987697711622353,0.9975410557874639
1073,0.027206900241864458,-1.9103212339838922,-1.9433484748908183,36.42039247241691,3.393151565490804,0.07224989272589737,0.06408810826122407,0.03456811082486278,0.9979467387858622,0.9958976934533378
1074,0.03989797449493447,-1.9302154725046925,-1.9422533074769202,16.526153951616607,4.48831897938895,0.07942579562038538,0.0769063197340641,0.02136008256655387,0.9970442044067223,0.9940971455410338
1075,0.025276214821470078,-1.9135267235656508,-1.9437420699269692,33.214902890658315,2.9995565293399196,0.06566158225447812,0.06260200456815682,0.022057548322513044,0.9980405050250957,0.9960848496707481
1076,0.02408648649388807,-1.9592531237987483,-1.9455351762453847,-12.51149734243917,1.2064502109243591,0.04688929633836956,0.03953350217941931,0.025172396712470575,0.9992185747349518,0.9984377600953485
1077,0.020019781560531254,-1.943671651336733,-1.946158085275292,3.069975119576185,0.5835411810171109,0.033256408065085924,0.030395533904266612,0.013827834402031289,0.9995380825946538,0.999076378556997
1078,0.024980946088971084,-1.952854103858346,-1.9448586541478192,-6.112477402036909,1.882972308489883,0.05466806641411598,0.05277503300854907,0.014503498965766826,0.9986074754143387,0.9972168899533991
1079,0.024770180249667755,-1.920137492366458,-1.9457315809318174,26.604134089851073,1.0100455244916873,0.04632731940189227,0.038812317798977716,0.024900969679914037,0.999246811585869,0.9984941904645253
1080,0.019393046626705386,-1.922678235879008,-1.9448825220564883,24.063390577301114,1.8591043998208434,0.053236984296197686,0.05006829680257866,0.019490942255314347,0.9987466169860657,0.997494804941111
1081,0.019437317718886238,-1.9317255271684688,-1.945674048722603,15.016099287840312,1.0675777337061376,0.04194110559684292,0.03981271833379263,0.01313684704371642,0.9992074796219556,0.9984155873324607
1082,0.027635066616393353,-1.9308407910434198,-1.9464336898904946,15.900835412889336,0.307936565814515,0.024107927860166425,0.020638430692196754,0.012587850610807161,0.999787028234925,0.9995741018268228
1083,0.02471558704199557,-1.9133699481720663,-1.9449196438727874,33.37167828424281,1.8219825835217307,0.053411219103702216,0.047681707213275665,0.024552435281454257,0.9988633947500765,0.997728081371647
1084,0.028751966925014964,-1.9359143255749498,-1.9459575829082267,10.827300881359303,0.7840435480823693,0.035898917494808925,0.032754291204284934,0.01498097480973779,0.9994636255369838,0.9989275387715321
1085,0.024028648377124314,-1.9143109454675515,-1.9457391922402036,32.430680988757565,1.0024342161054633,0.04031786208679172,0.03457228055498691,0.021049943634128827,0.9994023915783518,0.9988051402925291
1086,0.021148332062387722,-1.9207371122297026,-1.9458315600793903,26.004514226606545,0.9100663769188166,0.0374615524015084,0.03358888849762792,0.0170246755328846,0.9994359133321961,0.9988721448581609
1087,0.028355207570886956,-1.9166419038799816,-1.944961387317239,30.099722576327537,1.7802391390699945,0.05190359915450923,0.04623332464297664,0.023764676265415417,0.9989312792462627,0.9978637006565748
1088,0.024887058274890374,-1.8971346016166752,-1.9440061392325008,49.607024839633866,2.7354872238083416,0.0719857835390325,0.0656523762071016,0.03136793876317026,0.9978457170862947,0.9956960751074616
1089,0.027830850611348146,-1.9313749924787984,-1.9438642092491765,15.366633977510702,2.8774172071326376,0.06143076467140899,0.0610318051560704,0.008461234085521997,0.9981375707053407,0.996278610053559
1090,0.025555275862731916,-1.9529048890563387,-1.9446365201644678,-6.16326260002964,2.105106291841352,0.049245407491179984,0.0486110687727383,0.007370428159204792,0.9988186572686083,0.9976387101078656
1091,0.028235611462230997,-1.9329368084127363,-1.9452887275257484,13.804818043572809,1.4528989305606643,0.05167515494903873,0.05092111924134661,0.010146835565830388,0.9987036837045474,0.9974090478450327
1092,0.018183009913016277,-1.928102716074587,-1.9464173233665976,18.638910381722162,0.32430308971154176,0.027933130124774285,0.02412786447450528,0.014260554906804949,0.9997089234445395,0.9994179316146402
1093,0.027771882282213903,-1.938780089456024,-1.9437633969305412,7.961537000285013,2.9782295257678726,0.06348520173427949,0.06112111441786178,0.01896059927850382,0.9981321366384419,0.9962677621904212
1094,0.02657052972027747,-1.910475614329927,-1.944317274609139,36.26601212638203,2.4243518471700476,0.06188218531916497,0.055212737909022695,0.02786120060227126,0.9984760376935424,0.9969543978481964
1095,0.040336486493910875,-1.9353883764404347,-1.9431874314672963,11.353250015874394,3.554194989012771,0.06756574022236705,0.0655116834426041,0.018774151385615296,0.9978543400688085,0.9957132839941573
1096,0.0250321581787592,-1.9598829881243505,-1.9443981291006491,-13.141361668041363,2.3434973556599736,0.06405099373271902,0.05865062403517812,0.02437579937150777,0.998280115341685,0.996563188686608
1097,0.018871563033649993,-1.9230824643871578,-1.9448438409499806,23.659162069151307,1.8977855063284643,0.051672169090501,0.04714118496298602,0.02128456478295949,0.998889036027451,0.9977793062958504
1098,0.02500985935868391,-1.9298044643129952,-1.9428017581662373,16.937162143313866,3.9398682900717574,0.07184329168752669,0.07019313655192133,0.017115851958053353,0.9975377821876774,0.9950816268919102
1099,0.020347231433496225,-1.9242157414834382,-1.9455346374794769,22.52588497287089,1.2069889768322462,0.046832504497551754,0.04164257200453832,0.022267233932394898,0.9991329481133472,0.9982666480056686
1100,0.025026547655508644,-1.9421625400934472,-1.9456554992553594,4.579086362861862,1.0861272009496936,0.042807284636021195,0.04195411917275939,0.008707896071956694,0.9991200921962691,0.9982409586302812
1101,0.03156564562201951,-1.9302544149353358,-1.9454948211662189,16.48721152097332,1.246805290090247,0.04118380072552566,0.03736286706669894,0.01728830081297747,0.9993020769291159,0.9986046409548446
1102,0.02787865808896145,-1.9327510300801582,-1.9443679039970114,13.990596376150854,2.373722459297678,0.060624106896543836,0.05951146492608129,0.013763349083707847,0.9982293849434185,0.9964619049645156
1103,0.02960595935521041,-1.9538990060767383,-1.9458882092470595,-7.157379620429172,0.8534172092495851,0.035962696337141935,0.03365379420428362,0.012720338448720545,0.9994337775268758,0.9988678756616407
1104,0.031188910688132624,-1.9136777236892961,-1.945718251781139,33.06390276701299,1.0233746751699968,0.042846843811310466,0.036956125339882386,0.022127403553060625,0.9993171348845497,0.9986347360738652
1105,0.025499601310862745,-1.9486291095250452,-1.9440513099740235,-1.8874830687360955,2.6903164822855707,0.06093741979711262,0.05549550056016527,0.025705366954198478,0.9984605420395446,0.9969234540099012
1106,0.01667096225609207,-1.9324555690722993,-1.9463201685331886,14.286057384009787,0.4214579231205384,0.03150750262127337,0.023005576231883512,0.021286988050215117,0.9997353755707648,0.9994708211676181
1107,0.018844021360024873,-1.9379491428096693,-1.9458769582461277,8.79248364663976,0.8646682101813852,0.03350994845468436,0.03146902064361355,0.011770854556912964,0.9995048865344537,0.9990100182062511
1108,0.02934238726903684,-1.925124672240899,-1.943963626297499,21.6169542154101,2.7780001588100234,0.06338778149195008,0.056668329519407805,0.02944332785199391,0.9983947202513427,0.9967920174257568
1109,0.03072122292456639,-1.9472176762820543,-1.9455523464502613,-0.47604982574522836,1.1892800060477882,0.03663757601173874,0.036277949474015816,0.004963816903351636,0.9993420308200069,0.9986844945634558
1110,0.03264344531584914,-1.9146441458834416,-1.941889180072547,32.09748057286754,4.852446383762032,0.08128653534966189,0.07569703630480829,0.03171501166640177,0.9971361488463967,0.9942804993362233
1111,0.02615376620688458,-1.9128613403231067,-1.943956248240034,33.880286133202375,2.785378216275003,0.06266286342569298,0.058629080398847365,0.023778441964308793,0.9982813767570294,0.9965657071799101
1112,0.03843015803296793,-1.952254341092196,-1.9459353482446955,-5.512714635886873,0.8062782116136091,0.04369361598632305,0.03367356069843166,0.028465975115038556,0.9994330552877042,0.9988664320017152
1113,0.025990735719699322,-1.9649576817625645,-1.9451920436086796,-18.216055306255363,1.549582847629516,0.051648607862912595,0.04698411643764756,0.020398933942733326,0.9988963027724621,0.9977938236924943
1114,0.01797162161366555,-1.9213087439458854,-1.946146390403866,25.43288251042375,0.5952360524430489,0.03565417351278252,0.027791086292925246,0.02235442164315596,0.9996138409172678,0.9992278309533728
1115,0.023985611462241214,-1.932035677413223,-1.9457506809168732,14.705949043086086,0.9909455394359057,0.038810021746876776,0.03638894276188598,0.013922214838164143,0.9993379571737394,0.9986763526481827
1116,0.015688444057432034,-1.9208870593934753,-1.9459819813478612,25.854567062833844,0.7596451084479483,0.03585929147577722,0.03148782261559692,0.017449858975074797,0.9995042935340956,0.9990088327930916
1117,0.019647515610807596,-1.9431578751075615,-1.9462675096771898,3.5837513487475547,0.474116779119349,0.024494523145288133,0.02427605362019513,0.003557515460261502,0.9997053373616043,0.999410761549279
1118,0.021800525561088316,-1.9326013629829901,-1.9443973230021767,14.140263473318981,2.3443034541323904,0.05278950754238564,0.050973076176243484,0.014609835522688103,0.9987011384896043,0.9974039640204317
1119,0.03228381762902279,-1.9101186968778314,-1.9444369316970491,36.62292957847768,2.3046947592599842,0.07291883874811274,0.06800331668158227,0.027916164784045704,0.9976889985565607,0.9953833378407929
1120,0.029471684456971323,-1.962065869788401,-1.9421606191324978,-15.324243332091925,4.581007323811281,0.07877126107250089,0.07243927618956926,0.029995766538796764,0.9973779851540852,0.9947628452700225
1121,0.03167635288118789,-1.953231023068916,-1.9430511832004986,-6.489396612606946,3.6904432558104716,0.07511216921197068,0.0689431519094942,0.030575890702479947,0.997624213569439,0.9952540715000416
1122,0.025338852108093043,-1.9206523190016964,-1.9446979404900595,26.089307454612687,2.0436859662495976,0.05478902477025843,0.04834969784741226,0.026152835008847488,0.9988312984303369,0.9976639627240328
1123,0.021690146089969248,-1.9280451989357796,-1.9455466882795303,18.69642752052947,1.194938176778848,0.04504693289662543,0.04157697962013103,0.01809742647450182,0.9991357232512424,0.9982721934767833
1124,0.024245932353281242,-1.953407665086505,-1.9459413212042544,-6.666038630195992,0.8003052520546561,0.03300494696794092,0.0324911332632616,0.00519590579206358,0.9994721645861443,0.9989446077825127
1125,0.019129518310469048,-1.9458123817116462,-1.9451958301008492,0.9292447446629382,1.5457963554599274,0.04231863325792636,0.04219853963710643,0.0030614359784259092,0.999109789456548,0.9982203713879078
1126,0.03162156303364541,-1.9406084013959182,-1.9440868228379269,6.133225060390934,2.6548036183822177,0.06312722500923179,0.06031552869266028,0.01746003654778536,0.9981812523022567,0.9963658124477015
1127,0.02860795101365013,-1.905166144663751,-1.9453169139398747,41.57548179255821,1.42471251643439,0.05898725773978885,0.05063378374138011,0.031145979230873415,0.9987183315651298,0.9974383058042365
1128,0.016550173091835242,-1.9468203214189501,-1.9462748057280772,-0.07869496264101272,0.46682072823189813,0.03185345971447203,0.02371686605880372,0.02144132044091499,0.9997187551748139,0.9994375894482795
1129,0.027647845796557883,-1.9333607508546018,-1.9465606872684853,13.38087560170731,0.18093918782380314,0.028447884916855747,0.017427886755890444,0.022223646460470932,0.9998481370619999,0.9996962971863518
1130,0.020910133612672,-1.9324234712378867,-1.9458674392413913,14.31815521842239,0.874187214917832,0.034733688395471175,0.03216345982897248,0.013309246982831095,0.9994827560947134,0.9989657797306843
1131,0.020080099452952103,-1.9368776665771354,-1.9435526755851702,9.863959879173656,3.188950871138907,0.06818321636854288,0.0668035189286585,0.014004926561749622,0.9977693224677661,0.9955436208577849
1132,0.026561777065093963,-1.929869051761204,-1.9458413412265754,16.872574695105058,0.9002852297337327,0.047228987524961234,0.031738256696359365,0.03490535403415923,0.9994963826313393,0.9989930188931326
1133,0.028084519568876275,-1.9466210925824108,-1.9438499629704322,0.12053387389832082,2.891663485876883,0.06390185997577319,0.0603842903636704,0.02178841442716744,0.9981769244291917,0.9963571724629203
1134,0.016566109604371514,-1.9128863954315218,-1.946482719988649,33.85523102478727,0.25890646766013603,0.03291371124251394,0.01769695825365356,0.027338840396951763,0.9998434099810662,0.9996868444825665
1135,0.031019827780447297,-1.9094806829467676,-1.9431210224995639,37.260943509541455,3.6206039567452386,0.07543016998556847,0.07183257216334177,0.02591202929143136,0.997420044731692,0.9948467456325705
1136,0.02231374399015574,-1.9310781382067053,-1.9450969000445004,15.66348824960384,1.6447264118086835,0.04955699419062587,0.043111117914713414,0.024905677625794466,0.9990707908651583,0.9981424451599328
1137,0.026187362713341135,-1.9267823516185192,-1.944607001125329,19.95927483778992,2.134625330980189,0.060887171230033024,0.05846133426320731,0.01787638588333785,0.9982916604129554,0.9965862392500554
1138,0.02906610960436808,-1.924420069374911,-1.945801875865827,22.321557081398158,0.9397505904820136,0.04872802356201139,0.03450773285454481,0.034322377762183026,0.9994046094227729,0.9988095733354851
1139,0.027040603359144707,-1.910477271192503,-1.9443227011763462,36.264355263806,2.4189252799629024,0.06315091312397406,0.05721938525747935,0.027898742700164802,0.9983631448511143,0.9967289689970071
1140,0.031582066377986696,-1.9318364613693604,-1.9444749828649839,14.905165086948724,2.2666435913252236,0.05661839102124297,0.050852120772960314,0.025935301892401404,0.998707182551576,0.9974160364801069
1141,0.02629929015925629,-1.9364674031360394,-1.9455504612465793,10.274223320269726,1.1911652097298386,0.04571443997933157,0.039982704293141845,0.02175820650352415,0.999200779901464,0.998402198555694
1142,0.021198412479290732,-1.920998218788539,-1.945967248584733,25.743407667770057,0.7743778715760818,0.037912454547890696,0.03351017019637521,0.018159818287912372,0.999438572017693,0.9988774592367654
1143,0.01764625282725793,-1.9432641210083241,-1.9466064644306746,3.4775054479849743,0.135162025634461,0.018897655304186866,0.013836296969403274,0.012782136059751464,0.9999042787855801,0.9998085667337111
1144,0.023023958270425304,-1.949506317210554,-1.946269094914624,-2.764690754244903,0.47253154168513944,0.041615535619251076,0.023828059579953396,0.0344994848947053,0.9997161119521264,0.9994323044966765
1145,0.019166629716811476,-1.9610160491574462,-1.9454897095311023,-14.274422701137102,1.2519169252067641,0.04521607118414913,0.042667684213350876,0.014122974863675156,0.999089785782888,0.998180400055697
1146,0.02444096518987033,-1.9480380518229106,-1.9435117783143896,-1.2964253666014613,3.2298481419195113,0.06398784176097395,0.061726855583987966,0.015807309353587057,0.9980956802920933,0.9961949870177365
1147,0.022122669737138948,-1.9062206386286855,-1.9441934427160137,40.520987827623586,2.5481837402954177,0.06558099055771041,0.05943238093776599,0.029649796930164594,0.9982339307526595,0.9964709805059054
1148,0.023834431992192272,-1.9074458679351685,-1.9461444091952018,39.29575852114064,0.5972172611072857,0.03967309043303455,0.025798571699009613,0.02987022367258068,0.9996672350930075,0.9993345809184982
1149,0.023289428152278278,-1.953764302073594,-1.9445808603920984,-7.022675617284868,2.160766064210673,0.05278673502929023,0.04977833127890454,0.017193993718737872,0.9987612036940225,0.9975239420043328
1150,0.026570417410196036,-1.9399359744067366,-1.9463693002829785,6.805652049572508,0.372326173330606,0.027603248041334617,0.025130802576223573,0.011189691249091733,0.9996842230353794,0.9993685457858502
1151,0.029915789130414587,-1.9297363767582565,-1.9431452916814187,17.005249698052616,3.5963347748904084,0.07020791756418182,0.0698307096861679,0.010176359086136923,0.9975619858289123,0.995129915570923
1152,0.03182643049540085,-1.9269666183433671,-1.9438401843956148,19.775008112941972,2.9014420606943148,0.06201759851379242,0.05753841846903936,0.023245473822875694,0.9983453286675351,0.9966933952722887
1153,0.022344021360022157,-1.9368205564284084,-1.9445885437342987,9.921070027900658,2.1530827220104243,0.05560797673723069,0.050738377048085856,0.023344181421716206,0.9987131342356851,0.9974279244948655
1154,0.03032249664533063,-1.916107732093799,-1.9433716837102917,30.633894362510183,3.369942746017429,0.06926186317254832,0.06699574989598517,0.019936542133730133,0.997756223758512,0.9955174820488459
1155,0.02788387620908822,-1.92420129764811,-1.94522071107876,22.540328808199117,1.5209153775490591,0.05797456905037339,0.04933302283359651,0.031260462376618836,0.9987832651462013,0.997568010736107
1156,0.02442208859472355,-1.8969148667003741,-1.946313199128215,49.82675975593498,0.42842732809411643,0.041488835389480214,0.023813628042934278,0.03358724393277896,0.9997164555762035,0.9994329915498472
1157,0.025705266150933007,-1.9117912345719572,-1.942875392774056,34.950391884351895,3.8662336822530285,0.07051439470758977,0.06612207024766667,0.025679648133298066,0.9978148547661251,0.9956344843919432
1158,0.027690146089960337,-1.9222326841146564,-1.9442397988773006,24.508942341652684,2.50182757900852,0.06642438981928282,0.06224045331016494,0.02492209680684991,0.9980632059262478,0.9961301630237797
1159,0.019729115358161426,-1.9114308542281544,-1.9445646973328057,35.310772228154704,2.176929123503424,0.06300870283686615,0.059238246194987604,0.023386578757911537,0.9982456027588833,0.9964942834274463
1160,0.025653413737671604,-1.9029493555886636,-1.9446976661928452,43.79227086764548,2.043960263463873,0.060319488565483005,0.047945596903871096,0.03659450323477552,0.9988506951768588,0.997702711255294
1161,0.02743809158823931,-1.9056411561567554,-1.9430986764022704,41.10047029955366,3.642950054038696,0.07487553805092462,0.0676172010728037,0.03259817488756081,0.9977142352865165,0.9954336952933583
1162,0.019951198504230397,-1.9431676531618278,-1.9466347718493704,3.5739732944812808,0.10685460693871107,0.01493010284002858,0.014066017792489591,0.005048079857728014,0.9999010737500742,0.9998021572865513
1163,0.019383585957190426,-1.9387439665754902,-1.9447071147248518,7.997659880818908,2.0345117314573002,0.0522072555493195,0.05125674766107916,0.010232303614045075,0.9986864227749817,0.9973745710350894
1164,0.024367230494404604,-1.9445738879809673,-1.9444760923411033,2.167738475341796,2.265534115205803,0.06094825796816875,0.05300003467651053,0.030772065481537,0.9985957348220096,0.9971934416047092
1165,0.01784287353483105,-1.9515433071690589,-1.946104991845443,-4.8016807127497785,0.6366346108661602,0.03191888355202016,0.031008050231983178,0.007398462492302122,0.9995192698877746,0.99903877087699
1166,0.030984751240697703,-1.9198274488281812,-1.944300080515151,26.914177628127867,2.4415459411581963,0.06793274701897323,0.0637804156132254,0.0248396369136105,0.9979668248039092,0.9959377834091964
1167,0.024080473408646764,-1.9584975020087139,-1.946455677374434,-11.75587555240476,0.28594908187518087,0.028363793056709538,0.02397415618812169,0.01516920288775911,0.999712636141357,0.9994253548607012
1168,0.032938910688119,-1.929304224882627,-1.9449826883917856,17.43740157368201,1.7589380645235408,0.050615494836031276,0.04805619122626534,0.016299914662353296,0.9988456177415721,0.9976925680815427
1169,0.02172162161368085,-1.9196860830690883,-1.9461628201501935,27.055543387220826,0.5788063061156201,0.03643268140758303,0.02591856968358543,0.025406979675868628,0.9996641139837414,0.9993283407868988
1170,0.02405981014008568,-1.953728560603561,-1.9448434030922728,-6.986934147251933,1.8982233640363333,0.05850625097576931,0.0472964152451191,0.03529117475021194,0.9988816114772079,0.9977644737473037
1171,0.029503668957529906,-1.9400597784129305,-1.940042996118178,6.681848043378569,6.698630338131117,0.0930428625266535,0.08949964816824166,0.025785167015165967,0.9959951205167081,0.992006280093092
1172,0.027448480420788693,-1.968088504591982,-1.9466287088122474,-21.34687813567293,0.11291764406173854,0.020713024486743965,0.012526201217089486,0.016566389075474478,0.9999215471423353,0.9998431004395214
1173,0.022243146328341595,-1.9337946634782852,-1.9463643430274742,12.94696297802389,0.37728342883491806,0.023384167674811853,0.021683603357523486,0.00893343529948019,0.9997649106775311,0.9995298766220518
1174,0.02588358595719043,-1.9204627718127634,-1.9409991458087459,26.278854643545735,5.7424806475632195,0.08769600796116785,0.08277667213827376,0.030564320608349856,0.9965742347337981,0.9931602053352554
1175,0.02836316284774797,-1.9458134989446367,-1.944021953608259,0.928127511672372,2.719672848050081,0.05908087789242747,0.056277211185984145,0.017593595283511537,0.9984165702067106,0.9968356476633314
1176,0.022688179164945883,-1.9249416186764752,-1.9453410189560312,21.80000777983393,1.4006075002779284,0.04836897918921302,0.04441646737565121,0.01987779832501575,0.9990136474979188,0.9980282678870959
1177,0.01989377814988786,-1.914561270368144,-1.946662719311773,32.180356088165055,0.07890714453617775,0.024573565435188925,0.01203149389211569,0.021251557542919044,0.9999276216658142,0.9998552485702517
1178,0.02695130756745083,-1.9450834926464806,-1.9461879947711347,1.6581338098284881,0.5536316851744161,0.034987515848941185,0.027273686101146933,0.021651559533899647,0.9996280841717654,0.999256306664914
1179,0.02635717449592146,-1.9297691996609567,-1.9461745494582623,16.97242679535238,0.5670769980468116,0.03044141486715478,0.025924659865715405,0.015975628250557154,0.9996639622243149,0.9993280373700164
1180,0.028637519807252494,-1.9380577728852677,-1.9452079313378092,8.6838535710414,1.5336951184998782,0.047676083694412286,0.04216912652521415,0.02243292134899066,0.9991110649559134,0.9982229201173394
1181,0.03008885210809823,-1.9161793381123007,-1.943733910763217,30.562288344008426,3.0077156930921056,0.06448894282184968,0.060742520009313634,0.02370600770374461,0.9981554880917558,0.9963143784076912
1182,0.0243887578573921,-1.9551031358229707,-1.9461750920626655,-8.36150936666158,0.5665343936436251,0.03184392746501958,0.030035691913022227,0.010416279098123397,0.9995489419511918,0.999098087355747
1183,0.0242783783862933,-1.963645227861276,-1.9449301759019344,-16.903601404966828,1.811450554374705,0.056372805423386796,0.049838832162973475,0.026933984981803126,0.9987582028609835,0.9975179477821015
1184,0.03474949224770219,-1.9290021129840802,-1.943956445074633,17.739513472228907,2.7851813816761606,0.05961958669902764,0.05871314519148783,0.012194196498744737,0.9982763865181169,0.9965557438796687
1185,0.026313676048659976,-1.9214439193195838,-1.9453071100820194,25.2977071367253,1.4345163742897071,0.04479484068091119,0.04189088078249046,0.016743246496722184,0.99912257739021,0.9982459246508563
1186,0.029372399746317703,-1.932498943516521,-1.9424216852940115,14.242682939788143,4.319941162297614,0.0758310260250004,0.0730261221660376,0.02165088039780369,0.9973336938768534,0.9946744969420492
1187,0.028331004669043015,-1.9492758469966518,-1.9429078850492043,-2.534220540342691,3.833741407104796,0.07280075815790085,0.06739375689735028,0.027483363663314615,0.9977292015852657,0.9954635596959717
1188,0.024281805709486674,-1.9376757380669962,-1.94397255359785,9.065888389312882,2.769072858459065,0.06778954460528638,0.057574987189520734,0.03513389422267335,0.998342878608981,0.9966885032692665
1189,0.02890980077859147,-1.9207277907060802,-1.9433043139261856,26.013835750228864,3.437312530123471,0.07172941852991328,0.06798754691267887,0.024689462899180278,0.9976895592211924,0.9953844565789772
1190,0.028850875031616513,-1.9538660761764468,-1.944663298815099,-7.124449720137704,2.078327641210187,0.06324203999032428,0.0551495577954894,0.03079854582606135,0.9984792747718213,0.9969608621488623
1191,0.03683688518307385,-1.9152483651243697,-1.9411894463867674,31.493261331939415,5.552180069541723,0.08596534132873321,0.08276516115774978,0.02508187778556457,0.9965750124511297,0.9931617554419693
1192,0.026094420049189715,-1.9002996466662674,-1.945520029731082,46.44197979004172,1.2215967252271476,0.05521107144377358,0.045273610030632155,0.0319228576924122,0.9989752528959064,0.9979515558984401
1193,0.027556560132805705,-1.9312242152784866,-1.9420934684539561,15.51741117782246,4.6481580023529645,0.07514042354777084,0.07404464326525625,0.015766053160191938,0.9972594871780255,0.9945264847665783
1194,0.026914553728575253,-1.9044922197427867,-1.9454918551355254,42.2494067135224,1.2497713207837435,0.052457503744873395,0.045437057277723514,0.026951542928930795,0.9989678760489858,0.9979368173778219
1195,0.029701198504222294,-1.9133128028566044,-1.9459345740045475,33.42882359970467,0.8070524517616029,0.04719442116140047,0.03794580767146837,0.028413910079395942,0.9992800843340892,0.9985606869467445
1196,0.02677470942883242,-1.9272488328771524,-1.943712444274644,19.492793579156675,3.0291821816650355,0.06149460847049626,0.0593384900991529,0.017320456409979486,0.9982394741761129,0.9964820478034024
1197,0.02407888368628979,-1.9350664782654843,-1.9453838161719716,11.675148190824824,1.3578102843374573,0.04745291437378799,0.04104630138009864,0.02414181327593269,0.9991576448282586,0.9983159992187527
1198,0.019619886360505406,-1.91977490003004,-1.9439676482429753,26.966726426269183,2.7739782133338053,0.06721485934133044,0.0651006181524746,0.01823155185386035,0.9978820048076852,0.995768495519005
1199,0.029949231579172054,-1.9163667893845695,-1.944021652703838,30.374837071739602,2.7199737524710166,0.06462496326372157,0.057058619000909035,0.031205822441493194,0.9983724628479765,0.9967475745731343
1200,0.037102841956692445,-1.9426736882825646,-1.9432396189406214,4.067938173744512,3.502007515687744,0.06663224901775402,0.06520092971270103,0.015062872667589029,0.9978744215548279,0.9957533611933823
1201,0.023325698972197963,-1.9421473738426378,-1.9427296792026942,4.594252613671301,4.011947253614867,0.06979754512015929,0.0667836601208319,0.021174940241946407,0.9977709465945831,0.9955468618682504
1202,0.02927384920725956,-1.956233662678821,-1.9435935186772888,-9.492036222511935,3.148107779020304,0.067390008369241,0.06016126292204138,0.03090273581739969,0.9981908154062813,0.9963849039614567
1203,0.03184315991393639,-1.930206144852278,-1.944454224721601,16.535481604031066,2.2874017347080944,0.06433997044206953,0.062286380599969125,0.016276111797662245,0.9980605052621722,0.9961247721641824
1204,0.027055742493371587,-1.9629906860725816,-1.9447731090595435,-16.249059616272543,1.9685173967656233,0.0585168368524689,0.0532639225757212,0.02315414943913938,0.9985815837822077,0.9971651794689824
1205,0.02915827575081871,-1.960781118694254,-1.9439704940602727,-14.039492237944984,2.7711323960364354,0.07575090929241854,0.06351951504757074,0.04092483817927684,0.9979829446429801,0.9959699577982735
1206,0.03390546823937455,-1.9069776886818677,-1.9406057312656724,39.76393777444143,6.135895190636731,0.09740177930238893,0.09262931193193824,0.03467426995626582,0.9957109134104275,0.9914402230846279
1207,0.029229576890518222,-1.934740963420935,-1.9442802071631504,12.00066303537417,2.4614192931586842,0.05851527033407069,0.0571512388236049,0.013215908302118334,0.9983669050747614,0.9967364771485577
1208,0.020351563972699896,-1.9276373315877542,-1.9461314621831274,19.104294868554916,0.6101642731817236,0.036923542157086375,0.031144686846024297,0.02009196078037178,0.9995150054115339,0.9990302460428186
1209,0.029106775806755004,-1.9306192588789266,-1.9451518048337453,16.1223675773825,1.589821622563825,0.0514199853091322,0.04845546678664206,0.018448871516979125,0.9988260986168286,0.9976535752781146
1210,0.026664927684377084,-1.9466760024312293,-1.944456852482239,0.06562402507981346,2.28477397407012,0.059996157120901894,0.059505517747894955,0.00668049693136666,0.9982295488962722,0.9964622322896551
1211,0.030080498142081746,-1.9254977906333017,-1.9416501720898067,21.243835823007373,5.091454366502379,0.08873263330379882,0.08336214670515847,0.031191883527610178,0.9965253768397594,0.9930628266856245
1212,0.021881132766286795,-1.9635129233446185,-1.9447577058106706,-16.77129688830936,1.9839206456384595,0.0552533617758848,0.052418263460962476,0.01656339765869305,0.998626623703376,0.997255133569204
1213,0.029040603359152803,-1.9255819279468815,-1.9456337460444313,21.15969850942756,1.1078804118778152,0.0439200918090761,0.03818952016221137,0.0217804648308983,0.999270797214181,0.9985421261650649
1214,0.021658295385957694,-1.929694562845415,-1.9456319054599824,17.047063610894142,1.1097209963266685,0.043374083810944215,0.03592970622311324,0.02417982134445986,0.9993545926239866,0.9987096017986543
1215,0.025637410744126142,-1.9242568639321467,-1.944036930797932,22.484762524162427,2.7046956583771653,0.0604938627026474,0.058261450996123766,0.01732530756581244,0.9983028315015928,0.9966085433840977
1216,0.0318651297727751,-1.9285326126801425,-1.943927507800409,18.20901377616657,2.8141186559000886,0.05955836626456201,0.05863943189652393,0.012315326071606824,0.9982808967846453,0.9965647488851556
1217,0.023432876116391416,-1.9330228855963043,-1.945970119122977,13.718740860004797,0.7715073333320888,0.039943372081106966,0.03751125191900409,0.013999120481301646,0.9992964635695003,0.9985934221025097
1218,0.02670526615091844,-1.9078066863797554,-1.946204008366524,38.93494007655374,0.5376180897851413,0.039806406281780116,0.02637547658998793,0.029594209670136474,0.9996521741974057,0.9993044693776003
1219,0.02732249664533063,-1.932119591574801,-1.9435724508491476,14.62203488150804,3.1691756071614563,0.06425276758030522,0.060125977607561505,0.02322265080153423,0.998193052920892,0.9963893708995307
1220,0.026776785417029186,-1.9612509210657831,-1.9449154444901968,-14.509294609474033,1.8261819661122836,0.0548022343874487,0.04942718291187164,0.022775940595286075,0.998778483851021,0.9975584598037441
1221,0.02296322142776039,-1.9450967102735548,-1.9455497263579493,1.644916182754308,1.1919000983597883,0.042755126088802366,0.040768399659422416,0.012823003899243004,0.9991689797157627,0.9983386500262382
1222,0.02567182370213759,-1.926494101218921,-1.9411214343532037,20.247525237388153,5.620192103105381,0.0815799932524813,0.08036005031632311,0.01807219201563546,0.9967719657669535,0.9935543517389167
1223,0.02558451956882621,-1.9444282213656165,-1.945071766119501,2.313405090692555,1.66986033680816,0.04775794657577424,0.04627796479229418,0.012301831164505542,0.9989292307628524,0.9978596080724641
1224,0.02950749374443349,-1.9228167899070534,-1.9456282539671526,23.9248365492557,1.11337248915655,0.047900222696279575,0.0450096611237249,0.017154972136380654,0.9989872700836011,0.9979755657890858
1225,0.029228757790628807,-1.9058226204114617,-1.944133100166624,40.919006044847436,2.608526289685109,0.07840319716615628,0.0734799873795458,0.029472246033344585,0.997301907204041,0.9946110941128176
1226,0.024068076529411037,-1.9233062361825135,-1.9458231055981627,23.435390273795598,0.9185208581463655,0.04349428474747675,0.03448138339227508,0.026838960845196623,0.9994055193470198,0.9988113921012864
1227,0.026037327430674072,-1.9629923370344982,-1.9443538139236545,-16.250710578189054,2.387812532654632,0.055026588950445446,0.05249839720492552,0.01570263859992953,0.9986221212768731,0.9972461411035218
1228,0.02473601015137402,-1.9366462154228066,-1.9447200225090648,10.095411033502533,2.021603947244266,0.05257326484515527,0.05168645152653933,0.010247152189754975,0.9986642561963139,0.997330296604137
1229,0.030019781560586815,-1.9513213397290696,-1.9441871398039157,-4.579713272760522,2.5544866523934395,0.06617362475988713,0.06384919239253146,0.017781475557444543,0.9979616428952554,0.9959274406901971
1230,0.02921043540281615,-1.9283655174955998,-1.9447852923208717,18.376108960709292,1.9563341354373875,0.05731088301176149,0.055686481297169105,0.015139171839965448,0.9984498604434077,0.9969021238194602
1231,0.016633187268044084,-1.9369290721014283,-1.9461623699289727,9.81255435488082,0.5792565273363692,0.029919916189467287,0.026914144851888276,0.013398581268179112,0.9996378153955473,0.9992757619687823
1232,0.023789428152259703,-1.9501267926938664,-1.9433449915157828,-3.3851662375572467,3.396634940526333,0.06592753010357165,0.06228311697617151,0.021488742261938004,0.9980612430407821,0.9961262448601113
1233,0.023096807384950905,-1.954248769264807,-1.9455512318760284,-7.507142808497846,1.190394580280696,0.044800652473587256,0.0441968072704834,0.006476101219097835,0.9990233692804134,0.9980476923683892
1234,0.01910087503163411,-1.9363728260630342,-1.9458978246678746,10.368800393274924,0.8438017884344617,0.03662871372559002,0.03177631057027221,0.01846238410931802,0.9994951338855786,0.9989905226609508
1235,0.025265071192742634,-1.9552867116739623,-1.9442721877767435,-8.545085217653181,2.4694386795656165,0.05431271003024708,0.05302257572575566,0.010987946213919964,0.9985944763393722,0.9971909281755049
1236,0.0284325236471781,-1.9110115551202893,-1.9459957910478465,35.7300713360198,0.7458354084626251,0.0394731871212497,0.029221294248472106,0.02653011839400644,0.9995730744770152,0.9991463312194325
1237,0.028440478924007348,-1.9496539070895376,-1.9456422815054946,-2.912280633228459,1.0993449508145403,0.04447138199813917,0.04157771555433938,0.01639586143665527,0.9991356888882799,0.9982721248102575
1238,0.019166168184416008,-1.927609419818476,-1.9461666878328454,19.132206637832994,0.5749386234636944,0.0331894721711777,0.027539715136997128,0.018452604098066996,0.9996208101589259,0.9992417641027874
1239,0.0322510813441777,-1.9123862326025909,-1.939733531293035,34.35539385371822,7.008095163274053,0.09254163926090152,0.08933556317944563,0.02599629029784825,0.9960120782722268,0.9920400600641605
1240,0.024830825877931423,-1.968926319290765,-1.9449002034854768,-22.184692834455788,1.8414229708323404,0.0571038727462443,0.051270183306532144,0.02421390499795525,0.9986857152228129,0.9973731577901014
1241,0.025565710915216172,-1.9401867372332176,-1.9458582854481612,6.554889223091553,0.8833410081479087,0.04019228133286968,0.0363225231893457,0.017860913750421606,0.9993403374159308,0.9986811099865863
1242,0.034834519568860633,-1.934295622092302,-1.9438139384721425,12.446004364007113,2.927687984166649,0.06058756072895473,0.058147634658430605,0.018470914981397094,0.9983097819014383,0.9966224206400972
1243,0.021832792802957572,-1.9753833095973807,-1.9460284944107984,-28.641683141071628,0.7131320455107115,0.04120649217134533,0.03212463212297458,0.025768071057027064,0.9994840214065244,0.9989683090469577
1244,0.019817347654501986,-1.9426378246861418,-1.9458587701727594,4.103801770167337,0.8828562835496712,0.04553362016253003,0.03863696113468314,0.02428793875568687,0.9992536868287625,0.9985079306408745
1245,0.025383585957183773,-1.9394334300140679,-1.9443664692708726,7.308196442241233,2.3751571854364606,0.05555507143728089,0.055358076990188555,0.005714172490396142,0.9984680466692731,0.9969384402195538
1246,0.027003824786926277,-1.8980686284683344,-1.9450564136226969,48.67299798797475,1.6852128336122263,0.06067010041619464,0.05168622512862821,0.03267908865008321,0.9986643640712837,0.9973305120659014
1247,0.01910518283742477,-1.9593535231137846,-1.9459658516155713,-12.61189665747553,0.775774840737764,0.04098419237583931,0.03728274710166744,0.01657185463368544,0.9993050173115317,0.9986105176240005
1248,0.029669856777072998,-1.922256531256317,-1.9430950900185608,24.4850951999922,3.64653643774826,0.06967381835102511,0.06822604158304933,0.017249954326026558,0.9976726043621773,0.9953506254948096
1249,0.022966026290924042,-1.9522343512159457,-1.944275262493503,-5.49272475963658,2.466363962806195,0.06496296833299492,0.05618575321352984,0.03155385599653393,0.9984218506518262,0.9968461918590176
1250,0.01795760703170729,-1.9246766948423992,-1.9458490616290451,22.064931613909877,0.8925648272639641,0.03900090052389083,0.033831869517048474,0.019305140533029015,0.9994277585825112,0.9988558446252623
1251,0.03284842184074911,-1.9123535999681491,-1.9444920072760883,34.38802648815997,2.2496191802208187,0.0652353799442149,0.0567281911453526,0.03352355808979704,0.9983910344669272,0.9967846577039411
1252,0.021542171595050112,-1.9288492750701456,-1.944889225251243,17.89235138616352,1.8524012050660232,0.05287470140187459,0.05052453961194509,0.01693321469774713,0.9987236358759789,0.9974489008573348
1253,0.02333688518306655,-1.9187764049341511,-1.9448699515508074,27.965221522157968,1.8716749055016635,0.05338205632081501,0.04574708916185077,0.0276435007234974,0.9989537752332287,0.99790864505272
1254,0.028199231579190864,-1.9281449348389554,-1.945942688199218,18.596691617353667,0.7989382570912085,0.03500955173875855,0.030329707729171027,0.017593562771650313,0.9995400559358509,0.999080323420244
1255,0.03242575755224097,-1.9346589397718736,-1.9434665813258662,12.082686684435462,3.275045130442855,0.06753977036142511,0.06690041442534592,0.012296201456140837,0.9977621692783271,0.995529346442993
1256,0.034850875031646786,-1.9284502510219184,-1.9441394620339192,18.291375434390744,2.6021644223899187,0.05870319333128024,0.05616991773742269,0.018455779643515385,0.9984224859472715,0.9968474604451295
1257,0.030180158032949725,-1.9604220379213604,-1.946083853106036,-13.680411465051279,0.6577733502730609,0.03897853294284157,0.029719448101341497,0.0257842246393022,0.9995583773364592,0.9991169497034954
1258,0.02877621482141706,-1.9105650570466464,-1.9444338838662236,36.17656940966274,2.307742590085482,0.06467345268446574,0.06105058500327993,0.023115331540992407,0.9981365496924165,0.9962765718318818
1259,0.02298159003550683,-1.914825120244357,-1.9451129261146465,31.91650621195219,1.6287003416626256,0.05182014114641421,0.042744289957536194,0.029392857397673947,0.9990866493811913,0.9981741329717355
1260,0.029723189849551624,-1.9290471512595764,-1.9450233856726367,17.69447519673273,1.7182407836724423,0.05115381755139653,0.049660596255276974,0.013956696564731976,0.9987669157227814,0.9975353519423976
1261,0.018540603359160177,-1.928833427723606,-1.9455696876416038,17.908198732702996,1.1719388147053422,0.04385208090494547,0.04269597519229176,0.010915072972729001,0.9990885665101531,0.9981779637313126
1262,0.02876549524122434,-1.923736902436185,-1.943161809636203,23.0047240201241,3.5798168201059966,0.07634185293677642,0.06888490076996417,0.03482832029039021,0.9976274398095806,0.9952605086610183
1263,0.025320948670541,-1.9176619208052588,-1.9436055395087133,29.079705651050336,3.1360869475958175,0.06645161373948157,0.061906653804640846,0.026104364615902848,0.9980838350498706,0.9961713417878574
1264,0.02777214717473684,-1.8954785013938646,-1.9449860633217935,51.26312506244446,1.7555631345156364,0.06328048920225722,0.05313378951550465,0.03458086259768541,0.9985884025162758,0.9971787976400076
1265,0.024478979163918294,-1.930907802826655,-1.9439970559959237,15.83382362965402,2.7445704603854537,0.06732160016614201,0.060634731976950976,0.0305341071795132,0.9981618675778263,0.9963271138864541
1266,0.03288555288221773,-1.921941810142869,-1.9435539572787313,24.799816313440193,3.1876691775778454,0.07092090738404426,0.06803719761103365,0.02087743437901315,0.997685491510298,0.9953763399701449
1267,0.021920121669646984,-1.9210316137434897,-1.943543314711565,25.710012712819363,3.1983117447440534,0.06326054122611523,0.0606290191091939,0.019624702806666842,0.9981623402436024,0.9963280574805851
1268,0.026997301551718027,-1.9321257954676627,-1.943510180946283,14.615830988646383,3.2314455100261874,0.06584985098171428,0.06495464850909871,0.013834010156133381,0.9978904473963351,0.9957853450048579
1269,0.02132249664531971,-1.9354965669083233,-1.945954841660568,11.245059547985825,0.7867847957410135,0.03596888952812573,0.030838941647323474,0.01875370123468964,0.999524516680582,0.9990492594455509
1270,0.04042389969034566,-1.9414970884620295,-1.9426673851532168,5.244537994279597,4.0742413030923075,0.07893678979578893,0.06815112927854182,0.039915268544756105,0.9976780532991266,0.995361498034735
1271,0.022455266150895645,-1.9121639615623358,-1.946398168508346,34.57766489397329,0.3434579479630884,0.03136561309668146,0.021174479832358175,0.02309506242143543,0.9997758209305746,0.9995516921174044
1272,0.02910520757087489,-1.9238997100055928,-1.9434421969758178,22.841916450716315,3.2994294804913338,0.06361548283393949,0.061798412773225835,0.01614348438225152,0.9980908041868671,0.9961852534023872
1273,0.028812041957688054,-1.9049128889849223,-1.9456683134621644,41.82873747138682,1.073312994144704,0.053420353562348165,0.04450285586600734,0.030152940623594287,0.9990097726528836,0.9980205258559661
1274,0.03644923157918015,-1.9262900006321726,-1.9449154164994444,20.45162582413651,1.8262099568646661,0.052207813327430616,0.04869839961480698,0.01912351641958132,0.998814278598571,0.9976299631323837
1275,0.02585284195668481,-1.9269341724727702,-1.945899742761078,19.807453983538892,0.8418836952310826,0.04621410673289709,0.03343705089623877,0.031920975364953995,0.9994409850733997,0.9988822826444876
1276,0.022682523647207447,-1.9412722083692338,-1.9438658813148095,5.469418087075351,2.875745141499575,0.06485737007369871,0.05770878501469233,0.029258180975583588,0.9983352534997064,0.996673278380323
1277,0.031417756055446,-1.9216704329236476,-1.9420699181447973,25.071193532661518,4.6717083115117575,0.07573601493368604,0.07506854529197718,0.014007885457841174,0.9971825039593678,0.9943729462026746
1278,0.02408885210809304,-1.9062579588253257,-1.9459718187869155,40.48366763098343,0.7698076693936073,0.04281062980589412,0.03316592160064984,0.02731557427549338,0.9994500174151956,0.9989003373112347
1279,0.022092387269042228,-1.9281911752068461,-1.9455065734496528,18.550451249462974,1.2350530066562726,0.04230833037929315,0.03812433449796836,0.018959642566514757,0.9992732873253055,0.9985471027619226
1280,0.026203299225875745,-1.929154783651328,-1.9451445175220947,17.586842804981018,1.5971089342143863,0.04836168045486938,0.046757837359335246,0.012966080286655567,0.9989069962707116,0.9978151871985753
1281,0.023416163086111264,-1.9518483277686596,-1.945767697792095,-5.10670131235047,0.9739286642140854,0.036594987212104794,0.03563619225349354,0.008123308331585113,0.9993650990312284,0.9987306011616969
1282,0.02306489446362806,-1.9468404120278142,-1.946398754109797,-0.09878557150511114,0.3428723465122019,0.02149636546952176,0.02026116918321774,0.007106139317519745,0.9997947478214069,0.9995895377712706
1283,0.02295290053675023,-1.9396453361564718,-1.9456323221687837,7.096290299837271,1.1093042875254255,0.03671271098203679,0.03527511292196449,0.010399186218161473,0.9993778884548286,0.9987561639324317
1284,0.020666272149367435,-1.9609127616114301,-1.943643273879048,-14.171135155121029,3.0983525772612097,0.06271892245129283,0.06017703730588177,0.016239279479090256,0.9981895269096038,0.9963823316320187
1285,0.018357174495884077,-1.930506529633864,-1.9465904192714027,16.235096822445172,0.15120718490635454,0.02131210651709775,0.013001616483880405,0.016749254102795114,0.9999154805627873,0.99983096826911
1286,0.019082817536370044,-1.9338323483987165,-1.9447099187077421,12.909278057592566,2.03170774856698,0.058587084973901214,0.052198307261083404,0.026462827461365513,0.9986380768909515,0.997278008616458
1287,0.028450933611699994,-1.9364115255706802,-1.9440800620243983,10.330100885628912,2.66156443191079,0.057468381380065534,0.05504744091419956,0.017471365151298282,0.9984849899323222,0.9969722751201495
1288,0.02277424789639059,-1.9257419676684149,-1.9459169261820397,20.999658787894226,0.8247002742693965,0.03983644201206452,0.03359170243482302,0.021581241808570666,0.9994358260590939,0.9988719704104233
1289,0.027283398678801557,-1.9184135939810087,-1.944923836827298,28.328032475300358,1.817789629011024,0.05283750442764368,0.044938544769495124,0.02793757555694482,0.9989904533458196,0.9979819258760861
1290,0.030334918258031605,-1.9194766998517172,-1.9417517717306498,27.2649266045919,4.989854725659271,0.07732611287740392,0.07591487583496571,0.017524410346713443,0.9971186656534216,0.9942456333944599
1291,0.02108451956887169,-1.9645192884489868,-1.9452481798614432,-17.777661992677718,1.4934465948659437,0.04508303047316538,0.041914853057459636,0.01619963960247259,0.999121640404956,0.9982440523254902
1292,0.03090350131431268,-1.9394677113130079,-1.943533684105683,7.273915143301224,3.2079423506261584,0.07258217712365884,0.06920090116620423,0.023629515044748604,0.9976058044227025,0.9952173410178674
1293,0.02191740358624454,-1.9484263957046084,-1.9459272855078893,-1.6847692482993004,0.8143409484198116,0.04301367805894785,0.0392138596404178,0.018127528685675867,0.9992312017480188,0.9984629945467899
1294,0.02792831980626795,-1.9521401769190343,-1.9452337669667072,-5.3985504627251935,1.5078594896018593,0.048479207989635266,0.04256402741741554,0.023467601054432376,0.9990943311642895,0.9981894825646189
1295,0.028920121669647615,-1.896844571651252,-1.9441130103601745,49.89705480505702,2.6286160961346283,0.06324914437319175,0.05480740553485106,0.03242745028906836,0.9984982696561863,0.9969987945063981
1296,0.0255238492072268,-1.9334932826980882,-1.945662398757374,13.248343758220926,1.0792276989350924,0.04010902965924582,0.038258239387378476,0.012928514773553796,0.9992681651334555,0.9985368658491829
1297,0.024909800778641435,-1.904324598799904,-1.9445032405309115,42.4170276564051,2.2383859253976013,0.06044747904527533,0.052894949523684266,0.03036074716224872,0.9986011312790611,0.9972042193918207
1298,0.02475395858350031,-1.9045761201188693,-1.9450178518172547,42.165506337439766,1.7237746390543762,0.059598609666438,0.053229958669145705,0.02770780677444533,0.9985835561549851,0.9971691186231362
1299,0.026137058274890018,-1.900093042761689,-1.944206783733905,46.648583694619994,2.534842722404118,0.06713913257995627,0.059643019490149225,0.032589111989282576,0.9982214012938814,0.9964459660011201
1300,0.022813743990147732,-1.9363218093579146,-1.9435164122497361,10.419817098394457,3.225214206572957,0.06712219006285379,0.06022982483656987,0.030344940434939023,0.9981866492480844,0.9963765867371183
1301,0.02775592550856901,-1.91529117335848,-1.943010257840626,31.450453097829012,3.7313686156830173,0.0737099390013909,0.07138263928542374,0.020697192037810275,0.9974531329071255,0.9949127523462397
1302,0.027580850611335465,-1.913068453724487,-1.9438079334453515,33.67317273182202,2.933693010957583,0.0639563459231573,0.060691353933446206,0.021842207809651494,0.9981582885998628,0.9963199691006069
1303,0.02989021825558602,-1.9413069100063105,-1.9432228588275977,5.4347164499986,3.5187676287113945,0.06984886281084453,0.06444765307119216,0.026464684959394465,0.9979232695335398,0.99585085187651
1304,0.0250845195688343,-1.9572518407441775,-1.9456311805694984,-10.510214287868358,1.1104458868107514,0.04492560006835931,0.03852508967436081,0.02300014482563098,0.9992579345476352,0.998516419756406
1305,0.021823996939733872,-1.920950072445742,-1.9452447993888649,25.791554010567097,1.4968270674442508,0.05075449975632507,0.04803966172854975,0.017140000328179625,0.9988462099550657,0.9976937511415992
1306,0.02767379062719072,-1.915780147825395,-1.944537410298113,30.96147863091403,2.204216158196104,0.06349826822483892,0.061129086857599484,0.019125089914821397,0.9981320860482139,0.996267661198959
1307,0.022178319806254333,-1.9476159966040576,-1.9449666108030328,-0.8743701477484933,1.7750156532763128,0.05270229172431769,0.048336217237688335,0.021762258160632174,0.998831942022054,0.997665248403548
1308,0.02146677744931232,-1.945475315585145,-1.9441500247047097,1.2663108711641335,2.5916017515994483,0.06498842063084113,0.05638557630159755,0.031612296377359274,0.9984104335142555,0.9968233937501236
1309,0.026456456558257242,-1.9339509299100166,-1.9441083633104845,12.790696546292502,2.6332631458245714,0.05925989243077812,0.05670999273108104,0.01684583637727727,0.9983922762421491,0.9967871372599798
1310,0.026790603359144877,-1.9264637827439712,-1.9441381107802325,20.277843712337873,2.60351567607664,0.06536112128454337,0.06272963974086866,0.019146760770427967,0.9980332625220154,0.9960703931003381
1311,0.028768213324624738,-1.8988598157067924,-1.9438757257282109,47.881810749516696,2.865900728098225,0.07806972422061519,0.07204023038643136,0.032132448972961886,0.9974051654832052,0.99481706413258
1312,0.026855182837442974,-1.9672570178662079,-1.9455386969290591,-20.515391409898776,1.2029295272499851,0.05071654789479698,0.04133382976565721,0.029355820755856882,0.9991458362729432,0.998292402141559
1313,0.02704303181658459,-1.9170114910172573,-1.9455766211804277,29.730135439051786,1.16500527588137,0.048714412994456266,0.04414251180418461,0.021171410510402874,0.9990257362967137,0.9980524217831909
1314,0.024983974722977757,-1.9362216727882278,-1.9451459736279124,10.519953668081339,1.5956528283966875,0.05218886113299195,0.047536655722247786,0.02222053424200242,0.9988701670465235,0.9977416106155499
1315,0.019336486493903734,-1.9407938048692783,-1.9456588651242785,5.947821587030777,1.0827613320305574,0.04258327298334088,0.041689688944459465,0.008892367527829669,0.9991310211459782,0.998262797416205
1316,0.02643457814887389,-1.950754545290642,-1.9465713073787805,-4.012918834332968,0.17031907752862452,0.016339251817585557,0.015228124081436888,0.005961629559105418,0.9998840527020901,0.9997681188479561
1317,0.023582926599537916,-1.970859099816755,-1.9460416795034197,-24.117473360445896,0.6999469528894409,0.04083059654300605,0.03501300539158516,0.02052656265062406,0.9993870552613459,0.9987744862239444
1318,0.028921007250552425,-1.9298542680308406,-1.9438160919464134,16.887358425468513,2.925534509895744,0.06425486060360942,0.05983083738742178,0.02445912197933519,0.9982101893039022,0.9964235820301321
1319,0.0253463869742009,-1.9317225984662325,-1.9448285245355053,15.019027990076594,1.9131019208038502,0.050650784880580724,0.04696141691165923,0.019486943019622057,0.9988973984716965,0.9977960126735231
1320,0.02707052972029604,-1.93361253931423,-1.9445825559284937,13.129087142079054,2.1590705278153877,0.05260899322050617,0.04958859173847803,0.017750212963511154,0.9987706066131457,0.997542724634391
1321,0.03065783385358506,-1.9082421092713184,-1.943641210256377,38.49951718499067,3.1004161999321767,0.07391145874704985,0.0698236448195806,0.025591313428583465,0.997562922814274,0.9951317849737571
1322,0.029157833853553205,-1.9137242301058632,-1.9432659551506488,33.01739635044587,3.4756713056602884,0.0661294910869135,0.06360956878566816,0.02036051016674182,0.9979770420110026,0.9959581763810303
1323,0.027180158032972513,-1.9368524687735913,-1.9452165107524142,9.889157682717808,1.5251157038949081,0.05221391970086029,0.048580716479055826,0.01959825931683735,0.9988202141370064,0.9976418201686953
1324,0.02844244584907641,-1.9599169479255363,-1.9447916430736762,-13.175321469227175,1.9499833826328583,0.050127939587997654,0.04770222860116231,0.014813641829408458,0.9988622562748091,0.9977258070104024
1325,0.027305324730969423,-1.9289418176456519,-1.9444911586792137,17.799808810657236,2.2504677770953663,0.06203257662370107,0.060995586169106435,0.0125040898209346,0.998140216365984,0.9962838915271335
1326,0.028241646033972726,-1.9162390188748468,-1.9446537527610086,30.502607581462282,2.0878736953005017,0.06129835630096331,0.05350313015708086,0.030908786910035704,0.9985687358931358,0.9971395203032152
1327,0.01986723049440919,-1.953874600841721,-1.9457046475100725,-7.132974385411828,1.0369789462365553,0.04181863140558227,0.03732691987680832,0.01880154703741161,0.9993034399082525,0.9986073650124665
1328,0.029851273720748556,-1.908834242241286,-1.9439477805047878,37.90738421502304,2.793845951521323,0.06699553830610108,0.06172325311850562,0.027658545767990036,0.9980952381423929,0.99619410440252
1329,0.02357203001466237,-1.9068291638310144,-1.9443732910113034,39.91246262529469,2.368335445005698,0.06003087469461717,0.055158714489802765,0.02491581598101891,0.9984787587921751,0.9969598317591625
1330,0.023574064881221476,-1.9309837539925556,-1.9446166601859185,15.757872463753486,2.1249662703906047,0.05113315603267687,0.05011184836247963,0.01156737559907172,0.9987445321958395,0.9974906405910863
1331,0.024213221427752285,-1.9515437548528232,-1.9454845446110822,-4.80212839651406,1.2570818452268817,0.04197206658553583,0.03870083485505266,0.01604433626704447,0.9992511379056749,0.9985028366057861
1332,0.027391478390814544,-1.9134224187518176,-1.9427186543422297,33.31920770449148,4.022972114079426,0.07469939689288736,0.07175022201820627,0.023917217109229037,0.9974259779143628,0.994858581418423
1333,0.027930556722086056,-1.914683361366061,-1.9454364416570737,32.05826509024811,1.3051847992353593,0.05069277040419842,0.046039536950767096,0.02223244730680811,0.9989403034498676,0.9978817298565136
1334,0.01994651349574646,-1.9332202979598103,-1.9462226983428497,13.521328496498786,0.5189281134594381,0.034394453911718005,0.029624164314828828,0.017576859787800492,0.9995612144874765,0.9991226215076789
1335,0.02807364711878735,-1.9361554897300095,-1.9446798595459318,10.5861367262996,2.061766910377294,0.06507165532367751,0.055328147672159086,0.03449168837560731,0.9984699161470217,0.9969421734506406
1336,0.028052207332464364,-1.927089767965551,-1.9440979377085845,19.651858490758123,2.643688747724582,0.06168419241822089,0.05581315684966195,0.026513522851556334,0.9984424585615347,0.9968873430584019
1337,0.02418817916493112,-1.920102542065308,-1.9432851794993689,26.639084391001155,3.456446956940251,0.07392856576672972,0.07254141873396386,0.01674581553702293,0.9973701479621999,0.9947472120461406
1338,0.027759082840921042,-1.9172007207529516,-1.9418950265595034,29.540905703357545,4.846599896805692,0.08032120259819775,0.074014480455239,0.03209474745577535,0.9972627495300064,0.9945329916001482
1339,0.020611195922697743,-1.9440843759272608,-1.9455840169963057,2.657250529048305,1.1576094600034281,0.03842963274348242,0.03818159344827622,0.004246567702274408,0.999271083045122,0.9985426974101711
1340,0.025837304133314594,-1.9286476156383812,-1.9432122670044343,18.09401081792794,3.529359451874825,0.07387521416874437,0.06499953917240395,0.036370700161668566,0.9978881005823088,0.9957806612837681
1341,0.032934510207405704,-1.9093143782433006,-1.9420289998566493,37.42724821300847,4.712626599659764,0.08544956607266987,0.08361717162237321,0.021576571205824076,0.9965043381224072,0.9930208958967769
1342,0.01932364447047937,-1.920345475264886,-1.945186535358857,26.396151191423023,1.5550910974519994,0.048882726330384305,0.042421663870870964,0.0248011992905585,0.9991003384540282,0.9982014862989538
1343,0.03286919741946656,-1.924935202903357,-1.9434934445364,21.806423552952037,3.2481819199090545,0.06484541153987174,0.062475371408664146,0.01932169231718588,0.9980490046326188,0.9961018156481611
1344,0.019089226063844507,-1.9545692144941158,-1.944465815726817,-7.827588037806699,2.2758107294920116,0.05703152115995183,0.05577094350256442,0.010257551462215582,0.9984448017689339,0.9968920221794058
1345,0.03163555288222045,-1.9208712926084723,-1.9431966547209492,25.87033384783677,3.5449717353599475,0.07105325872940176,0.0656922238765213,0.028796688043071946,0.9978423495409338,0.9956893545373711
1346,0.019035494302137433,-1.93714316025396,-1.9455311365982217,9.598466202349165,1.2104898580873602,0.04051735621387635,0.03735930962808302,0.015882054306669564,0.9993021598884634,0.998604806757748
1347,0.029468017949379116,-1.945214469695608,-1.943375787905494,1.5271567607011427,3.36583855081507,0.07247378424715882,0.06512751670586393,0.030817827101371084,0.9978792732516383,0.9957630439852178
1348,0.02634917299914777,-1.9025915449956614,-1.9456897518361507,44.1500814606477,1.0518746201584328,0.04644218975219721,0.0362961619903009,0.02913149412577387,0.9993413090465612,0.9986830519668944
1349,0.02312156303364495,-1.9200628278287921,-1.9460821847034502,26.678798627516986,0.6594417528589247,0.03413417336851954,0.028599123576411555,0.01875880865753472,0.9995910498320808,0.9991822669044015
1350,0.020377551385449708,-1.939771136345496,-1.9438533112371814,6.970490110813188,2.8883152191276906,0.05710670648969619,0.05673529976947558,0.006691805455181724,0.9983909661802078,0.9967845213502489
1351,0.02971591722774368,-1.9395562266810715,-1.9429934724924192,7.185399775237578,3.748153963889944,0.07403387720290071,0.06641708512629999,0.03192090934246705,0.997795425418063,0.9955957109852133
1352,0.028676131507999456,-1.9442606666134348,-1.9409929098451773,2.4809598428743307,5.748716611131854,0.08624855894935494,0.08180363306006154,0.026664822632074675,0.9966567002669461,0.9933245781869972
1353,0.030403610377487508,-1.9845947816468155,-1.9462674447062132,-37.85315519050636,0.47418175009594776,0.04269490764381281,0.02476443783001418,0.03530567422171681,0.9996933616292155,0.9993868172855215
1354,0.029094840459909014,-1.9295492473566787,-1.9425566903242142,17.19237909963045,4.1849361320949185,0.07491405736545063,0.07348131792437292,0.016695339986055976,0.9973002498274822,0.9946077883059584
1355,0.025987977076428585,-1.9331389835610915,-1.9457813657610015,13.60264289521762,0.9602606953076354,0.038695604207285135,0.03470565886214168,0.017308350419667377,0.9993977692078605,0.998795901097648
1356,0.02827778305730809,-1.9191292704899492,-1.944362252221991,27.612355966359914,2.37937423431811,0.06826709877237282,0.06639353989003201,0.018128889879140325,0.9977969530733748,0.9955987595625105
1357,0.025954048361842782,-1.9507362135859665,-1.9459316113804144,-3.99458712965739,0.8100150758947322,0.03985010308592335,0.03464657103834974,0.019862836435161988,0.9993998279245739,0.998800016055668
1358,0.02132603180626371,-1.9501731270188694,-1.945855554686377,-3.4315005625602524,0.8860717699321619,0.03771825071010594,0.03586939865595053,0.011311979667591383,0.9993567804483281,0.9987139746280479
1359,0.026759082840902837,-1.9230617842080375,-1.944239803348429,23.679842248271576,2.5018231078801634,0.06365256136431863,0.05316393434103256,0.034972235534063284,0.9985872948358653,0.9971765854076113
1360,0.030991536970852225,-1.9119749640789496,-1.9448680425357814,34.76666237735948,1.8735839205277216,0.05757670281081239,0.04843395304708666,0.03180620477202521,0.9988270760991078,0.9976555279486929
1361,0.03509278595819709,-1.9142189680183999,-1.9427799854747756,32.52265843790924,3.9616409815335096,0.08122205774393924,0.07418278918160037,0.03278598684270463,0.9972487615002005,0.9945050923136838
1362,0.02758885210810386,-1.9151315552287709,-1.945381305661735,31.610071227538228,1.3603207945740436,0.04488742754234329,0.039871942711840164,0.021126579591831663,0.9992051142999181,0.9984108604431123
1363,0.019848908106588445,-1.9493000581263222,-1.9456603467052898,-2.558431670013128,1.0812797510193484,0.043483377092049344,0.037200044132924506,0.022232676677584315,0.9993080986993685,0.9986166761261469
1364,0.022938045368319733,-1.9325870375203402,-1.9457145514389131,14.154588935968881,1.027075017395962,0.03680289494754906,0.03478728913977797,0.012621215244579155,0.9993949558904114,0.9987902778591973
1365,0.028500330185775538,-1.9433596299292988,-1.945240515619601,3.3819965270103225,1.5011108367080084,0.050480806130367796,0.04372201026379773,0.02544119449338025,0.999044193719491,0.998089301004628
1366,0.02116578913040746,-1.9284956597781304,-1.9451865861077409,18.245966678178682,1.5550403485682374,0.04953840981370492,0.0470474242869289,0.016110671432314635,0.9988933095473576,0.9977878438584731
1367,0.02597135672117013,-1.9393763740283336,-1.9423631108046415,7.365252427975477,4.3785156516675805,0.08044160543819621,0.07173568394790579,0.03667820195974716,0.9974271079751438,0.9948608357236591
1368,0.01935480888172705,-1.9471557905941246,-1.94564952581433,-0.4141641378154759,1.0921006419790658,0.03623419712826349,0.03538592814166595,0.007786879991370119,0.9993740113578002,0.9987484145773806
1369,0.02045526615090025,-1.9418791398954982,-1.945604233958626,4.862486560810897,1.1373924976831873,0.03749579408344462,0.03744361934152869,0.00265715618660247,0.9992991004948563,0.9985986922498289
1370,0.022804593207718105,-1.930684132691394,-1.945647096942191,16.057493764915165,1.0945295141180367,0.04619276828841192,0.041545817016744056,0.02059930634754482,0.9991370049073257,0.9982747545751814
1371,0.022308527057843367,-1.9330940115064192,-1.946015470078635,13.647614949889864,0.7261563776741475,0.03892634511439896,0.029871839847480038,0.02521699641115095,0.9995538382199679,0.9991078755002698
1372,0.0299074351644202,-1.9542757101585575,-1.943570940173373,-7.534083702248395,3.1706862829361526,0.07003632967288254,0.061692469950084455,0.033534065325426916,0.9980975483648395,0.9961987160519032
1373,0.019886241823278486,-1.9091834101649832,-1.946322723128554,37.55821629132594,0.41890332775507133,0.04088717514918434,0.025343105311299942,0.031712794929649415,0.9996788702991357,0.9993578437225562
1374,0.029614864880188996,-1.9375828024304604,-1.9425868557277568,9.158824025848666,4.154770728552304,0.07300965188852614,0.07179819964850669,0.01614727708469759,0.9974225974555051,0.9948518379148865
1375,0.020275816132229937,-1.9368165067900451,-1.9461685090469165,9.92511966626397,0.5731174093925873,0.036379209597119364,0.0288718026589397,0.021753308300118412,0.9995832161718777,0.9991666060525148
1376,0.02621322142776039,-1.932790407533078,-1.9460400729584764,13.951218923231146,0.7015534978327409,0.040003488463588775,0.03659572725274554,0.016425830823736127,0.9993304821038318,0.9986614124618769
1377,0.03382249664533063,-1.9274223262886603,-1.9417123425557705,19.319300167648823,5.029283900538584,0.08439565184042717,0.08089886032133413,0.02491235549381064,0.9967299500646878,0.993470593355955
1378,0.023442113015004012,-1.9220635795365693,-1.9445920667437322,24.67804691973985,2.1495597125769095,0.054410886631565805,0.050979691589422775,0.020398266691069544,0.9987005447388777,0.997402778061731
1379,0.02309448799066138,-1.9339166984406793,-1.9448069363509888,12.824928015629844,1.9346901053203247,0.057009758151688,0.04927743453089482,0.028863352928064342,0.9987860317668016,0.9975735372524744
1380,0.025090420343970226,-1.9527775187221124,-1.945365798201818,-6.035892265803255,1.3758282544911182,0.046667184893828886,0.043272082874883724,0.017205647241530897,0.999063978423697,0.9981288329837853
1381,0.029704534627697055,-1.9375700930177804,-1.9441018112482682,9.171533438528723,2.6398152080409076,0.06068107952300935,0.06024129594155544,0.008675297934365061,0.9981855134790689,0.9963743193194725
1382,0.03158885210810844,-1.9237125017883157,-1.94456655426193,23.02912466799345,2.1750721943791795,0.059598931384042965,0.0509688476521048,0.03147468618191453,0.9987013750725764,0.997404436571855
1383,0.028940478924023478,-1.9320184057971923,-1.9459600628964295,14.723220659116798,0.7815635598795723,0.040126873293646996,0.03610860564522026,0.01816052965224307,0.9993480942199743,0.9986966134210946
1384,0.031300525561069485,-1.9626288999527042,-1.943544399329897,-15.887273496395071,3.1972271264120167,0.06762514121522739,0.06457948799302025,0.018773977155893136,0.9979147560332136,0.9958338603088281
1385,0.026215587041935065,-1.9144995307425992,-1.9447148891820027,32.24209571370995,2.026737274306356,0.05508687636172318,0.04959303097340887,0.024488054883963304,0.9987706365924751,0.997542784519338
1386,0.02691616818442964,-1.9315126948005783,-1.945406447965386,15.228931655730804,1.3351784909230169,0.05491044426280267,0.03999226662985505,0.03749142390267406,0.9992003984643395,0.9984014362912949
1387,0.030467289074440698,-1.934157312559096,-1.9425161602366219,12.58431389721304,4.225466219687224,0.08201836221799452,0.07328625338756121,0.03861589930326626,0.9973147286720073,0.9946366680261196
1388,0.020115503728484863,-1.9777022100175408,-1.9457966138480687,-30.960583561231658,0.9450126082404253,0.045561757833924556,0.039341691066466615,0.022731928102340915,0.9992261171175932,0.9984528331299022
1389,0.02946925599951615,-1.956852551092646,-1.944804257674347,-10.110924636336893,1.9373687819621566,0.05507908897687644,0.047675578067301196,0.027491354572847067,0.9988636295093525,0.997728550356597
1390,0.029212536124489638,-1.9046066501163128,-1.943768485224563,42.1349763399963,2.9731412317461903,0.07085612794314694,0.0659125394530186,0.02835941145810328,0.9978280513219222,0.9956608200049046
1391,0.02987472423886499,-1.933506582649598,-1.941826225720045,13.235043806711033,4.915400736264175,0.08354014772162766,0.08015823818202274,0.027148538860314382,0.9967874402068756,0.9935852009541756
1392,0.020930226536378518,-1.92435753683501,-1.9448414408714167,22.384089621299008,1.9001855848923555,0.05015658633645109,0.04698914032713786,0.018030152779441398,0.9988960619455998,0.9977933425704275
1393,0.0339281231664243,-1.926240959672848,-1.9456939708711747,20.500666783461075,1.0476555851344216,0.04136192944555259,0.03519395455733822,0.02202386715020767,0.9993806998599944,0.9987617832526523
1394,0.023667028406003713,-1.9358528807748996,-1.9431478060744898,10.888745681409517,3.5938203818193237,0.07238023308214549,0.06608142925622582,0.028785499096767444,0.9978174633973504,0.9956396902607227
1395,0.02156016260931432,-1.9429904341517659,-1.9445100279307568,3.7511923045432383,2.231598525552325,0.05002683620392887,0.049898857060218224,0.003860161039386796,0.998755322258397,0.9975121937394745
1396,0.021007892433640964,-1.9236924051899222,-1.9445765084014648,23.049221266386866,2.165118054844317,0.05747577196850313,0.049771509425423584,0.02926888284509677,0.9987617058083575,0.9975249449892202
1397,0.023979576890579245,-1.9502727633968628,-1.9446763025458542,-3.5311369405537363,2.065323910454886,0.051868936936944963,0.04901236186884657,0.016770103853286027,0.9987989006018586,0.9975992438434814
1398,0.025735278628211795,-1.9106699512600216,-1.9432476472645657,36.071675196287515,3.493979191743435,0.07468074758964124,0.07008734029011832,0.028384069303924685,0.9975440501326556,0.995094131955062
1399,0.03819651349572842,-1.9282682386259793,-1.9406690222431722,18.473387830329813,6.072604213136934,0.101564359902634,0.09774279211414623,0.028740140435460693,0.9952264127922262,0.9904756127192826
1400,0.02263555288220674,-1.9460012054217708,-1.9447963328089777,0.7404210345383078,1.9452936473314253,0.05445340473446609,0.05197224565038575,0.01566206973072211,0.9986494433411773,0.9973007106856434
1401,0.030249268476776364,-1.934185242903381,-1.9425237660281505,12.556383552928096,4.217860428158637,0.07490196916840693,0.0708109627958547,0.02638497982280824,0.9974932182892309,0.9949927205330072
1402,0.025344840459899497,-1.9398413573565632,-1.9423237606920603,6.900269099745948,4.417865764248852,0.07289229092216168,0.06992977764568392,0.021318134393046726,0.9975561281650988,0.9951182288397429
1403,0.028588852108078166,-1.9055680057291011,-1.9450984777911378,41.17362072720798,1.6431486651713456,0.056632578594559106,0.04689520701125113,0.03238567606211113,0.9989004508616774,0.9978021107316625
1404,0.02221965468868425,-1.9079957885130117,-1.945704881309055,38.745837943297445,1.036745147254159,0.043761299229434183,0.0358926691568679,0.025303691277163417,0.9993558917490816,0.998712198373602
1405,0.030456367756143396,-1.9384250197039454,-1.9454250791355527,8.316606752363676,1.3165473207563672,0.04697612166161584,0.0442020331635166,0.01608645894067424,0.9990231005889597,0.9980471555103787
1406,0.021036225825418343,-1.9470421342753725,-1.9452373168620427,-0.3005078190634336,1.5043095942663953,0.05016050710332397,0.045464196399348525,0.0204038813709549,0.9989665785820253,0.9979342251238777
1407,0.029088852108090126,-1.8943549383091278,-1.9439103486527338,52.38668814718128,2.831277803575283,0.0679186681825067,0.05852032010330609,0.03578366881693379,0.9982877414448884,0.9965784147191363
1408,0.028846454915714505,-1.9271914166206205,-1.9443627183586039,19.55020983568856,2.3789080977052457,0.0616499622841156,0.05756055927288783,0.02385469253627052,0.9983434227046639,0.9966895896576633
1409,0.023918554059685623,-1.9354664968529927,-1.9462019269120885,11.275129603316447,0.5396995442206176,0.032569911641058776,0.026719685864232363,0.018839615919651834,0.9996430310192095,0.9992861894652723
1410,0.023855207570863558,-1.9255111136082472,-1.9450427219455582,21.230512848061878,1.6989045107509426,0.048228515342571644,0.04397306394430503,0.019949116446599798,0.9990334099892039,0.9980677542746567
1411,0.016821347359680848,-1.9064359983275307,-1.9464113148964632,40.30562812877836,0.3303115598458639,0.03317039692633901,0.01923456463137632,0.02681335402835683,0.9998150196315612,0.9996300734808591
1412,0.023911369014521552,-1.939697837124126,-1.9442908624710158,7.043789332183081,2.450763985293314,0.058018993566560456,0.05735215223282741,0.010070316876841552,0.9983555250677676,0.9967137544333379
1413,0.027947239920728034,-1.950288799679566,-1.9436356120946907,-3.5471732232568165,3.106014361618392,0.06802103161479976,0.06393970947095812,0.022221055735495564,0.9979560782889866,0.9959163341939339
1414,0.024182523647154685,-1.9332670976948279,-1.9452020885752368,13.474528761481253,1.539537881072306,0.06012800729859176,0.05294512435749274,0.028258692184883513,0.9985984344204877,0.997198833227049
1415,0.021335670042315253,-1.9501941246256924,-1.9461625577925294,-3.452498169383311,0.5790686637796583,0.028357147239502375,0.026837862816291292,0.009066803309325754,0.9996398762842744,0.9992798822576394
1416,0.028098908106589063,-1.945773283762074,-1.9449087857551113,0.9683426942350692,1.8328407011978243,0.050924976590482826,0.0461657434792961,0.02183060338149177,0.998934362641879,0.9978698608667369
1417,0.02431449514854849,-1.9308354953068918,-1.9440344719268337,15.906131149417302,2.707154529475453,0.06126715555242948,0.060413374672231256,0.01155237015724474,0.9981756732387532,0.9963546746456382
1418,0.02366689460938197,-1.956771796102746,-1.9463944203964665,-10.030169646436882,0.34720605984261965,0.028211282527845376,0.026910509265459605,0.00825008522683244,0.9996379360679687,0.9992760032262282
1419,0.026340087509907587,-1.9223538232883064,-1.9438184904741773,24.38780316800271,2.923135982131786,0.06492209763054342,0.063207052082372,0.017101237915718253,0.9980024345793432,0.9960088594262962
1420,0.02738358595718834,-1.930657291126311,-1.9456871857260547,16.0843353299982,1.0544407302544023,0.04072903121089308,0.038372264988156615,0.014157898608197425,0.9992638264768179,0.998528194905092
1421,0.024348820529909016,-1.9139487610412396,-1.9440908110450763,32.79286541506954,2.6508154112327986,0.06291345035289268,0.055431225895456605,0.030358850081154232,0.9984637461167695,0.9969298523095327
1422,0.029665789130421172,-1.9256652012068247,-1.9432548250757635,21.076425249484387,3.486801380545579,0.07170257472071297,0.07011882045214939,0.016623988841430317,0.9975416990383168,0.9950894413202518
1423,0.018032932048170053,-1.9273452559325588,-1.9446645036347843,19.396370523750317,2.077122821524835,0.05114912417337233,0.04921306025699936,0.015110414355668782,0.998789115323495,0.9975796968886899
1424,0.03073594164803962,-1.9249030348981602,-1.9449810359718736,21.838591558148934,1.7605904844355535,0.05085796440137607,0.045766904846733104,0.023093431322564376,0.9989527209292122,0.9979065386518764
1425,0.031190478923989774,-1.9609049429904604,-1.9456768748158468,-14.16331653415126,1.0647516404622692,0.04141829426639002,0.03768311816169004,0.01741200730099779,0.9992899930233919,0.9985804901566907
1426,0.030202900536712866,-1.9444716084955036,-1.9453351410874535,2.2700179608055038,1.40648536885557,0.045459958659534075,0.04094159690531799,0.019523211979589866,0.9991618928221423,0.9983244880679262
1427,0.03521125450272923,-1.9267063120484418,-1.9432153319901724,20.03531440786732,3.5262944661367257,0.0716547663559888,0.06973434074102011,0.017696123473800663,0.9975697185569166,0.9951453433817257
1428,0.020039428152253055,-1.9541172059676606,-1.9459951092007362,-7.375579511351482,0.7465172555729538,0.03460828592538653,0.02949370156449983,0.018095003958275388,0.9995651029892811,0.9991303951139722
1429,0.019290603359118835,-1.912882690220396,-1.9463174877642013,33.858936235913184,0.4241386921077783,0.03367024081069204,0.02540231138722957,0.022195181774430188,0.999677369696479,0.9993548434832707
1430,0.02653660100566889,-1.927328054736522,-1.944152767307356,19.413571719787193,2.5888591489531265,0.0635725216384204,0.058339681192326444,0.02704274499750347,0.9982982412834404,0.9965993785496101
1431,0.028911767703665305,-1.917903545205106,-1.9414720225805382,28.83808125120302,5.269603875770912,0.0806020357821117,0.07872028692931357,0.020666437096171116,0.9969016362786306,0.9938128724150112
1432,0.026618711153585804,-1.9405823565747167,-1.9450653907327629,6.159269881592433,1.6762357235462488,0.05790651677446295,0.05394891207299239,0.021522232324970365,0.9985448939136528,0.9970919051610281
1433,0.025426156241388193,-1.8978967864601557,-1.9447607445809247,48.84483999615341,1.980881875384366,0.06483643915745735,0.054697923893242476,0.0359902153091642,0.9985040769486052,0.9970103916829861
1434,0.028096807384966397,-1.935529098069506,-1.9420390804485261,11.2125283868032,4.702546007782971,0.07450514175568705,0.07360970651436195,0.013148580617313775,0.9972922581913988,0.9945918482484996
1435,0.02368252364717352,-1.9366076783330912,-1.94654838379872,10.133948123217884,0.19324265758902115,0.027589655706509744,0.018250957078182615,0.020494774510835697,0.9998334519529165,0.999666931644085
1436,0.024430286731307475,-1.9478283667082337,-1.9456658399890798,-1.0867402519245672,1.0757864672292783,0.0409382838230041,0.03575594751721807,0.02043760275203529,0.9993607749108311,0.9987219584303768
1437,0.02572162161374089,-1.9163965065701383,-1.9430147421139796,30.345119886170835,3.726884342329484,0.07411321087488934,0.0670112944017843,0.03120313946143883,0.9977556998376799,0.9955164365585784
1438,0.025981191346329625,-1.9513326215076183,-1.9463199651046492,-4.590995051309221,0.4216613516598855,0.02952302557325644,0.027103670084900788,0.011629659453311621,0.9996326960334175,0.9992655269790389
1439,0.02862549688373114,-1.919477099247265,-1.9461946554431193,27.264527209044154,0.5469710131897898,0.03382992517807989,0.026355164214474217,0.021260063528832612,0.9996527071796132,0.9993055349715295
1440,0.031153766206881678,-1.9003331007967128,-1.9417993360850858,46.4085256595963,4.94229037122329,0.0811599712216386,0.07731858320909818,0.027386821780739683,0.9970109914135276,0.9940309169993852
1441,0.028596807384969114,-1.9254655891863457,-1.9432157691810505,21.27603726996341,3.5258572752585593,0.0654902838114463,0.06342105505493419,0.018540190290285585,0.9979892945162052,0.995982631968953
1442,0.02617058830033831,-1.9300238734074597,-1.946431284052675,16.71775304884937,0.3103424036341451,0.024158417872394797,0.019809853958075774,0.013922649756781194,0.999803784931939,0.9996076083642309
1443,0.03359402136001872,-1.9300407319882906,-1.9438025448622709,16.70089446801848,2.9390815940382176,0.06461138345107675,0.06129883058909889,0.022479661118442157,0.9981212289176309,0.9962459876160418
1444,0.03208009945296283,-1.943411789984183,-1.9433355018254146,3.3298364721261464,3.4061246308945137,0.07296021538551123,0.0625902848346972,0.0372516018984419,0.9980414746572042,0.9960867851359267
1445,0.01805341800085492,-1.95301579869818,-1.9453428596035447,-6.274172241870879,1.3987668527644104,0.04362657650531442,0.04090502084292045,0.015049940506526933,0.9991635460322992,0.9983277917198384
1446,0.01621925599949033,-1.9623898563123754,-1.9464024394915242,-15.648229856066287,0.33918696478485444,0.026113998612307978,0.022201194590124564,0.013745773095755575,0.9997535662107105,0.9995071931510335
1447,0.03192891753291634,-1.9678927761357812,-1.9437704131729696,-21.15114967947207,2.971213283339491,0.06707107396696786,0.06322778910481142,0.021394156982690433,0.9980015166057462,0.9960070271473696
1448,0.035170121669688956,-1.90446717080101,-1.941204676682603,42.27445565529919,5.536949773706112,0.08496067388677488,0.08093644813818276,0.02840776291790675,0.9967246860289901,0.9934600997395889
1449,0.02699986620345593,-1.9610423507534887,-1.9445659614693656,-14.300724297179546,2.1756649869435485,0.05340157424191967,0.05183678473522872,0.01158753304202402,0.9986565976672795,0.9973150000643867
1450,0.02540396284672914,-1.9521863687214174,-1.9430126464729673,-5.444742265108271,3.7289799833417625,0.0680558099221873,0.06450597587285677,0.02158550750503677,0.9979200060319268,0.9958443384387607
1451,0.030524247896382473,-1.9124194851254541,-1.9447793861306752,34.32214133085498,1.9622403256338572,0.0575302328014255,0.053787061516415706,0.021803531801063716,0.9985537270577708,0.997109545820965
1452,0.023501106703500994,-1.9520224126423036,-1.9447929932222092,-5.280786185994479,1.9486332340998835,0.05560695318110817,0.04812838894959804,0.028844381952990387,0.9988418907991122,0.9976851228151457
1453,0.02468817916493174,-1.9369850776286153,-1.9426928183557368,9.756548827693834,4.048808100572288,0.0730252577212276,0.07225869661802116,0.011746051506783031,0.9973899049331995,0.9947866224626567
1454,0.021836486493888075,-1.9487161581788512,-1.9463099593688706,-1.9745317225421388,0.4316670874384698,0.02445092761024447,0.022162894092676775,0.010311236298330102,0.9997544162282764,0.9995088927679417
1455,0.032068076529384724,-1.9364718176866778,-1.9437071844985858,10.26980876963135,3.0344419577232884,0.07091917676191903,0.06634150841203233,0.024455866499676536,0.9977998626074167,0.9956045658193796
1456,0.02825196692504618,-1.9501893167897617,-1.944197217765529,-3.447690333452602,2.544408690780209,0.05818053543195385,0.054203680767003916,0.021181294271125178,0.9985310453951606,0.9970642486179523
1457,0.030804174257488236,-1.9350239706486734,-1.945340807231372,11.71765580763573,1.4008192249370666,0.05432451133601418,0.04065790389983871,0.035664713569577455,0.9991735414234315,0.9983477658806418
1458,0.023293719569871876,-1.932247497584305,-1.9461196120726851,14.494128872004186,0.62201438362397,0.028847228726021783,0.026904526397975956,0.010636947964524336,0.9996380898965974,0.9992763107721178
1459,0.02946322142780881,-1.941522850581969,-1.9447572514330111,5.218775874340054,1.9843750232979573,0.04935549263390089,0.048652872095377366,0.00807200162599086,0.9988165052972141,0.9976344112541398
1460,0.017418154744638713,-1.9218716857221152,-1.9451100722873098,24.869940734193907,1.631554168999294,0.04597745111246663,0.042493349937379125,0.01814917336960552,0.9990972915195466,0.998195397921694
1461,0.022938910688137207,-1.9432463418642933,-1.9442873739265056,3.495284592015757,2.454252529803469,0.06286759148079048,0.05826870180598562,0.023740352108804125,0.9983030440308248,0.996608967721211
1462,0.018855182837493024,-1.9534308222331187,-1.9457626077927241,-6.689195776809598,0.9790186635849629,0.037897517473137576,0.035422132079679876,0.01302438690495643,0.9993726532651684,0.9987457000942626
1463,0.019697239920736017,-1.9694884724496122,-1.945604907643007,-22.746845993303122,1.1367188133020178,0.048517452214718135,0.04268635368019223,0.022913111972187424,0.999089055609854,0.9981789410393899
1464,0.025203299225860447,-1.9315652700418748,-1.9437018347212212,15.176356414434267,3.039791735087949,0.0654564351903088,0.06015386651043734,0.025990619827160676,0.998190802757627,0.9963848787099157
1465,0.023174189316315617,-1.9206643065580262,-1.9450097928078292,26.07731989828288,1.7318336484799524,0.053943399842751885,0.0453298153227173,0.02950381192320745,0.9989726290872847,0.9979463136655616
1466,0.030063056236887993,-1.949102560655897,-1.9461853318312714,-2.3609341995878275,0.556294625037701,0.03134897282772458,0.029074042507876558,0.011846305204577497,0.9995773579073473,0.999154894441033
1467,0.03093362525241107,-1.9264423471283834,-1.943949084980509,20.299279327925746,2.7925414758001033,0.06230722590398001,0.059199676129053976,0.021394381271726423,0.9982478218757371,0.9964987138796534
1468,0.029586019863248457,-1.9321692603977605,-1.9417319886212068,14.572366058548614,5.009637835102332,0.08076622700974444,0.07924040453809456,0.01810444768558268,0.9968605660122337,0.993730988070231
1469,0.02069644555422146,-1.922577825933552,-1.9460251978033616,24.16380052275713,0.7164286529475206,0.03989496416723245,0.03315736361843286,0.022145786715535687,0.9994502947306294,0.998900891637142
1470,0.022352841956676806,-1.9236643195715024,-1.9460420613841591,23.077306884806692,0.6995650721499658,0.03823450297362282,0.0327715063769336,0.02011070806809147,0.9994630316251417,0.9989263515853191
1471,0.02573119134633234,-1.928396244004886,-1.9456856281470205,18.34538245142303,1.0559983092885972,0.04431230274133616,0.04123884643045264,0.016709566219683798,0.9991498292450739,0.9983003812804603
1472,0.023934157738146805,-1.8977841402403575,-1.9430031388137523,48.95748621595164,3.738487642556798,0.07514791345019015,0.06634599715386394,0.03718982949678579,0.9977992636673615,0.9956033705751288
1473,0.034721621613721734,-1.9051648463043585,-1.9422031404345736,41.57678015195066,4.538486021735455,0.08021734775117134,0.07548510049299059,0.02996902776200786,0.9971510248025238,0.9943101662647235
1474,0.02353942815227875,-1.933097195842368,-1.9446000311314509,13.64443061394116,2.1415953248582476,0.05472627009058444,0.04983631765712945,0.023471643428827023,0.9987583193969163,0.9975181805645527
1475,0.03526142759457475,-1.9256623396825103,-1.9395283066508349,21.079286773798778,7.213319805474239,0.09207930605736013,0.09089187194583116,0.01879608475853409,0.9958700132848803,0.9917570833600278
1476,0.021611195922682246,-1.9544736099697546,-1.9462812724937597,-7.731983513445506,0.460353962549398,0.030052708292451904,0.025746610881078227,0.015529196960886347,0.9996685687784067,0.9993372474034681
1477,0.027960435402828734,-1.9255779799073702,-1.9438867346640414,21.163646548938875,2.854891792267722,0.06669741834169497,0.06335788550071335,0.02322511326129541,0.9979929103007942,0.995989849010649
1478,0.03242615624138819,-1.896589702989828,-1.944741221303681,50.15192346648112,2.0004051526281152,0.06353422129744997,0.05053872759399207,0.03913599197988981,0.9987229343876161,0.9974474996718105
1479,0.02315816668766456,-1.927680874009979,-1.9449888421595471,19.06075244633021,1.7527842967619556,0.05056309800199028,0.046446047606487344,0.019982410746704204,0.9989214895508235,0.9978441422864359
1480,0.02436088722343685,-1.9416232567081038,-1.9451269478232904,5.1183697482053425,1.6146786330186735,0.05550152131182894,0.04660032446767792,0.02940862434728969,0.9989142072608098,0.9978295934674921
1481,0.030213620116937855,-1.9244555761450302,-1.9399017157869143,22.28605031127895,6.839910669394822,0.09017466627035943,0.08869831883430998,0.018132863790642634,0.9960670845823413,0.992149636988365
1482,0.020770180249749803,-1.9207220149074706,-1.9459957847925755,26.019611548838473,0.745841663733593,0.033893289039664154,0.02968839682176977,0.01665053423317096,0.9995593008305398,0.9991187958768375
1483,0.025891541234051567,-1.9512588697323643,-1.9441925744671413,-4.517243276055183,2.549051989167772,0.0633127201028416,0.06096173274496481,0.017247665298526605,0.9981419089314317,0.9962872703652825
1484,0.02065918096684273,-1.9558581326386208,-1.946208025748512,-9.116506182311745,0.5336007077971772,0.029274411200071526,0.028453548967297508,0.0065102408557595,0.9995952006273062,0.9991905651171445
1485,0.022089953713333305,-1.9428606536018271,-1.9447006724362506,3.8809728544819677,2.0409540200585496,0.05731166056604893,0.049214443270821466,0.029643183773845887,0.9987893043161409,0.9975800744163207
1486,0.026592054434979556,-1.9273311002540907,-1.94260546460963,19.410526202218392,4.136161846679087,0.0785991288946385,0.0769837782300378,0.01745724326032033,0.997037953275787,0.9940846802723705
1487,0.022624765360520487,-1.9306459610038502,-1.9444255932715107,16.095665452458885,2.3160331847984494,0.059826191070124,0.05682267421658773,0.019186642860333843,0.998385717105535,0.9967740401203334
1488,0.030428123166446545,-1.9012890360359556,-1.9447007515881467,45.452590420353545,2.040874868162401,0.0623077013594036,0.05552079779783232,0.029724925756845884,0.998458746754211,0.9969198689699896
1489,0.03206414267929082,-1.9211282980917594,-1.9447231599349568,25.61332836454966,2.018466521352291,0.05896191911284414,0.04954945465669461,0.031717376124925596,0.998772651698649,0.997546809781151
1490,0.02688751980726797,-1.9342599486134133,-1.9451832538801297,12.481677842895778,1.558372576179412,0.04523248428820019,0.041685943810491934,0.01805477853644288,0.9991312767141274,0.9982633081084021
1491,0.02254371956987458,-1.9242494218181017,-1.9457190441252032,22.492204638207447,1.022582331105859,0.043846323731078614,0.03833668506759908,0.021868780355794835,0.9992651802307595,0.9985309004216123
1492,0.016168906528933078,-1.957702981210837,-1.9463001597033502,-10.961354754527974,0.4414667529588634,0.027555911645376234,0.026349283170169154,0.007775758033786715,0.9996528707870538,0.999305862072798
1493,0.020294537209267702,-1.9188367487286369,-1.9457894491514975,27.90487772767225,0.9521773048115634,0.04215930142650783,0.03661881107843393,0.021291292498343,0.9993295455278952,0.9986595405649896
1494,0.02533009945292484,-1.9519719104528634,-1.9459444580685428,-5.230283996554341,0.7971683877663338,0.03716393182419851,0.030546400496999523,0.02115727236673011,0.9995334637023989,0.9990671450609149
1495,0.03750196692500882,-1.9237434067145467,-1.9439682735167023,22.998219741762416,2.773352939606788,0.07218631736850029,0.06929383480485578,0.022185640062887545,0.9976002591017792,0.995206276959937
1496,0.02450068265500416,-1.940479758004593,-1.9438366716088848,6.261868451716168,2.904954847424257,0.06260393964101556,0.060298575475570784,0.016910630510125847,0.9981825975469946,0.9963684980456653
1497,0.020698480420799418,-1.935463042594532,-1.9463276929715814,11.278583861777047,0.4139334847277354,0.030613036822329607,0.027732869902476278,0.013270751071435242,0.9996154452520714,0.9992310383864969
1498,0.030469255999486813,-1.9356537613670468,-1.945922938775425,11.087865089262294,0.8186876808840005,0.036106347936201384,0.03369769294219533,0.013520724656984905,0.9994322351054559,0.9988647925678872
1499,0.026410595145141498,-1.9490266897467932,-1.9414445396163782,-2.2850632904840573,5.297086839930909,0.08341415643336236,0.08128163732546397,0.01728587706771055,0.9966973477042832,0.9934056029207528
1500,0.026469984874395492,-1.9301746935374695,-1.9440318449125458,16.566932918839594,2.7097815437633344,0.0608355552406139,0.0567099892013939,0.02198600266078393,0.9983919911203427,0.9967865679332425
1501,0.025461254502725787,-1.9437771467786058,-1.9446168411877005,2.9644796777033022,2.1247852686085977,0.05320030918313337,0.052898004059774,0.005646741892454416,0.9986010303998495,0.9972040179156412
1502,0.03485284195666519,-1.9410695316580038,-1.943835805405685,5.672094798305327,2.905821050624091,0.06296431733854817,0.0590930887791589,0.022117845600329197,0.9982541690896686,0.9965113861049046
1503,0.02597071129940068,-1.9503617748692956,-1.9424358516364364,-3.6201484129865236,4.30577481987271,0.07442026551416281,0.07166237862186171,0.018306752524683324,0.9974334609842399,0.9948735090909993
1504,0.029369109842772027,-1.9273801804072785,-1.944308908285327,19.36144604903056,2.4327181709820067,0.06333178774581594,0.05417601610784954,0.032814622319935365,0.9985326483111395,0.9970674497432579
1505,0.022208468477826926,-1.9356269447707788,-1.944231404056355,11.114681685530314,2.5102223999540207,0.056173590648182274,0.05565605986066681,0.00888839912470174,0.9984512631145068,0.9969049248149542
1506,0.02270526615093758,-1.931721614875751,-1.9439938127072065,15.020011580558101,2.747813749102601,0.06009997835880651,0.05664166048732679,0.020276177696992106,0.9983962673981317,0.9967951067545217
1507,0.03503823774497344,-1.9248761927185567,-1.9420786523670832,21.865433737752404,4.662974089225891,0.08107785988225175,0.08045890823539599,0.013513114232107958,0.9967647981242334,0.9935400627796437
1508,0.030152949755288344,-1.9008738384881274,-1.9455585436324296,45.867787968181695,1.1830828238794666,0.05857570793442927,0.04811240932626324,0.03330514351042488,0.9988426612767421,0.9976866619864047
1509,0.027127551385444655,-1.9581145594401257,-1.9447577849865854,-11.372932983816586,1.983841469723746,0.04857570162037903,0.047391929774960914,0.009684810271760606,0.9988771138915834,0.9977554886563793
1510,0.02663190928405424,-1.9550086471256225,-1.9443837800436474,-8.267020669313396,2.3578464126616794,0.0610038628800066,0.05997937779673948,0.010155554009998576,0.9982019076350213,0.9964070484061955
1511,0.01857651807205009,-1.9422256073994835,-1.9461908753908836,4.5160190568256375,0.5507510654254588,0.028893498146448406,0.025246725509826,0.013951654561377293,0.9996813080071357,0.9993627175788578
1512,0.03416578913043772,-1.927651934860198,-1.9424734649425053,19.08969159611118,4.268161513803825,0.07933201154021415,0.07889255320241613,0.012251976738469577,0.9968885793605488,0.9937868396594931
1513,0.029554858100287955,-1.9058024478436402,-1.9455464923654728,40.93917861266894,1.1951340908362695,0.04808547533172098,0.03980408198798097,0.027414729945779075,0.9992078196794852,0.9984162669086307
1514,0.017544093525596063,-1.947478596191776,-1.9457835308335143,-0.7369697354668858,0.9580956227948079,0.042098429901180616,0.041729161387162254,0.005370618772543801,0.9991294930577441,0.9982597438978248
1515,0.023211807249544164,-1.9490085198600713,-1.945568999987685,-2.2668934037621824,1.1726264686240384,0.04794125221547319,0.046938855669380705,0.009972708258041037,0.9988985671498289,0.9977983474539813
1516,0.03061723049438536,-1.9281934819195128,-1.9448710424702964,18.54814453679632,1.8705839860126972,0.052448104412316364,0.0487131670677951,0.019987621800754505,0.998813514757609,0.9976284372624485
1517,0.021731320044666394,-1.9500900737791798,-1.9460717268529109,-3.3484473228706513,0.6698996033982496,0.03195401286914675,0.02789116899187644,0.015573594575434396,0.9996110592962671,0.9992222698674054
1518,0.03268090919133167,-1.9194588955485925,-1.9433797333733487,27.2827309077166,3.361893082960421,0.08023990787553253,0.07647588207655358,0.026192383644869057,0.9970761525011351,0.9941608538864669
1519,0.018964835883633475,-1.950008215274334,-1.9445447896936325,-3.266588818024996,2.1968367626765684,0.05622860048423484,0.05329572955060238,0.01753245342215392,0.9985798960648504,0.9971618088248875
1520,0.019971621613670134,-1.9433282340701863,-1.9460471574809823,3.4133923861228155,0.6944689753267674,0.03757844082416997,0.03045073339183915,0.02195150644033337,0.9995363991421845,0.9990730132101244
1521,0.01884763012262472,-1.922407429402688,-1.9460616046823234,24.334197053621054,0.6800217739857395,0.03864173554146255,0.03333702542477255,0.019648059929672425,0.9994443857920223,0.9988890802911927
1522,0.022661767703657836,-1.9226482312722653,-1.9420955347739934,24.093395184043853,4.646091682315667,0.07485949146993257,0.07266165837613502,0.020379184159332733,0.997361445434897,0.994729852839987
1523,0.030078484997126027,-1.9282705406717635,-1.9446812060434142,18.471085784545593,2.060420412894892,0.060834407366794345,0.05976096176898011,0.012794156087839455,0.9982143496001693,0.996431887747689
1524,0.023335337208223485,-1.9247362796801049,-1.945337282798364,22.00534677620425,1.404343657945173,0.044225140411780176,0.04232861715974571,0.013650352559549458,0.9991042079391569,0.99820921832173
1525,0.033607174495916506,-1.9102374455206392,-1.9439631670908322,36.50418093566987,2.7784593654769374,0.06555516182025242,0.0605719558242184,0.026602564467547093,0.9981655244028814,0.9963344141064793
1526,0.028413472384428932,-1.9378698945917823,-1.9454700857295693,8.871731864526833,1.2715407267398504,0.05079788112995655,0.050378548022246755,0.007361069691288106,0.9987310656625253,0.9974637415194035
1527,0.027952433906066575,-1.918591680416409,-1.9432271969412243,28.149946039900176,3.5144295150848492,0.07250169601339924,0.07060928084573172,0.018315454703610203,0.9975078635104934,0.995021937765269
1528,0.0360254383037058,-1.933848669566044,-1.9424626128359164,12.89295689026515,4.279013620392735,0.07299697187010507,0.07099652830544696,0.01710303043323021,0.9974803485248103,0.994967045693177
1529,0.02005226871517969,-1.9444887821795607,-1.9459983146609725,2.2528442767484336,0.7433117953365986,0.037549012231456104,0.032147896817685394,0.01946146454535215,0.9994832563864485,0.9989667797968592
1530,0.018038237744972797,-1.9350938778024276,-1.944557657409215,11.647748653881518,2.1839690470941697,0.05654600594356609,0.05573196813758875,0.010473885573176741,0.9984472797005711,0.9968969703414705
1531,0.027038237744976937,-1.9233423645156165,-1.9431714924382433,23.39926194069264,3.570134018065829,0.07314868329933298,0.07236050494419057,0.013244673419907382,0.997382099432931,0.994771052269241
1532,0.02562313126953172,-1.9476343424267795,-1.9466386511331992,-0.8927159704703591,0.10297532310987734,0.012229416779920616,0.0118823877268341,0.002867514254541679,0.9999294048702244,0.9998588147241212
1533,0.023542570284198296,-1.9270305697521672,-1.9459757407332534,19.71105670414186,0.7658857230556926,0.03661993341313096,0.032929953744984156,0.016219769357176436,0.999457848399965,0.9989159907282874
1534,0.019538237744930867,-1.9382905885534416,-1.9450573585234128,8.451037902867498,1.6842679328963328,0.051713504048247205,0.05049376625817835,0.011690775006388572,0.99872547815661,0.9974525807191492
1535,0.026330498142053852,-1.9195261233096248,-1.9436406411375262,27.215503146684306,3.1009853187828895,0.0658115587808909,0.06010405510395403,0.027880271254957366,0.9981937647036406,0.9963907918932271
1536,0.03288469266067424,-1.9114092300809602,-1.9423894539027502,35.33239637534891,4.352172553558908,0.08041246561901289,0.07329747860699282,0.03582385257408815,0.99731379412501,0.9946348039520228
1537,0.019643911946483628,-1.9320727146096208,-1.9458425600968414,14.668911846688282,0.8990663594676818,0.036825333705954776,0.035272682829245935,0.011041963593491829,0.9993779863294263,0.998756359559859
1538,0.018785008036387718,-1.9443926291275397,-1.9462398120056006,2.3489973287693644,0.5018144507085154,0.02890967132628028,0.024111525850248672,0.015957372653416364,0.9997093171611827,0.9994187188188782
1539,0.03382446357036538,-1.9291262893449213,-1.9438714183457215,17.615337111387852,2.87020811058758,0.06971099332869157,0.06472360142715175,0.027063390257874166,0.9979057832595241,0.9958159522628042
1540,0.022942113015019472,-1.9385219451188431,-1.9451551142061,8.219681337465978,1.5865122502090045,0.049034507975804734,0.04723277694475105,0.01445224138325958,0.9988845347927549,0.9977703138481383
1541,0.02143214459318806,-1.9280219064200608,-1.9446683453713016,18.719720036248333,2.0732810850074834,0.055977210508091374,0.054876224499910524,0.012888857523070051,0.9984943275709149,0.9969909221912936
1542,0.026684485474023294,-1.9448701986648744,-1.942830668402985,1.8714277914346766,3.9109580533240873,0.07159237167597132,0.07021296747506679,0.013057300955787146,0.9975351363198762,0.9950763481927141
1543,0.029586486493910862,-1.936137864279872,-1.9450593751169671,10.603762176437215,1.682251339341967,0.051833184075137,0.051328257552949404,0.009115561488465828,0.9986827308949902,0.9973671969878753
1544,0.026564142679326212,-1.9249595328418259,-1.9452960792072391,21.782093614483244,1.4455472490699783,0.04816226135131451,0.04301510739155397,0.022238071746444172,0.9990748636456454,0.9981505831685649
1545,0.02458567004231005,-1.958456747193767,-1.9461008099031674,-11.715120737457951,0.6408165531417431,0.03565631664434683,0.02822565739933551,0.022006351355915388,0.9996016641299919,0.999203486931449
1546,0.027575963864776468,-1.902194281211454,-1.9438898760871204,44.54734524485504,2.8517503691887214,0.06751026590179747,0.06139104158655428,0.029950027449903896,0.9981157288078585,0.9962350080936425
1547,0.01956007503264238,-1.9028257964321151,-1.945868216882107,43.915830024193966,0.8734095742020109,0.04237728153417896,0.03124427724967487,0.028678827281637554,0.9995119351603463,0.9990241085279803
1548,0.02714625282729786,-1.9291690760743452,-1.9433664960547732,17.572550381963925,3.3751304015359196,0.07620976735394637,0.07096908896637531,0.0274595609943058,0.9974819174124575,0.9949701755648327
1549,0.029103240645839683,-1.910502787786027,-1.94488132251353,36.23883867028211,1.8603039427791401,0.05448649824188083,0.04580345683388994,0.029923473895923227,0.9989511077643614,0.9979033157036447
1550,0.022099172999159387,-1.9192900866480078,-1.945671884010405,27.451539808301284,1.069742445904076,0.0412189730277123,0.03680294867645064,0.01884522814932196,0.9993227719164823,0.9986460024708418
1551,0.031788502637518076,-1.9077588680632596,-1.9428222192976239,38.982758393049544,3.9194071586852175,0.07839607479381885,0.07276757274132416,0.03011691064833839,0.9973524638652826,0.9947119371781499
1552,0.028958468477782412,-1.915995216599452,-1.9447148932733003,30.74640985685706,2.026733183008833,0.062094807640634686,0.055234744322323996,0.02973102080319473,0.9984746586740814,0.9969516440143232
1553,0.02686919741945515,-1.9528122936020849,-1.9447927797919926,-6.070667145775754,1.9488466643164948,0.05126261867126025,0.04880367821527101,0.015070945225831096,0.9988093865332989,0.9976201906270248
1554,0.036588852108101144,-1.9082986455745472,-1.9387940289132588,38.4429808817619,7.9475975430503,0.10029449941377816,0.0946698388733653,0.03740979645761253,0.9955212482672924,0.991062555751668
1555,0.039219255999478786,-1.9522843158461642,-1.9448062691501493,-5.542689389855138,1.9353573061597906,0.05690129201262114,0.05298857081009953,0.02090274376726655,0.9985964037724586,0.9971947776272873
1556,0.02688148523554561,-1.9405807686710437,-1.9456786552360275,6.160857785265428,1.06297122028165,0.04171187826408354,0.035644900452578426,0.02130373033062519,0.9993647342683915,0.9987298720993326
1557,0.028828132527894387,-1.954069023928272,-1.9435501965228006,-7.327397471962982,3.191429933508516,0.06965433880881818,0.06110052307000289,0.03295166286016538,0.9981335054078629,0.9962704946177884
1558,0.023410262311027656,-1.9279906917529972,-1.945990152023765,18.750934703311906,0.7514744325440859,0.03232848906291726,0.030107392161393572,0.012130432236734141,0.9995468226571619,0.9990938506840278
1559,0.024440146089968792,-1.932978174815691,-1.9434662503339692,13.763451640618207,3.275376122339857,0.06781527557554222,0.06192472249929393,0.02865861305524045,0.9980827869510973,0.9961692496080695
1560,0.02508688518308185,-1.9245450998580498,-1.9454600151441148,22.196526598259325,1.2816113121942863,0.042747299664643724,0.04054902681132554,0.014402823238865338,0.9991779426049243,0.9983565609882095
1561,0.026930556722120105,-1.9203080570998503,-1.9441469560774804,26.433569356458797,2.5946703788286563,0.06102348822725139,0.05696344754545914,0.023115785780500765,0.9983775980033016,0.9967578281948422
1562,0.01731241591342298,-1.9470979002853805,-1.9454087990698665,-0.3562738290714407,1.332827386442581,0.042373619919350916,0.04231157177449184,0.001550888535646584,0.9991048728135857,0.9982105468798513
1563,0.02685087503164221,-1.940022982324322,-1.9447606845438707,6.718644131987084,1.980941912438361,0.05378146643321144,0.0524843986807938,0.012027075205551898,0.9986230048768202,0.9972479058692096
1564,0.02325556794105852,-1.9258588048865575,-1.9458188488306936,20.88282156975163,0.9227776256155451,0.04129149426650638,0.038151660662635166,0.016207994138695843,0.9992723508006242,0.9985452310746057
1565,0.016116831805258414,-1.9601617113764565,-1.9459739731508037,-13.420084920147346,0.7676533055054335,0.04076725517408305,0.036790789587186234,0.017311230292789682,0.9993232460659565,0.9986469501278001
1566,0.023368007012138252,-1.928418179229925,-1.9452984501446504,18.323447226384015,1.4431763116586893,0.0502403201549979,0.04878936754376672,0.013081787760088422,0.9988100537986566,0.9976215235692754
1567,0.024944546570753814,-1.9320790826901677,-1.944761677809123,14.6625437661414,1.9799486471860916,0.053440490678429535,0.04897248665658436,0.02168152661253354,0.9988009327679087,0.9976033032980445
1568,0.020182144593176927,-1.9313140301971858,-1.9452486575006096,15.427596259123266,1.492968955699503,0.04854107978933618,0.047532475053582296,0.010819987754151992,0.998870337815872,0.9977419517683942
1569,0.02209680738495381,-1.9391575221045778,-1.945181178375101,7.584104351731291,1.5604480812081434,0.045173798454109224,0.044618237330338935,0.007317688706142057,0.9990046103174564,0.9980102114355328
1570,0.026278181746467306,-1.9192581192147056,-1.9461102785720652,27.483507241603533,0.6313478842439046,0.040440729369408575,0.035148235942274814,0.02048876487248559,0.9993823288219781,0.9987650391616403
1571,0.023907833853595774,-1.90529905857973,-1.9438780264229851,41.442567876579076,2.8636000333239764,0.06565218084497897,0.05908854450625878,0.030132129529789272,0.9982542720070994,0.9965115915804239
1572,0.035336885183066546,-1.9243306167485856,-1.943799379285412,22.411009707723473,2.942247170897083,0.061626165614678985,0.05945463004545441,0.01698178301150973,0.9982326054844644,0.9964683346523022
1573,0.019690146089957717,-1.9332392950411592,-1.945273669884925,13.502331415149893,1.4679565713842102,0.044647840097860624,0.0422213103986152,0.015308204564872972,0.9991087129376892,0.9982182202680059
1574,0.031058527057814006,-1.92564610665528,-1.9439995065316038,21.095519801029194,2.7421199247052996,0.07528044559657407,0.07300555972697424,0.020674187390318427,0.9973351149813059,0.9946773315747747
1575,0.02244923157919545,-1.933366016105022,-1.9463808185017515,13.375610351287204,0.36080795455761816,0.02816059079450882,0.02305097419971126,0.01606783729224315,0.9997343386793951,0.9994687479347275
1576,0.024568981745488307,-1.9259875675684535,-1.9422266272181001,20.754058887855642,4.514999238208972,0.075857465918673,0.07104807902994015,0.028294047859046212,0.9974771325227996,0.9949606299059066
1577,0.01654060335918953,-1.9372231249883016,-1.9456109859768664,9.518501468007479,1.1306404794426683,0.038988040252975,0.036214634150951594,0.01462779081064524,0.9993442501581292,0.9986889303241135
1578,0.022086885183047376,-1.9127760603174833,-1.945973736323367,33.96556613882584,0.7678901329422061,0.03873817346671767,0.030219802535590486,0.024246298810333862,0.999543422812868,0.9990870540884639
1579,0.03010129398186099,-1.9315646586377644,-1.9446015508561014,15.176967818544718,2.1400756002076804,0.06452666585366891,0.06324303510589514,0.01381274737335055,0.9980008549066942,0.9960057063944925
1580,0.025019915357163112,-1.947374030877129,-1.9453762419413436,-0.6324044208199098,1.3653845149654842,0.05015693240108042,0.040929995872576244,0.029772326042820443,0.9991624077684409,0.9983255170976282
1581,0.025495072131782585,-1.9428288346456049,-1.9445308004181665,3.9127918107042525,2.2108260381425993,0.056246412441574294,0.052326358687812234,0.021464089574216753,0.9986310396525372,0.9972639533575073
1582,0.021566462073612215,-1.9180713460704053,-1.946308035027806,28.6702803859038,0.4335914285031883,0.03259622083568469,0.025955961286064113,0.019849131114484594,0.9996631440777559,0.9993264016274241
1583,0.03433688518303928,-1.9223994600288357,-1.945966919517425,24.342166427473444,0.774706938884151,0.037102036693501136,0.032891056691647165,0.017463464096507297,0.9994591198618901,0.998918532275104
1584,0.0251825236471735,-1.9172366943985308,-1.9452333380862716,29.504932057778266,1.5082883700374694,0.053718332284985904,0.04854869347867932,0.023311124104169696,0.9988216368691238,0.9976446622779159
1585,0.025241134408862206,-1.9508901806336378,-1.9444908917443493,-4.148554177328734,2.250734711959801,0.06687841410135581,0.0538895222240888,0.039008552382778804,0.9985480436370527,0.9970981954513853
1586,0.027603240645794218,-1.9279390029189287,-1.9434744522759864,18.80262353738038,3.2671741803227405,0.07466501615156344,0.06289204495541867,0.04014114664530647,0.9980231937845778,0.996050295331969
1587,0.02581122550611064,-1.9358897858327448,-1.946517973651386,10.851840623564257,0.22365280492309125,0.01930533088641822,0.01674400390492881,0.009594968368890011,0.9998598200588619,0.9997196597681396
1588,0.027824064881210565,-1.9578063346101888,-1.9446236604948204,-11.064708153879721,2.1179659614887214,0.0520058237480524,0.049101768891083974,0.016723400977372963,0.9987945403425015,0.9975905338179888
1589,0.025391478390780674,-1.913817072542116,-1.9450590744046063,32.92455391419313,1.682552051702757,0.05494483706621744,0.05004759961097783,0.023801803508347853,0.9987476597816193,0.9974968879192612
1590,0.027430644298819418,-1.9586426476884153,-1.9451833047993132,-11.901021232106235,1.5583216569958758,0.04397226848434241,0.04253208080068859,0.01036489261883591,0.9990955160269371,0.9981918501451318
1591,0.028805742493394716,-1.9415856416749773,-1.9438278903532609,5.155984781331835,2.9137361030482367,0.06672255502961373,0.05953114132560745,0.03045502579624589,0.9982283222594522,0.9964597833609208
1592,0.02723304920823346,-1.9108089937214607,-1.9452997582717966,35.93263273484837,1.4418681845125292,0.058493375534955976,0.052732642801234644,0.02657568690081219,0.9986098562023167,0.9972216449044116
1593,0.0210215044535908,-1.9260295453730303,-1.945295031071845,20.71208108327882,1.4465953844640111,0.04817243146488708,0.046446893273140395,0.013776763199314907,0.998921563757368,0.9978442905394653
1594,0.02292096225608583,-1.9470994130999768,-1.945261205483053,-0.3577866436677013,1.4804209732561802,0.05350887400524997,0.04620396635228286,0.02632112843800585,0.9989326238761269,0.9978663870440436
1595,0.01184442004916631,-1.923669791970226,-1.9465940610069208,23.071834486083187,0.1475654493883205,0.021753745468201132,0.014613467213193034,0.016052051893761136,0.999893223685704,0.9997864587725893
1596,0.028381485235545616,-1.9399537709546972,-1.94488473436568,6.7878555016118725,1.8568920906290032,0.048249555429478896,0.04581064811290144,0.015220511456583817,0.9989507750358585,0.9979026509447424
1597,0.0383001730918006,-1.9114552386578751,-1.9441654603648522,35.286387798433964,2.576166091456944,0.06631993341378378,0.06040294734864937,0.029349018075567702,0.998175805315378,0.9963549383170034
1598,0.020073647118780735,-1.9391282631049276,-1.9454210096452689,7.613363351381519,1.3206168110402317,0.04454719785913378,0.042119310495061804,0.014062382017282861,0.9991130077245028,0.9982268022043025
1599,0.03393804536832721,-1.9497416955766151,-1.9451626061066556,-3.000069120306037,1.579020349653515,0.04745778005087844,0.044657323717508704,0.016428053749607697,0.9990028755747687,0.9980067454066569
1600,0.02995683438677101,-1.9418796617878555,-1.944916315000308,4.861964668453567,1.8253114560011774,0.05065114175611975,0.045278395931651644,0.023332997155316317,0.998975059090977,0.9979511686858209
1601,0.025465234572711014,-1.9205849992229036,-1.946211585241288,26.156627233405505,0.5300412150210931,0.03328102571489686,0.024461655465283175,0.02245679589790133,0.9997008191237428,0.9994017277566822
1602,0.035853240645844255,-1.9207510103882395,-1.9435677789171353,25.990616068069627,3.173847539173824,0.06537487009269445,0.060335249185236,0.025583411935275538,0.9981799754405073,0.9963632633704117
1603,0.026659800778614257,-1.913942941920819,-1.9440549099545634,32.798684535490175,2.6867165017456784,0.06999654458397342,0.058716045072122386,0.039199994059310746,0.9982763940758907,0.9965557589691632
1604,0.023918154744620168,-1.9115061367771424,-1.9442696326593223,35.235489679166676,2.4719937969868155,0.06179038101347915,0.0564086791866102,0.025799877330134686,0.9984091148801952,0.9968207606758549
1605,0.025980305765479595,-1.9409801217240708,-1.9441072814779143,5.761504732238354,2.634344978394765,0.05876461154424896,0.05670891245371382,0.014988503527704146,0.9983920565225064,0.9967866985272397
1606,0.019056560132747636,-1.924518336917125,-1.946240625298749,22.223289539184066,0.5010011575601325,0.034674486373216934,0.031111334254335585,0.015540209940666771,0.9995160732055858,0.9990323805963139
1607,0.019682876116436075,-1.93645825816376,-1.946030552649898,10.283368292549167,0.7110738064111111,0.03338075820752273,0.03084286160254641,0.01295793471198248,0.9995244083812109,0.9990490429498097
1608,0.026748715729953902,-1.9545319995747767,-1.941378019151818,-7.790373118467642,5.363607304491147,0.08530720665553988,0.08233985610593277,0.02047427948060684,0.9966104560256905,0.9932324010597349
1609,0.022139819566431157,-1.9566271455273359,-1.9447527795398603,-9.88551907102675,1.9888469164488498,0.053293580877929084,0.04858781464731334,0.021251328499649103,0.9988198929894981,0.9976411786315525
1610,0.028930644298799622,-1.95390664397128,-1.946102347109674,-7.165017514970895,0.6392793466352131,0.031934325918583105,0.03138784126289787,0.00542871303809654,0.9995074555176277,0.9990151536353225
1611,0.021947264654119246,-1.9257971248402959,-1.9454036183075265,20.944501616013245,1.338008148782599,0.047914438147374734,0.04580476519464379,0.014808834592904302,0.9989510686299072,0.9979032375168336
1612,0.025213620116871206,-1.9342457952332632,-1.9462537560213902,12.495831223045872,0.48787043491893556,0.032991915161729085,0.02889684056667262,0.01589819166603544,0.999582497968627,0.9991651702452001
1613,0.023255925508585438,-1.9167504641819748,-1.944742738508354,29.991162274334293,1.998887947955108,0.05452991778687354,0.04994708022268186,0.0232243193926108,0.9987526787743309,0.9975069133589018
1614,0.028346807384950292,-1.933202335160226,-1.9449511519454556,13.539291296083,1.790474510853457,0.052136021270936216,0.04584327863884398,0.025323565709630975,0.9989493716776511,0.9978998471751739
1615,0.025928963752830794,-1.9307262054772798,-1.9446292430784162,16.015420979029305,2.112383377892879,0.06174864758656022,0.0526325276924516,0.03157408975726772,0.9986149573658963,0.9972318330748909
1616,0.024680158032942247,-1.9475898691246003,-1.9454860914927952,-0.8482426682911992,1.255534963513938,0.04233494446358106,0.040361133259154615,0.012526447341525084,0.9991855244199437,0.9983717122103579
1617,0.022107174495932618,-1.917618087132787,-1.9449251555746174,29.123539323522074,1.8164708816916786,0.052640153815755625,0.04821116198453403,0.022006935503381647,0.998837844613976,0.9976770398330932
1618,0.0210030736285321,-1.9408449577417273,-1.946002647029008,5.896668714581832,0.7389794273011674,0.03648389898504519,0.03460787355865467,0.01159065144847346,0.9994011625438047,0.9988026836939085
1619,0.026352375326018983,-1.9355519323844217,-1.944134633293692,11.189694071887413,2.606993162617144,0.058028931430717585,0.05647438408462121,0.014385336987710773,0.9984053369961969,0.9968132169424896
1620,0.021806560132800495,-1.941339899546161,-1.9461365794225027,5.401726910148064,0.6050470338063718,0.035897138812370846,0.02963994454864135,0.02052229594855316,0.9995607544578472,0.9991217018523407
1621,0.02019887910994145,-1.9092127727767314,-1.9462293395484587,37.5288536795777,0.5122869078504344,0.03890258334012359,0.024482640412503878,0.029740297728839203,0.9997003203476972,0.9994007305032884
1622,0.02492622418288254,-1.9232535495141445,-1.9457308618441862,23.488076942164593,1.0107646121229052,0.0452319609395071,0.03979724126170546,0.02210214975969529,0.9992081545748243,0.9984169361688259
1623,0.03275985935863563,-1.9120052765766216,-1.9458606714039652,34.736349879687545,0.8809550523438681,0.045013195028842164,0.03798747683780558,0.024702399438111262,0.9992784847533557,0.9985574900909625
1624,0.029556958821960577,-1.8913460983642458,-1.945440534104632,55.39552809206327,1.301092351677191,0.054635809587979235,0.04030171928283337,0.03701907826040515,0.9991878857132414,0.9983764309560975
1625,0.025647974494911685,-1.9301385462135345,-1.944328096730821,16.60308024277457,2.4135297254881394,0.05461519816970741,0.05195169238726155,0.017673618566948834,0.9986506670907848,0.9973031548808694
1626,0.03677837838634678,-1.9594768832152936,-1.942108829186975,-12.735256758984459,4.632797269334077,0.08767134638076228,0.08168230988593186,0.030198437939734632,0.9966665376686081,0.9933441873083311
1627,0.022103240645776005,-1.9239961762145226,-1.9444814387551481,22.745450241786536,2.260187701160987,0.05796265092498985,0.05053367115958541,0.028677185200085463,0.9987232445665366,0.9974481192375101
1628,0.026344840459909015,-1.9443764028009387,-1.9440661608510486,2.3652236553703965,2.675465605260552,0.060886816743846744,0.05801056162233526,0.018426108270603425,0.9983174369397255,0.9966377048979028
1629,0.026965322149379287,-1.9374387164882372,-1.9458406038185079,9.302909968071926,0.9010226378012298,0.04381382692470506,0.041800391597434775,0.01376991713845799,0.999126377038068,0.9982535172932155
1630,0.022449561764952237,-1.9340200183227239,-1.9454402222139089,12.72160813358525,1.301404242400217,0.04433487313135548,0.04012864841759929,0.018530299734488883,0.9991949469342334,0.9983905419789054
1631,0.016880207251571147,-1.925951574162111,-1.9458945190413217,20.79005229419817,0.8471074149873914,0.0367577201737282,0.03238212284653645,0.01767594925315184,0.9994757122693854,0.9989516994163952
1632,0.0252101705102655,-1.933362134447133,-1.9450863614486005,13.379492009176097,1.6552650077086284,0.052632289816041344,0.04935028549308837,0.01955003130432273,0.9987822747104225,0.9975660322757258
1633,0.02631931457952942,-1.953949445959285,-1.9462215657792845,-7.207819502975887,0.5200606770245919,0.02947897170051676,0.02842084026172616,0.0075626832705065015,0.9995961635048408,0.9991924900935965
1634,0.02322162161368896,-1.9306943685596198,-1.9458327549207979,16.04725789668926,0.9088715355112242,0.03408389937176167,0.03239562654933021,0.011005699216769402,0.9994752652608798,0.9989508058683061
1635,0.02316616818441353,-1.9365686834530196,-1.9451911926401653,10.172943003289525,1.550433816143837,0.06067903807984777,0.04544385632526074,0.04009103436243575,0.9989676534810249,0.997936372701385
1636,0.025070948670498253,-1.9393172069864348,-1.9441521896410496,7.424419469874266,2.5894368152594716,0.05878228465014165,0.05535123718188476,0.020724084786788582,0.9984683040323957,0.9969389541573286
1637,0.0318065601328005,-1.9404087898734008,-1.941343623580204,6.3328365829082855,5.398002876105146,0.09676320394857914,0.08791299573284081,0.04248483296718952,0.9961383213209729,0.9922915552041659
1638,0.02858206637798669,-1.9342344823039836,-1.9457752311277818,12.507144152325456,0.9663953285272697,0.04081568610553799,0.0366749742077667,0.01848149469063588,0.9993274783857016,0.9986554090567249
1639,0.022902639868248968,-1.942599560682585,-1.944547044559205,4.142065773724113,2.1945818971040865,0.05463315371632932,0.05427207592025805,0.006046708443442624,0.9985274468300143,0.9970570620728669
1640,0.021518213324661466,-1.9208374324172646,-1.9443633139455254,25.904194039044537,2.3783125107836867,0.054630331768640905,0.05159653338619384,0.018977453260382342,0.9986692309130611,0.9973402327724851
1641,0.019205266150876824,-1.9458946803812471,-1.9459967483963176,0.8469460750619717,0.7448780599914606,0.035687240781137906,0.03399748287269169,0.010480882787246468,0.9994220855903845,0.9988445051658338
1642,0.0178895114657643,-1.9276204616204253,-1.9453655259048854,19.121164835883775,1.3761005514236757,0.04327359433825091,0.04155009841845113,0.013039330926086671,0.9991367991515305,0.9982743434187659
1643,0.02454020467000073,-1.9354491594688048,-1.9461650548825558,11.292466987504302,0.5765715737533483,0.03163996125257835,0.02979211296483384,0.011163997760659015,0.9995562152346296,0.9991126274141771
1644,0.014984327192222566,-1.9569652621169833,-1.9464330703626922,-10.22363566067419,0.3085560936169074,0.02165773815362447,0.0191758548756752,0.009957848914298758,0.9998161476542418,0.9996323291101685
1645,0.027350875031634095,-1.9342677638092904,-1.9434456470577952,12.473862647018663,3.295979398513893,0.07028641843891176,0.062320832725518346,0.033961474088295966,0.998058165758131,0.9961201022364848
1646,0.029954400831089616,-1.9566444176427573,-1.9451686194153595,-9.902791186448212,1.5730070409496477,0.04561197900465874,0.04384002817576362,0.012129228592536238,0.9990390289374882,0.9980789813403593
1647,0.02370928757765933,-1.9369744769862376,-1.944563703855961,9.767149470071512,2.1779226003482144,0.05209376866395687,0.051244700439538104,0.009488484705157089,0.9986869905503784,0.9973757050945715
1648,0.020348421840749108,-1.9356888775711079,-1.9462377128913049,11.052748885201247,0.5039135650042326,0.032610134980147365,0.02816770040904663,0.016225362214755054,0.9996032903663632,0.9992067381112598
1649,0.015117230494420732,-1.9526115554959869,-1.9460865613116798,-5.869929039677757,0.6550651446293188,0.032006541592506405,0.031404423410116504,0.005900408820581917,0.9995069060940859,0.9990140553297718
1650,0.04269014608998488,-1.9220650942487214,-1.9374675072341152,24.676532207587698,9.2741192221939,0.11438193208215205,0.113002606028624,0.020826371671513126,0.993621018256212,0.9872827279205115
1651,0.026850875031646782,-1.9414256547940576,-1.943692350854511,5.315971662251506,3.0492756017981293,0.0625217880775036,0.061161693432033176,0.013226220132751439,0.9981296892327943,0.9962628765279545
1652,0.022969255999453098,-1.944503818486296,-1.9457817162608,2.2378079700131615,0.9599101955091172,0.03952967829987712,0.03761770019854188,0.012307101730301952,0.9992925519622282,0.9985856044071826
1653,0.036304548213273294,-1.9432768941134129,-1.9398747714107814,3.4647323428962373,6.866855045527753,0.10127162926739282,0.10095473920966481,0.006291875952369129,0.9949097605571189,0.9898454316518236
1654,0.033792570284182186,-1.9155854615787031,-1.9453516068233159,31.156164877605974,1.3900196329932335,0.054956601905848085,0.05077814259786524,0.021587607556188288,0.9987109664554213,0.9974235945183217
1655,0.039938910688139914,-1.9220172909285884,-1.9449775321167457,24.724335527720687,1.7640943395633712,0.04891529569611056,0.046347600209174826,0.016530602991119185,0.9989260530405405,0.9978532594431527
1656,0.02842012166967331,-1.906630323619891,-1.9451369651963455,40.111302836418176,1.6046612599636134,0.05022983913373485,0.04329470651894315,0.02614266577837839,0.9990628456423232,0.9981265695429364
1657,0.025170096936279383,-1.945067096539715,-1.9445787452601222,1.674529916594114,2.1628811961869054,0.049927362462836085,0.049364049095628866,0.00737962764982083,0.9987819656040118,0.9975654148158134
1658,0.023629518310510394,-1.9390540668104534,-1.9461118382046496,7.687559645855657,0.629788251659491,0.02953855641319938,0.028833917017572052,0.006636765100559122,0.9995843030832577,0.9991687789704421
1659,0.029590819033162102,-1.9267113900548976,-1.945308017836555,20.03023640141155,1.4336086197541675,0.04818153164235748,0.046376555127381876,0.013749266825907467,0.9989246737676223,0.9978505038617506
1660,0.02783241884723354,-1.928449391962331,-1.941863276269521,18.29223449397821,4.878350186788172,0.07510038939238026,0.07413332521437757,0.014709958191646891,0.997253505088966,0.9945145534122284
1661,0.025332066377994705,-1.929684372534907,-1.9443962673096105,17.057253921402005,2.3453591466986445,0.05808027979217313,0.05237065670209615,0.026282381061273733,0.9986288170131195,0.9972595141690224
1662,0.027811777065131365,-1.9197443457749495,-1.944415636347134,26.997280681359648,2.3259901091750024,0.06434099558198482,0.05974532500466119,0.025516478445310575,0.9982154968817799,0.9964341782149387
1663,0.013724407638650855,-1.9480771732919473,-1.9462355294045668,-1.3355468356381905,0.5060970517423158,0.03305043810307952,0.025608988524288664,0.020744377816651956,0.9996720915627886,0.9993442906495204
1664,0.023854808881727044,-1.9501583394134847,-1.945638066430434,-3.416712957175605,1.1035600258750833,0.04256180008909212,0.03625919470809328,0.02204839762885279,0.9993426973717981,0.9986858267903413
1665,0.027151908344980772,-1.942674055278547,-1.9448828542538805,4.067571177762019,1.8587722024285824,0.04902728859017814,0.04536267262903975,0.018821349606231757,0.998971356251379,0.9979437706107196
1666,0.026251857861899056,-1.90864784939904,-1.9441723072983803,38.09377705726913,2.5693191579287955,0.06441611161190548,0.06046032467721243,0.024125418172541577,0.9981722845558285,0.9963479096554019
1667,0.02343287611641422,-1.9175976159364552,-1.9456148910918685,29.144010519853936,1.1267353644406342,0.045095017391360404,0.038686951969745836,0.023561278620864344,0.9992516626690605,0.998503885346882
1668,0.03332603180625622,-1.9349416968361763,-1.9439700588523865,11.799929620132765,2.771567603922609,0.06687409798856411,0.06211432276476175,0.02623383567551645,0.9980711589043197,0.9961460382366119
1669,0.01880934615770291,-1.9558087012857917,-1.9464486082509407,-9.067074829482547,0.2930182053684227,0.030540316627940097,0.019299306750467794,0.02371108394822982,0.9998137687679423,0.9996275722179563
1670,0.03335038876577313,-1.9604441555964958,-1.9456307591758504,-13.702529140186659,1.1108672804587272,0.04023313372244921,0.03601814622431499,0.017671812555592456,0.9993513466739319,0.9987031140990011
1671,0.026491998503237642,-1.9460366860960991,-1.943740926773122,0.7049403602099602,3.000699683187058,0.06246762728152812,0.059686727133900955,0.01788749417889495,0.9982195001327177,0.9964421704452127
1672,0.026176156241396298,-1.9098564668112263,-1.944145669191882,36.885159645082766,2.5959572644271844,0.0634529865513783,0.05461932406347872,0.03325130217374952,0.9985086060128157,0.9970194362816563
1673,0.020349172999156208,-1.924123585832861,-1.9461925664844884,22.618040623448188,0.5490599718207534,0.033514484514528355,0.0283437101005832,0.01788810439929282,0.9995983221387841,0.9991968056226723
1674,0.028409800778625788,-1.8967756537406275,-1.9443466510830556,49.965972715681595,2.394975373253505,0.06570869785362023,0.05688971479505842,0.034170820245496045,0.9983817948130326,0.9967662082140922
1675,0.025827223401380037,-1.9467772227569327,-1.9464059598387935,-0.03559630062355268,0.33566661751560645,0.026150863208240706,0.019533952520998973,0.01749051863153291,0.999809214327103,0.999618465053379
1676,0.023399832356777076,-1.9107594526039617,-1.9439778776202743,35.982173852347366,2.7637488360348073,0.06807610914925757,0.0632930761619867,0.02563566829634051,0.9979971263838084,0.9959982642703393
1677,0.02462116434450556,-1.935779787969382,-1.9444451786546952,10.961838486927,2.2964478016138656,0.05932420864316276,0.05847712148188837,0.011192013458265681,0.9982902910157048,0.9965835051362205
1678,0.026054593207720175,-1.9379124233621086,-1.9455920099536816,8.829203094200544,1.1496165026274596,0.04306282905332222,0.04134524932996013,0.013086060914194115,0.999145286148888,0.9982913028335433
1679,0.02513546530555378,-1.8968695289343882,-1.9458541565512382,49.8720975219209,0.8874699050709367,0.05179427541780816,0.03784731782118741,0.03512133639256913,0.9992838873543471,0.9985682875260156
1680,0.022623265066148823,-1.923929341208084,-1.9457739330723511,22.812285248225095,0.9676933839579682,0.03919234063344999,0.03421913053538094,0.01945866763167511,0.999414526401093,0.998829395581521
1681,0.023756299464330763,-1.935201179597552,-1.946341877383906,11.540446858757214,0.3997490724030328,0.0254677963901105,0.023133071327295834,0.010676643620539137,0.9997324354442844,0.9994649424793602
1682,0.018174189316316244,-1.9186610772248887,-1.9460113011520084,28.08054923142045,0.7303253043007274,0.038844838544524314,0.03182244408278687,0.02232166217489198,0.9994936801939649,0.9989876167476758
1683,0.02820526615089565,-1.91434616283622,-1.9460835161792536,32.39546362008916,0.6581102770555347,0.04027074625936429,0.03444438343668713,0.021331242515380995,0.9994067975880787,0.998813947065259
1684,0.02506646207360764,-1.9195421912419535,-1.9442139352977905,27.19943521435564,2.5276911585185857,0.057255115590963405,0.05434462432394371,0.01915049863580578,0.998523354805046,0.9970488900911236
1685,0.031049754141572072,-1.920745984317547,-1.9448441215239962,25.995642138762154,1.8975049323128879,0.0630262149347516,0.05025594919536657,0.037662177034791834,0.9987372090167961,0.9974760126746595
1686,0.024080099452941022,-1.9475020254156241,-1.945746285345838,-0.7603989593150118,0.9953411104710597,0.03797694644358909,0.03502740477311384,0.014887549899160685,0.9993865425489913,0.9987734614280268
1687,0.028864777303527617,-1.9358907129063467,-1.9449274098405043,10.850913549962371,1.8142166158048312,0.052314062436066296,0.047915979788856665,0.021709423121078087,0.998852042494684,0.9977054027958019
1688,0.019672929181142315,-1.9402530139745722,-1.9461807706510694,6.488612481736933,0.5608558052396795,0.03272128532456593,0.02950836528873095,0.01380303880491539,0.9995646281889967,0.9991294459266072
1689,0.03307813252789833,-1.9224321931355728,-1.9440628783888558,24.309433320736318,2.6787480674532738,0.06955399448442867,0.061432702664209624,0.03394784893406359,0.9981132207168331,0.9962300013697295
1690,0.017956834386777875,-1.9489250676355174,-1.9464604111466286,-2.183441179208323,0.2812153096805048,0.01933619421947078,0.017774911909064717,0.007631224950818814,0.9998420282456094,0.9996840814462941
1691,0.02140465178781007,-1.9429662867581807,-1.9432307301684808,3.775339698128377,3.5108962878283023,0.06777957503714098,0.06640378393235978,0.013497204238285836,0.9977960555891318,0.9955969685492297
1692,0.03393497683801762,-1.8788935797169148,-1.945859336403937,67.84804673939426,0.88229005237217,0.059901805733942194,0.04064152986016823,0.043776676872508295,0.9991742985839305,0.9983492789506895
1693,0.029468789368833542,-1.9519878135584434,-1.9432609191695474,-5.246187102134314,3.480707286761753,0.07304463616818448,0.06555577803512821,0.03267583169561259,0.9978514431042868,0.9957075025053076
1694,0.03162905677810675,-1.8923665868884363,-1.942073469349994,54.37503956787282,4.668157106315185,0.08336025460184662,0.07707881901915717,0.03439732982369409,0.9970295220253517,0.9940678677901013
1695,0.036096807384961835,-1.9242589676507251,-1.9430758279043678,22.482658805583977,3.6657985519412684,0.06663401419898535,0.06458812356481843,0.018744742149466836,0.9979145829576072,0.995833514879455
1696,0.028893046626685313,-1.932906153973706,-1.9407688913953118,13.835472482603084,5.97273506099727,0.08671557234780554,0.08436681061529157,0.023271415905569616,0.9964413836717001,0.9928954310935723
1697,0.03315027425406011,-1.9821939495047525,-1.9414862374314754,-35.45232304844337,5.25538902483369,0.09652225503445273,0.08443357988803712,0.043711211299276444,0.9964362318448106,0.992885164133085
1698,0.030715234572680744,-1.9005727381778919,-1.9460089960158757,46.168888278417256,0.7326304404333683,0.0484031822830849,0.038024092699817505,0.030219406231757704,0.9992771239122372,0.9985547703743127
1699,0.016659776045236434,-1.9421751955006343,-1.946112272840811,4.566430955674772,0.6293536154982071,0.02700230002432997,0.026784561452145996,0.0037491715084801563,0.9996413190505283,0.9992827667530801
1700,0.029833370283175953,-1.9141273058165462,-1.943804450592072,32.61432063976288,2.9371758642371404,0.07146897022234272,0.06925176713687202,0.019935690958680086,0.9976034401194197,0.9952126237381006
1701,0.028524247896363923,-1.9303506383030518,-1.9446828149239763,16.390988153257346,2.0588115323327827,0.05189712542495559,0.050813958697332164,0.011851687854478694,0.998709147971454,0.9974199622418677
1702,0.024469255999473166,-1.9421042694177582,-1.9456687206366714,4.637357038550949,1.072905819637704,0.047801866292570196,0.043493792004079296,0.019590104447143764,0.9990541505325097,0.9981091956962345
1703,0.029635091349786542,-1.891990111222247,-1.9421394660793883,54.751515234062076,4.60216037692085,0.08205150825857119,0.07296177811052962,0.03947663650819308,0.9973385622045516,0.9946842076602423
1704,0.027887410744126137,-1.9172784330247252,-1.9440552462737999,29.46319343158388,2.686380182509218,0.06461382364854322,0.0611918123980059,0.022880819440089982,0.9981277815756798,0.996259068353188
1705,0.030923790627187198,-1.9114960994970562,-1.9411179115676969,35.24552695925287,5.623714888612241,0.09019233863518619,0.08412607256148515,0.03638471019879088,0.9964616422307151,0.9929358044371337
1706,0.0235908190331278,-1.9122278349932238,-1.9448866346650158,34.51379146308531,1.8549917912933367,0.05381323730383148,0.048622089711267386,0.024204696739475957,0.998817948147778,0.9976372935421374
1707,0.02019489903999264,-1.9517548860594525,-1.9444563686854808,-5.013259603143361,2.2852577708283306,0.05391390799490868,0.05157838946643443,0.015330338156740066,0.9986698378058285,0.9973414449431198
1708,0.025580451922169657,-1.9395163306823975,-1.944943139410489,7.225295773911622,1.7984870458200852,0.048399288768191,0.04803713238034248,0.007512344374428058,0.9988462183760655,0.9976937679641666
1709,0.02221998487441829,-1.9375583990827014,-1.945971556779791,9.18322737360766,0.7700696765180481,0.039400103989889426,0.030567967757977675,0.024853746095910782,0.9995328532464608,0.9990659247190109
1710,0.03080656013278149,-1.9318046648758564,-1.9444861987687732,14.936961580452657,2.255427687535949,0.061746866834438495,0.05865918471675976,0.020299248434363266,0.998279834006457,0.9965626269839594
1711,0.029796172760738655,-1.9352232831246663,-1.940239708508359,11.51834333164281,6.5019179479501865,0.08971491379703714,0.0879746443739069,0.017410489029605097,0.9961305069205476,0.9922759868177872
1712,0.03192255522532779,-1.936612749068576,-1.9460479856148318,10.128877387733048,0.6936408414772721,0.03260895371561734,0.03040900041824124,0.01190271566702316,0.9995376658915495,0.9990755455359268
1713,0.02781449514854578,-1.9230683796406882,-1.9447104683047252,23.673246815620885,2.031158151583945,0.05541389802822428,0.052854237112251366,0.01774005592578553,0.998603262569181,0.9972084760138126
1714,0.01606529315277528,-1.93933895194124,-1.9462211893990322,7.402674515069041,0.5204370572768902,0.03211002289501661,0.026602401375281467,0.017928621203260494,0.9996461561561686,0.999292437517803
1715,0.023188910688118992,-1.9299454890696068,-1.946215680314859,16.79613738670227,0.5259461414501843,0.028895016220656915,0.026486794180692705,0.011840976321655188,0.9996492255303222,0.999298574103373
1716,0.022007091182480558,-1.9520762522132415,-1.9454124547774463,-5.334625756932443,1.3291716788628172,0.04521562414912068,0.039093456282064114,0.022595837918740695,0.9992359141339691,0.9984724120951488
1717,0.03230092425020023,-1.9005709605505874,-1.9425173346953348,46.17066590572172,4.224291760974275,0.08450009064553397,0.07529174326068126,0.040525031005540224,0.9971661351985731,0.994340301186859
1718,0.02793252364713919,-1.9286409478938251,-1.9456969928434098,18.100678562483985,1.044633612899304,0.04182064021547676,0.03666934969897332,0.02007428509935033,0.9993277492095402,0.9986559503402056
1719,0.025674252159595845,-1.9472488731266153,-1.9441536576795728,-0.5072466703062162,2.5879687767362825,0.05629619968391362,0.05553217678776138,0.009067970459259356,0.998458668317725,0.9969197123388048
1720,0.01622849554640955,-1.955341314479578,-1.946210867694912,-8.599688023268826,0.5307587613971876,0.031044756472704906,0.02936241614639659,0.009897314080092695,0.9995689321543594,0.9991380501282063
1721,0.03754371956987187,-1.931441502179039,-1.9422602510260585,15.300124277270122,4.481375430250623,0.08116126139411979,0.07307972502349099,0.03560469727788736,0.997331081366663,0.9946692858599975
1722,0.03131016260931431,-1.9556920417876296,-1.9438744745273884,-8.95041533132046,2.8671519289207303,0.058499511661629956,0.056968185049921856,0.01268518593675315,0.9983777774013297,0.9967581864088191
1723,0.027741536970849523,-1.9033789932849936,-1.9435968365913598,43.3626331713155,3.14478986494926,0.06988731485557917,0.0646153716647705,0.028934067031787903,0.9979124541082979,0.9958292660644457
1724,0.025813743990165932,-1.947316805834961,-1.944531005188472,-0.5751793786519244,2.2106212678369985,0.05850551129171386,0.05142697132223012,0.028558346240635153,0.9986776336482849,0.9973570159493379
1725,0.03256571091521618,-1.9367338224866615,-1.9450161120438503,10.007803969647622,1.7255144124588284,0.052494950257301116,0.0485179665788005,0.021064085880949115,0.998823084703062,0.9976475545357402
1726,0.02097922442126777,-1.9252969296941964,-1.9457611290076609,21.44469676211269,0.9804974486482543,0.04296238291858606,0.03905912751963256,0.018084323052024905,0.9992373122616452,0.9984752062158767
1727,0.02283845341895652,-1.9468187960853254,-1.9461133881057868,-0.07716962901627156,0.628238350522281,0.036749573016661714,0.03392180193385311,0.014389065579459948,0.9994246727193108,0.9988496764401015
1728,0.025235611462254427,-1.9486856536611332,-1.9456635920052052,-1.944027204824117,1.078034451103882,0.039095532323321414,0.03520380894681198,0.016951167039469604,0.9993803792585025,0.9987611424468684
1729,0.03469407994006936,-1.9277369952458485,-1.9413197710333197,19.004631210460587,5.421855422989452,0.0877531576687436,0.08712219896290326,0.016409663319215357,0.996205013404497,0.992424428732254
1730,0.023564495148557546,-1.9373000943908372,-1.9440560060722312,9.441532065471936,2.685620384077936,0.061560919741763795,0.06014547399099551,0.01337432290809518,0.9981912803503682,0.9963858321675073
1731,0.029336019863253043,-1.931116135903595,-1.9411224354045216,15.625490552714005,5.619191051787542,0.08363662130764604,0.08121249671838936,0.0211090178182217,0.9967023939440031,0.9934156620937067
1732,0.025205266150876822,-1.93133802626726,-1.9462518828803643,15.403600189049182,0.4897435759447788,0.03350429878192169,0.029651617598879586,0.015759377716140964,0.9995604058459467,0.9991210049349137
1733,0.031814142679290836,-1.9050621713166105,-1.9432330612397883,41.67945513969862,3.508565216520765,0.0734593438466867,0.06326142384285587,0.038553713650568096,0.9979995221157836,0.9960030461433323
1734,0.014711254502691829,-1.9434574075436022,-1.9466598642047777,3.2842189127069155,0.08176225153144756,0.01990734748634427,0.011543101756025345,0.016165281446668348,0.9999333788273148,0.9998667620930103
1735,0.025987977076451986,-1.9387534568238551,-1.9464266163775543,7.9881696324539675,0.31501007875478493,0.026989040538760067,0.0219807045148153,0.015419924716093728,0.999758424453616,0.9995169072659765
1736,0.028485611462249212,-1.9554495093561186,-1.9449161863840316,-8.707882899809505,1.8254400722774733,0.0531239718885983,0.0471564559416376,0.024283447865778827,0.9988882343443921,0.9977777047116572
1737,0.029832817536374633,-1.915834497500623,-1.9438834565356962,30.907128955686147,2.8581699206129407,0.06634912824855163,0.06051596705229122,0.02846391893257143,0.9981695051194723,0.9963423609504523
1738,0.028784170098280444,-1.9331829294631608,-1.9437119426341287,13.558696993148267,3.0296838221803846,0.06403192203809327,0.061559086691206334,0.01877253246767731,0.9981052409785218,0.9962140720687931
1739,0.023182523647178446,-1.9219900672341088,-1.94414538311734,24.751559222200292,2.5962433389690176,0.06030945719082819,0.057760706297108846,0.018432792117582173,0.998332332183996,0.9966674454839365
1740,0.019735611462261902,-1.9360467915926713,-1.9464953278669774,10.694834863637759,0.2462985893316727,0.02499807451744463,0.022592628312622393,0.010852686764115138,0.9997447978007284,0.9994896607296194
1741,0.026587986788299177,-1.9402621980040007,-1.9437671839924107,6.479428452308422,2.9744424638984412,0.06123352819370529,0.059634678268558144,0.015257488399143568,0.9982222616067574,0.9964476835673096
1742,0.025270024420318764,-1.9551992000903777,-1.9442265164714054,-8.457573634068627,2.515109984903674,0.060968626472791575,0.05337111434387317,0.029871303022298876,0.9985758706557966,0.9971537694559821
1743,0.019430158033002742,-1.9450500226407381,-1.9418128697797468,1.6916038155709856,4.92875667656234,0.08259132857766584,0.07496731841151144,0.03446261304660458,0.9971918903049604,0.9943916660899801
1744,0.025679825198926823,-1.9142670203764853,-1.9445328725214577,32.47460607982377,2.2087539348514262,0.06351600566195482,0.05182253686334531,0.03752428300780707,0.9986572397473169,0.99731628249973
1745,0.031684490572213043,-1.9068017431834663,-1.9450603057541882,39.93988327284281,1.6813207021209031,0.06296081724008613,0.05657718055461089,0.028359351367758696,0.9984000703056047,0.9968027003862365
1746,0.036989280419785955,-1.956458401189433,-1.9449137909987695,-9.716774733123934,1.8278354575396172,0.0643150432940611,0.059425234163217676,0.02440424762208414,0.9982343415856415,0.9964718007209192
1747,0.035985611462279195,-1.9403556609721757,-1.9426385869691776,6.3859654841333935,4.103039487131532,0.07169079543255105,0.0692265801656811,0.020522080797277863,0.9976041429600729,0.9952140260511017
1748,0.021863851788789558,-1.9168547224594887,-1.944588684030139,29.88690399682037,2.1529424261701458,0.05634313805230152,0.051759020250273506,0.02330208020756941,0.9986605698550503,0.9973229337832137
1749,0.019117230494420743,-1.9545986841813068,-1.9459372298875037,-7.857057724997674,0.8043965688053767,0.03558765566738653,0.03243002313289935,0.014569408541529808,0.9994742063017806,0.9989486890625744
1750,0.02866775605546023,-1.9459548988843254,-1.94322689256068,0.7867275719837252,3.514733895629174,0.0645809092060882,0.06443347660146763,0.00374767527942319,0.9979249257245681,0.9958541573823848
1751,0.02481227971920294,-1.9530531719520645,-1.9432463356194913,-6.311545495755411,3.495290836817766,0.07517997198936133,0.06388407686438116,0.03915942617046373,0.997959807194098,0.9959237767748813
1752,0.0200828175363938,-1.9427639951362081,-1.9452924112966803,3.9776313201009827,1.4492151596288139,0.040734640117038916,0.04059015179221526,0.003658191253884954,0.9991762730472358,0.9983532246205643
1753,0.026914288836044322,-1.9307532578882538,-1.9452454675547954,15.9883685680553,1.4961589015136667,0.05147591547937886,0.04817362741250387,0.01867832149846451,0.9988399571637674,0.9976812600269167
1754,0.028761826283681298,-1.9138938161384484,-1.9454992912023024,32.84781031786066,1.2423352540067434,0.051271882619633294,0.04539242167605025,0.0247526161041616,0.9989697883930023,0.9979406381219599
1755,0.038452900536727425,-1.9407040733553316,-1.939527620188042,6.037553100977533,7.21400626826707,0.09522199456760973,0.08978924409936967,0.03356497445626914,0.9959715721442912,0.9919593725195711
1756,0.028139377669171812,-1.9103251778945596,-1.9442635173130698,36.416448561749526,2.4781091432393154,0.06154030109742631,0.05719757696349297,0.024195367139185908,0.998364372961944,0.9967314211996957
1757,0.01873907868167956,-1.9483056606821278,-1.9454795864712777,-1.5640342258187445,1.2620399850313824,0.03939659032712999,0.03878676370974048,0.006973106553036473,0.9992478382282317,0.9984962422037943
1758,0.03246965468869172,-1.9155690110061012,-1.9409247949179294,31.172615450207886,5.816831538379752,0.08822212095987045,0.08264834064649722,0.03076183009835402,0.9965865362100643,0.9931847241551739
1759,0.03247245832637418,-1.9112157065569957,-1.9424621903398218,35.52591989931342,4.27943611648729,0.0806571247126158,0.07852783353112541,0.022627697319877633,0.9969170096606662,0.9938435241507648
1760,0.03607848499713506,-1.9373956696070394,-1.9422234532602014,9.345956849269754,4.5181731961077,0.08255192498399581,0.08186013474721167,0.01204328415549514,0.9966496741360967,0.9933105729555878
1761,0.03284484045990067,-1.9406382425290636,-1.9424092745083954,6.10338392724552,4.332351947913704,0.0739409078682464,0.07343679499129192,0.01044910983050709,0.9973039815583562,0.99461523163215
1762,0.029216026290905826,-1.9712120519314074,-1.9443568258617547,-24.470425475098256,2.3848005945543704,0.07076493366802342,0.054248440557741404,0.04549528335992639,0.9985285987198713,0.9970593624614698
1763,0.0243220300146809,-1.9373857960568726,-1.9451447113778133,9.355830399436549,1.5969150784957975,0.04754203901939608,0.0472311559988366,0.006178282953216048,0.9988846275018125,0.9977704990594347
1764,0.018645608880710672,-1.9640289824931958,-1.945966931901818,-17.287356036886692,0.7746945544910844,0.03369692561822828,0.03100373115614386,0.012804358798862098,0.9995194025438613,0.9990390360616375
1765,0.0390394281522944,-1.924783870317117,-1.9406748780322671,21.957756139192153,6.066748424041979,0.08952451220883101,0.08913164152616486,0.012222252165619847,0.9960288510227957,0.9920734720697906
1766,0.01893402394154685,-1.9354813793557828,-1.9465560552382033,11.26024710052631,0.18557121810580668,0.01937858075755497,0.017549793133959442,0.008260952911135563,0.9998460049107104,0.9996920335359083
1767,0.03443252364721545,-1.9164979075271933,-1.940333060902631,30.243718929115815,6.408565553678081,0.09531962247625451,0.08770903532482559,0.0375049508898492,0.9961571805381945,0.992329128337805
1768,0.03609035240251239,-1.901569320740548,-1.9444945635302704,45.17230571576114,2.247062926038712,0.06156710745346576,0.05102248673685746,0.0346529117715957,0.9986983534345719,0.9973984011529251
1769,0.02556217575425959,-1.9354604952884136,-1.9451563652663333,11.28113116789553,1.5852611899758173,0.049358508314823,0.042870832590840124,0.024358604460231293,0.9990811731630391,0.9981631905688346
1770,0.020767462166242166,-1.9315625552702087,-1.9460482590831696,15.179071186100401,0.6933673731395196,0.03845148591824933,0.037315421838901276,0.009874223020065872,0.9993037978925593,0.998608080482493
1771,0.024712801017021724,-1.9228459960974165,-1.9466151595378387,23.89563035889264,0.1264669184704026,0.02212708133894265,0.01393569853773516,0.01710600746083077,0.9999028988847241,0.9998058071980747
1772,0.017090973090858996,-1.9361726275412516,-1.9457076096361494,10.56899891505747,1.0340168201596889,0.04127348163592097,0.03811110453820607,0.01605566286392434,0.9992738883209664,0.9985483038801033
1773,0.022205266150895037,-1.9307002407299205,-1.9458016116102874,16.04138572638858,0.9400148460216862,0.03906656668668662,0.03353298460585281,0.020212866848866345,0.9994377719476429,0.9988758599956687
1774,0.022365263569339697,-1.952210435321408,-1.9457789194750583,-5.468808865098929,0.9627069812507827,0.04441237240932968,0.041063467078641336,0.01693901960710826,0.9991569103750209,0.9983145315501575
1775,0.03273561146225256,-1.9327315157199958,-1.94485104482385,14.010110736313308,1.8905816324590319,0.05426867841214343,0.05086585898079527,0.019517120234553008,0.998706372309571,0.9974144180917436
1776,0.022067260077807935,-1.9348860747144678,-1.9458098551268879,11.855551741841275,0.9317713294212382,0.04168855781339173,0.03459998857798082,0.022958657844046562,0.9994014320174189,0.9988032223184676
1777,0.029958468477746192,-1.9322102622183046,-1.9442993983418202,14.531364238004496,2.442228114488909,0.0736626153669388,0.0659514305169518,0.033496893691803725,0.9978253800812742,0.9956554891343393
1778,0.026253048269193627,-1.9319660359353195,-1.9443593941796673,14.775590520989645,2.3822322766418047,0.0630099524982185,0.06248794217149084,0.009594316664046493,0.9980480963136868,0.9961000025553743
1779,0.021793719569882943,-1.931967786809201,-1.9435200623771889,14.773839647108211,3.2215640791202205,0.06430873803685927,0.06085508393372197,0.021368589102933294,0.9981483533474138,0.9963001352901536
1780,0.040901400592697215,-1.9130197134337454,-1.9385545329582612,33.72191302256367,8.187093498047915,0.1047463941936482,0.10328800205583369,0.025251417029545153,0.9946663398686146,0.9893611276676264
1781,0.0351329906282127,-1.8815904753369643,-1.9419487360795313,65.15115111934477,4.79289037677777,0.08438589534005556,0.07578971693571261,0.03980493626423734,0.9971281253201718,0.9942644983045202
1782,0.029385443819091556,-1.900544090844473,-1.9436952249787163,46.19753561183604,3.0464014775928305,0.06967153511520176,0.06337769754286435,0.030853648118982616,0.9979916380526798,0.995987309623071
1783,0.02815294975530655,-1.9017632683220451,-1.94368937722177,44.978358134263985,3.0522492345390617,0.06774441294139802,0.061890775392528456,0.028962157412734255,0.9980848754005566,0.9961734185033445
1784,0.029955266150945084,-1.941166984050051,-1.94556213728159,5.574642406258157,1.179489174718995,0.04214963594104343,0.03995772035802277,0.013273046230990062,0.9992017336999446,0.998404104628975
1785,0.02870846847777151,-1.9209603519535257,-1.945763829881449,25.781274502783447,0.9777965748600792,0.04294510148414611,0.039479544002104405,0.017650825398547218,0.9992207275922395,0.9984420624499644
1786,0.028905842195057166,-1.947055400615114,-1.9451032743653334,-0.31377415880484705,1.6383520909757365,0.05010625433999599,0.0448142439075838,0.022275391579049734,0.9989960347908241,0.9979930775277894
1787,0.024890263250047936,-1.9279958767298673,-1.9451234637139116,18.74574972644183,1.6181627423974554,0.05656628168408028,0.055097025938959994,0.014713859869184583,0.9984822142015127,0.9969667320767556
1788,0.018118007012130774,-1.9237180997515193,-1.9455801477733166,23.0235267047898,1.161478682992545,0.0440907554371711,0.041553706418770486,0.015392842914809413,0.9991366603450793,0.9982740660455184
1789,0.016867121431228024,-1.9243818868514955,-1.9453354968460645,22.359739604813633,1.4061296102445553,0.044081673101119184,0.04138533305401423,0.01586609350155225,0.9991436316678552,0.9982879967024308
1790,0.02227860215721566,-1.9458382090326911,-1.9455565888467248,0.9034174236179915,1.1850376095843274,0.04242741092110172,0.03894840776066708,0.017238810138753783,0.9992415166966346,0.9984836086901907
1791,0.023054593207774175,-1.9294726272620866,-1.944794990922398,17.268999194222534,1.9466355339110564,0.056924342346348585,0.05232872713254871,0.02272978372642381,0.9986312238733955,0.9972643212948759
1792,0.024525438303694188,-1.9107219820360537,-1.9439011968685909,36.0196444202554,2.8404295877182406,0.06782065964337115,0.05891196627413521,0.03352606106076285,0.9982647004951457,0.9965324122546629
1793,0.02133281753640453,-1.9164849549540148,-1.9451774335996068,30.256671502294274,1.5641928567022845,0.046748421847963975,0.04283188777633488,0.019368932811334706,0.9990827681745942,0.9981663776634099
1794,0.027448966686665386,-1.936507007742476,-1.943196448373804,10.234618713833132,3.545178082505096,0.06787496804537664,0.06456275368493712,0.02100810634612269,0.9979158260345455,0.9958359958502093
1795,0.03608648649391086,-1.942535633845804,-1.945103262020038,4.205992610505138,1.638364436271189,0.046858312071387145,0.04289757803599898,0.019485098209914155,0.9990799971729781,0.998160840751158
1796,0.025297787216555703,-1.920570463126855,-1.9448106583853477,26.171163329454128,1.9309680709613808,0.05337621953688058,0.04841848690900152,0.02335790185354838,0.9988278278625641,0.9976570297126479
1797,0.026316462073610353,-1.9335163079059974,-1.9437137413592736,13.225318550311727,3.027885097035554,0.0625897441091883,0.05934783605807397,0.01992002309863116,0.9982396736098696,0.9964824459687391
1798,0.025447264654157233,-1.9301482346894583,-1.944708773287348,16.593391766850818,2.0328531689610685,0.05652856351739926,0.053507435447808484,0.018761665437801646,0.9985684771813068,0.997139003620194
1799,0.022610376822750876,-1.9272360363378478,-1.9454097076310368,19.505590118461313,1.3319188252722824,0.04317887396431113,0.04029498764861836,0.016249604487494445,0.9991882077234496,0.9983770744535996
1800,0.020338582117288145,-1.9636391782282907,-1.9454747398932721,-16.8975517719816,1.266886563036973,0.04519601259283759,0.04199191283704688,0.016493010375610708,0.9991183525724127,0.9982374824470119
1801,0.036102841956673286,-1.9247836790590134,-1.943360796016864,21.95794739729573,3.3808304394451483,0.07318319162177994,0.06447290744135258,0.03573600688731186,0.9979223924559978,0.9958491013651025
1802,0.025560075032636916,-1.9149682161741695,-1.9453789556841576,31.773410282139647,1.3626707721514641,0.05235869455003855,0.047552835846817604,0.022839100535047313,0.9988694410409038,0.9977401602453676
1803,0.033448480420780594,-1.9268466187582314,-1.9439590177693964,19.895007698077727,2.782608686912713,0.06905344599230157,0.060554042156888345,0.034863371179505824,0.9981666047326199,0.9963365708034462
1804,0.024625319567855335,-1.9611292454366687,-1.9442458345055458,-14.387618980359562,2.4957919507633264,0.05878951295378868,0.05554193627807562,0.018363642401495427,0.9984576211043268,0.9969176211413114
1805,0.019909800778622352,-1.9260226862759138,-1.94571335345395,20.71894018039533,1.0282730023591924,0.039065506507029224,0.035193721465312064,0.017472724122185354,0.9993807034030523,0.9987617903343796
1806,0.027698832890035538,-1.9592623545892989,-1.9450822981092555,-12.520728132989767,1.6593283470536235,0.04786326922466932,0.04462240548086249,0.017265005386619445,0.9990045705331436,0.9980101319461108
1807,0.03521286895847974,-1.948770451840027,-1.9465230377766611,-2.028825383717958,0.21858867964796858,0.020666139517632912,0.01655590206733451,0.012441528483269255,0.9998629510802846,0.9997259209429755
1808,0.025527783057305017,-1.9259665436956965,-1.945142345552633,20.775082760612573,1.5992809036760036,0.05350859185990775,0.052290796290905064,0.013016333786823327,0.9986329175094815,0.9972677039334988
1809,0.02204582029150253,-1.9162146652788723,-1.9457450428948995,30.526961177436807,0.9965835614096363,0.04443196532899272,0.03379469038598023,0.028725692576507204,0.999428982566966,0.9988582911948408
1810,0.019651048123466033,-1.925690678651314,-1.9449932613768015,21.050947804995168,1.7483650795075967,0.05381891791532772,0.04737691053877978,0.02665387780886676,0.9988777146024911,0.9977566887294956
1811,0.030901799281857496,-1.917064762937361,-1.9442873819156057,29.67686351894816,2.454244540703421,0.06543408406314415,0.05768495498733844,0.0317692777735031,0.9983363208327496,0.9966754094938707
1812,0.0259344905722504,-1.932142327275043,-1.9450267035152533,14.599299181266012,1.7149229410557965,0.05179295038865691,0.04515814001617571,0.025698487367936645,0.9989804905143349,0.9979620204282612
1813,0.025074463570368327,-1.9285915443124837,-1.9437828301089743,18.150082143825408,2.958796347334758,0.0659628011753432,0.06255778292455552,0.02139132417593635,0.998043284279178,0.9960903972947681
1814,0.02197897916393922,-1.9250838582081344,-1.9446969034594346,21.65776824817467,2.044722996874526,0.05638391464606103,0.05428348295097765,0.01714996251453629,0.9985266557650643,0.9970554822733632
1815,0.025440146089953125,-1.9348552741755543,-1.9444780780744735,11.886352280754853,2.263548381835623,0.056049734853837394,0.054747500829723954,0.013978262982216392,0.9985013566704203,0.9970049592726699
1816,0.0243153807294138,-1.9467343195193771,-1.9462889453367438,0.007306936931961161,0.45268111956531243,0.02569477848544646,0.02503411700198826,0.005776164731030417,0.9996866649320131,0.999373428042891
1817,0.01582483752610491,-1.9384557306833237,-1.9462861595332106,8.285895772985441,0.455466923098502,0.030218417648638477,0.02829619939858209,0.010568680286582583,0.9995996784258342,0.9991995171090311
1818,0.02562116434449009,-1.9300336749136393,-1.9437046747133293,16.707951542669797,3.0369517429797988,0.063151907455424,0.059592572893072564,0.022637897633172543,0.9982245183015009,0.9964521889382636
1819,0.023030702878891165,-1.947798210123899,-1.9461424756127121,-1.0565836675899831,0.5991508435969628,0.03423032365409383,0.02721017000131579,0.021068037877315437,0.9996298033447538,0.9992597437350712
1820,0.025469654688631237,-1.9027636450144791,-1.9457764528479757,43.97798144182996,0.9651736083333695,0.051176485154278535,0.04271563883682272,0.02856146885228418,0.9990876880808877,0.998176208474813
1821,0.03589908119838499,-1.937201135063052,-1.9392850345066888,9.540491393257078,7.456591949620339,0.1032195875984627,0.09657539058031907,0.03900072250933309,0.9953365980399969,0.9906949433978343
1822,0.012721154983042798,-1.9210921382681991,-1.9462435633583277,25.64948818810997,0.4980630979813938,0.032959075474261246,0.026070588976050756,0.020138390110681623,0.9996601649976288,0.9993204454830864
1823,0.022694546570659002,-1.956347802159535,-1.9460702882301286,-9.606175703225972,0.6713382261804846,0.0374854747171884,0.03020960729892581,0.02200494394448672,0.9995437134275535,0.9990876350525433
1824,0.02978578455406565,-1.928252186296646,-1.9450836178944744,18.48944015966314,1.658008561834734,0.05520302915263842,0.04915757798409207,0.025242694056894978,0.9987919835846852,0.9975854264730302
1825,0.027487116854929928,-1.9174264893614825,-1.9441566943070987,29.315137094826582,2.584932149210406,0.06820062446494449,0.057230975126830376,0.03762868286294377,0.9983623707414409,0.9967274233124702
1826,0.02530406194741752,-1.9427687481139644,-1.9421921349509639,3.972878342344721,4.549491505345227,0.0796709399408043,0.07561455371551783,0.024214054224767936,0.9971421284923855,0.994292424414325
1827,0.024380802580544925,-1.9287104022935935,-1.9466720738739898,18.03122416271563,0.06955258231933215,0.016318843448164568,0.010100122342236464,0.01275981786703867,0.9999489942731388,0.9998979911478617
1828,0.03007168019373503,-1.9341925016999226,-1.9452238744008816,12.549124756386476,1.5177520554274793,0.04673088890318346,0.04431050124578953,0.015568991690215507,0.9990183707391198,0.9980377050742454
1829,0.023085203411623945,-1.927407970957886,-1.9451414507784353,19.33365549842314,1.6001756778738496,0.049906743241877556,0.048538028991381904,0.01248413525239129,0.998822094937759,0.9976455773358536
1830,0.01869923157921661,-1.932243763474254,-1.9449058261329377,14.497862982055132,1.8358003233713838,0.050301792636672234,0.04951698671761855,0.009847319889188024,0.9987742173155344,0.9975499371742583
1831,0.029838852108101152,-1.9102792746622208,-1.9436821835095317,36.4623517940883,3.059442946777402,0.06475404730596228,0.05807601551434985,0.029552677205288806,0.9983141841702602,0.9966312103155321
1832,0.018318538061815447,-1.9572609969216155,-1.9460052861352215,-10.519370465306377,0.736340321087603,0.0362303843582193,0.034733092893473184,0.009615955399750957,0.9993968089030798,0.998793981645659
1833,0.03246925599949139,-1.9419098733505524,-1.945702675187403,4.831753105756675,1.0389512689061853,0.043733344727507784,0.040613478282970114,0.01683751519672661,0.9991753621298781,0.9983514042873731
1834,0.031336885183066196,-1.890050447168836,-1.9430441486931935,56.69117928747313,3.6974777631155753,0.07338164224229515,0.06450714225847905,0.03657648214700258,0.9979200232133296,0.9958443727300923
1835,0.025137519807268603,-1.9339522560669595,-1.946106170136838,12.789370389349575,0.6354563194710394,0.03246248945745872,0.02839459679303255,0.015922613423995452,0.9995968871106927,0.999193936721387
1836,0.02375395858350707,-1.9090791259722042,-1.94462829511479,37.66250048410491,2.1133313415191424,0.06675139427996551,0.06244454377830815,0.02470904705264849,0.998050344065431,0.9961044892891252
1837,0.030422088594715443,-1.9013841727868923,-1.94348225764607,45.35745366941679,3.2593688102391383,0.07175517850558796,0.06414729711389394,0.0338561591885434,0.9979428657657432,0.9958899633327442
1838,0.028137058274867247,-1.8901976453586096,-1.9426517340633305,56.543981097699536,4.0898923929786335,0.08244507979931436,0.071756496714726,0.04243758025618328,0.9974255982170104,0.994857823978561
1839,0.029448879109899514,-1.9068818558843457,-1.9459049638686368,39.85977057196344,0.8366625876723432,0.04841217535305417,0.036980445634611545,0.03131973974987658,0.9993162233363163,0.9986329142231585
1840,0.027364668240381217,-1.9002162993265375,-1.9449642154565383,46.52532712977164,1.777410999770801,0.056922987113137376,0.04867975205885872,0.03043426683854893,0.9988151450480325,0.9976316939773222
1841,0.02035202550509129,-1.9372681211016072,-1.945281568154358,9.473505354701928,1.4600583019510616,0.045270941813575306,0.041677125867246916,0.018226472944593498,0.9991315182863587,0.9982637908332044
1842,0.028174055519751568,-1.8987987174480863,-1.9446563858830388,47.94290900822284,2.0852405732703083,0.061722861687668815,0.05433090749239068,0.03040871705613371,0.998524153154503,0.9970504844329174
1843,0.025023849207226778,-1.9409393586484864,-1.946034775393479,5.80226780782267,0.7068510628300828,0.03615690200862187,0.03529376276704079,0.008097959681302435,0.9993771945036811,0.9987547768940485
1844,0.024135843134141986,-1.9424533201146839,-1.9463355274440455,4.288306341625248,0.40609901226362766,0.024999163249338662,0.021206468260597893,0.01332353632674146,0.999775150959003,0.9995503524750974
1845,0.033212868958516974,-1.9441702703084396,-1.946263658766142,2.571356147869519,0.4779676901671692,0.02731070086725896,0.02350553612512139,0.01389135166209535,0.9997237464809879,0.9994475692779826
1846,0.019573996939689184,-1.9290147366156025,-1.9454512909484813,17.726889840706583,1.2903355078277556,0.04001991821937478,0.038573347757026547,0.01124888400020197,0.9992561088788053,0.9985127711316109
1847,0.03376438853773189,-1.9250499637313923,-1.943943384451343,21.69166272491685,2.798242004966145,0.06770627488658008,0.06225635650407403,0.028224188495862848,0.9980625462127783,0.9961288461527343
1848,0.03923561146221553,-1.9261823928338313,-1.9458284482207346,20.5592336224778,0.9131782355744633,0.03838434703158657,0.03617760427401734,0.0135372510872776,0.9993456080164796,0.9986916442618274
1849,0.02807968169047645,-1.9138144901373002,-1.9443290231420935,32.927136319008895,2.4126033142155556,0.06670560770534507,0.06335401314092141,0.022275007160492653,0.997993643270675,0.9959913120086752
1850,0.02258003151144307,-1.9322790525223652,-1.94607130582253,14.4625739339439,0.6703206337790313,0.035576240644713826,0.029732906825324593,0.019606765267376442,0.9995580030455053,0.9991162014523185
1851,0.024515495241225795,-1.9403183863403102,-1.942932327128119,6.423240115998929,3.8092993281901855,0.06859971231804647,0.06851695537952991,0.004200557730825739,0.9976527571496242,0.9953110238482471
1852,0.02796472682039449,-1.920663003651076,-1.9454320695377334,26.07862280523321,1.309556918575705,0.04575396242740641,0.04285509641072141,0.017054830869873753,0.9990817354914872,0.9981643141926819
1853,0.022661767703656865,-1.9342538443679824,-1.9436142244071644,12.487782088326682,3.127402049144745,0.06256974345024993,0.06226657341758504,0.007759319058396793,0.9980619876453042,0.9961277311824953
1854,0.024954400831138687,-1.936937452238323,-1.9424674258315073,9.804174217986183,4.274200624801772,0.07377052857307281,0.07356890374094041,0.006903778114192254,0.997294189036075,0.9945956994851226
1855,0.020102113081750334,-1.9656168282316024,-1.9457534794132003,-18.875201775293338,0.9881470431087891,0.04409901016313558,0.03997468472827927,0.018259551315681334,0.9992011151669916,0.9984028685509596
1856,0.02881177706510408,-1.9407740735393924,-1.944260371322646,5.967552916916752,2.4812551336630406,0.06811337557412014,0.06368952134860645,0.024260860042463445,0.997971847073204,0.9959478075507024
1857,0.021940146089973828,-1.933793637290757,-1.9459194552317027,12.947989165552176,0.8221712246063717,0.037875224325882126,0.03471422205081341,0.015486602790799489,0.9993974748406658,0.9987953127178991
1858,0.023502698448302103,-1.944437980406277,-1.9450277974064256,2.303646050032082,1.7138290498834863,0.05071107052219058,0.05020890231361807,0.007123337279674426,0.998739923896178,0.9974814355841435
1859,0.021332817536351835,-1.9401895965914593,-1.944465475778684,6.552029864849818,2.2761506776252105,0.05370563223422206,0.05315190099842366,0.007792649822107985,0.9985878992389853,0.9971777925065298
1860,0.03252837838631588,-1.945825320306554,-1.9423553831495812,0.9163061497550196,4.386243306727877,0.07423386453396169,0.0701063752011864,0.024274051974279006,0.9975435495505118,0.9950931332498345
1861,0.02877179470548937,-1.9186071791835195,-1.9448915108874407,28.134447272789576,1.8501155688683824,0.05464862646939659,0.049609430707830124,0.024036935209173344,0.9987694552094564,0.9975404246593943
1862,0.023645013551735566,-1.9308604679554817,-1.943806281348963,15.881158500827386,2.9353451073461656,0.06071518048626602,0.0587814778639566,0.016985979571399475,0.9982725755739223,0.9965481351429926
1863,0.03108885210810572,-1.9199056967921864,-1.9439120733535324,26.835929664122737,2.8295531027766607,0.062423208584993,0.05888938825088964,0.021685666579563553,0.9982660200024764,0.9965350466915847
1864,0.0191350939981521,-1.927462057855782,-1.9452747936654016,19.279568600527153,1.4668327909075352,0.04581364633802558,0.04324666342823734,0.015383341647704435,0.999064958336511,0.9981307909759345
1865,0.022946513495730955,-1.9327309364087875,-1.945607114385633,14.010690047521646,1.1345120706760525,0.043916650785038286,0.04123905252689974,0.015532820445752908,0.9991497286935418,0.9983001803483782
1866,0.03020243390605954,-1.915186759073776,-1.9411853285505367,31.554867382533214,5.556297905772389,0.08345485728125933,0.08135791992764092,0.021655049157182683,0.9966907732957201,0.9933924975728204
1867,0.026562927538585815,-1.948317839977194,-1.944399423916989,-1.5762135208849948,2.3422025393200485,0.05577553849030627,0.053131230715167205,0.016802943202010777,0.9985886929361648,0.997179377659958
1868,0.034471222924566405,-1.9414956182121574,-1.9447726437018955,5.2460082441516676,1.9689827544135952,0.05397556889463133,0.05035664378760374,0.020593132059014276,0.9987321087852361,0.9974658251186047
1869,0.023110843453450075,-1.9379432649454718,-1.9462010604582158,8.79836151083735,0.5405659980932676,0.03678791369030146,0.03211754475941212,0.01790054170269719,0.999484296730627,0.998968859411116
1870,0.022980817390650242,-1.9278570261116534,-1.9433536466906232,18.884600344655667,3.3879797656859445,0.0681558531089294,0.0627059705654535,0.027300321756345686,0.9980341088741038,0.9960720824761266
1871,0.023353989781807263,-1.916293510349311,-1.9442351338863955,30.448116106998047,2.506492569913643,0.06679339196037179,0.05761142580897261,0.03507334646494401,0.9983404926457939,0.9966837392562465
1872,0.03437156303366107,-1.91232026159204,-1.942077345688803,34.42136486426905,4.664280767506135,0.08053096445077791,0.07698001961639647,0.02571307599743756,0.9970370762099519,0.9940829313372893
1873,0.021009082840921043,-1.934922047952268,-1.9454059349478834,11.81957850404114,1.3356915084257182,0.0434430800045934,0.040121459147053874,0.016656591668165438,0.9991951857054857,0.9983910191370201
1874,0.0348936419556761,-1.9324928864800348,-1.9430568879170573,14.248739976274294,3.684738539251775,0.07691549864671608,0.07633986885692609,0.012749155981868002,0.9970861509718328,0.9941807924598246
1875,0.03008045192216509,-1.9290395764207242,-1.9434297530065578,17.702050035584893,3.311873449751257,0.06370602002749007,0.06281153552635928,0.012867575218354035,0.9980277432980577,0.9960593763926137
1876,0.03343411151826191,-1.9141736418872182,-1.9418039916356065,32.56798456909094,4.937634820702641,0.0878293707467999,0.08625804202138,0.020540985230752644,0.9962807281458109,0.9925752892747473
1877,0.0348216801937344,-1.9232391423526154,-1.944053768052221,23.50248410369371,2.6878584040881393,0.06286531930290803,0.05866235162674266,0.02346117808209981,0.9982795328278957,0.9965620256630817
1878,0.029155733131942314,-1.9154154112895034,-1.9399436872508773,31.32621516680567,6.797939205431813,0.09009683091505513,0.08809590627816616,0.023465466051199545,0.9961212649118474,0.9922575744095788
1879,0.02155012809732293,-1.955826348832044,-1.9457530874977456,-9.084722375734877,0.9885389585635451,0.04429060449005081,0.042807015502567984,0.011272666598901958,0.9990838272604821,0.9981684938934527
1880,0.022364668240365718,-1.9037861262892048,-1.9458951406258207,42.955500167104255,0.8464858304884082,0.045198650583497424,0.035985779212517416,0.027641723141837583,0.9993525515264993,0.9987055222425244
1881,0.02993817916491197,-1.9067121271298075,-1.9438527687751923,40.02949932650157,2.8888576811167965,0.07357519912610186,0.06921747013237632,0.027516797238232478,0.9976050974239872,0.995215930406323
1882,0.024498715729972132,-1.9489847288801225,-1.9447271160656385,-2.2431024238134256,2.0145103906705764,0.049935719379133645,0.04786030567810997,0.014044255266834199,0.9988547915839686,0.9977108946702534
1883,0.026407700056958264,-1.9080294980566774,-1.9460417924745206,38.71212839963167,0.6998339817885224,0.04243064506417702,0.03137931491287341,0.02839264334295066,0.9995076867321988,0.9990156158367512
1884,0.038310892672010946,-1.8923550314223527,-1.9422139543273265,54.386595033956375,4.5276721289826405,0.08431319837408209,0.07735117852735368,0.03656378563551643,0.9970085789609511,0.9940261065217351
1885,0.02114994141996942,-1.9365846023660989,-1.9453082710403777,10.157024090210243,1.43335541593137,0.043541374803652166,0.0403483508968043,0.016454644876143617,0.9991860559922063,0.9983727744892605
1886,0.028205640106683864,-1.9382499820489498,-1.9443457020626795,8.491644407359278,2.395924393629567,0.06424701873412539,0.06111825982162882,0.018779707292713606,0.9981322799222662,0.9962680482228211
1887,0.02505728900769004,-1.9195144939344935,-1.9426814307041729,27.227132521815633,4.060195752136231,0.07678714822314893,0.06715893173305046,0.038170848248368784,0.997745459531097,0.9954960020149198
1888,0.03457052972026675,-1.9186404758207434,-1.9407948405308992,28.10115063556573,5.94678592540987,0.08592998532262162,0.0830683060493859,0.024801607090065788,0.996550003364229,0.993111909205245
1889,0.027080034159722773,-1.9307563072385914,-1.9454930190981374,15.98531921771773,1.2486073581716717,0.05012427073344162,0.04452149352997157,0.023175840443228773,0.9990090382597914,0.9980190585247533
1890,0.03510887652840832,-1.9144963588212105,-1.9418251612355328,32.24526763509861,4.916465220776267,0.08849080836018215,0.07827979704973037,0.04334986849172671,0.9969372831468412,0.9938839465282049
1891,0.026893445315847267,-1.9152867174589365,-1.9446066865119203,31.454908997372577,2.1349399443888473,0.05694492509703301,0.052552517029548294,0.023306599408751072,0.9986191825604676,0.9972402717777364
1892,0.030735611462241217,-1.934141789595733,-1.946096176795206,12.599836860576197,0.6454496611030258,0.04047146728236017,0.02976190248912499,0.02738056911844599,0.9995571173369905,0.9991144308190342
1893,0.026386241823278485,-1.910601633167748,-1.9440881853705692,36.1399932885611,2.6534410857399493,0.06703064321502368,0.06301246341636331,0.024655521536767318,0.9980152344862635,0.9960344082666716
1894,0.028330099452926236,-1.9450841789739763,-1.9451202254290443,1.6574474823327634,1.6214010272648238,0.04697364561218162,0.044995814523015945,0.01435941608318387,0.9989877057172358,0.9979764361741866
1895,0.0337024339060589,-1.922645657928047,-1.9441364583920493,24.095968528262013,2.6051680642598107,0.05898535794032067,0.05674291298480952,0.017334459560367024,0.9983901224785002,0.9967828366626347
1896,0.021048558636008276,-1.9346363673350517,-1.9444465755137308,12.105259121257372,2.295050942578314,0.05255057095282118,0.051561222497275,0.011031170291496754,0.9986708172323219,0.9973434011914737
1897,0.023854342251088054,-1.9348934771493906,-1.945115405366715,11.848149306918465,1.6262210895940932,0.04457142091186017,0.04404169692553219,0.007625115687646907,0.9990301686268325,0.9980612778265573
1898,0.029251056610739373,-1.9551307066826025,-1.9410674794747915,-8.389080226293366,5.6741469815175805,0.08752062692483432,0.08179828060785256,0.02933837280763877,0.9966568549051938,0.9933248864295127
1899,0.019326430495418587,-1.9314116264703027,-1.945533625823226,15.32999998600637,1.2080006330830173,0.03943543116950155,0.03812300322090511,0.01059523167514512,0.9992733506407016,0.9985472293006945
1900,0.023905733131942317,-1.9257780683714396,-1.9450609784336856,20.963558084869494,1.6806480226234655,0.046013794704181044,0.04446665271217046,0.01288631802533207,0.9990114208623776,0.9980238190134665
1901,0.022418154744603333,-1.9114132926503806,-1.9432770417593124,35.32833380592848,3.464584696996731,0.0700667777290028,0.06700133173932223,0.022939689361453842,0.9977554189481393,0.9955158760403771
1902,0.029911369014497792,-1.9156965043664778,-1.9390748527631934,31.045122089831345,7.666773693115747,0.10047548515065519,0.09489472058549783,0.036867368742561545,0.9954999866065832,0.9910202233337074
1903,0.028582552643826028,-1.9352237297969708,-1.942231133469553,11.517896659338334,4.510492986756098,0.07558339857898941,0.0712315256503939,0.026910202842044834,0.9974637643782125,0.9949339612475542
1904,0.021337986788303752,-1.9286312709976545,-1.9441551903219991,18.11035545865458,2.5864361343099773,0.058092363723214635,0.05703000562803117,0.013274041358983302,0.9983737969634309,0.9967502384631779
1905,0.022897974494923756,-1.9517300845521361,-1.945960492139086,-4.988458095827042,0.7811343172230423,0.034599640251816575,0.033168460579477574,0.009459949207051854,0.999449933023053,0.998900168619785
1906,0.026123529958695026,-1.9040020977125243,-1.9447552239119668,42.73952874378484,1.9864025443423472,0.05656455112801994,0.04751877534791487,0.03093404348367664,0.9988712731483598,0.9977438203210252
1907,0.02796405936586603,-1.9724293148531638,-1.9442479949361056,-25.687688396854647,2.493631520203543,0.06416746625493037,0.056495105783347294,0.029745661368508827,0.9984044826388772,0.9968115109534039
1908,0.01693495210462405,-1.9592761464357002,-1.9457851402376043,-12.534519979391145,0.9564862187048107,0.04753846597159495,0.04275172987497928,0.020011929891942,0.99908614489604,0.998173124923231
1909,0.023955266150910433,-1.9263769968494715,-1.9463457331292326,20.364629606837603,0.3958933270764575,0.029988920517037384,0.02386763409660768,0.01828926576574348,0.9997151689554754,0.9994304190396748
1910,0.02601584771045356,-1.920045017761726,-1.943608837784368,26.696608694583013,3.1327886719410003,0.06477015604911858,0.06277724773014788,0.018092856988325426,0.9980295087289559,0.9960629002937611
1911,0.03012951831051309,-1.9652194967297703,-1.94420507301764,-18.47787027346115,2.536553438669209,0.06038604482422777,0.05794450899966963,0.01565325790370811,0.9983215689422537,0.9966459550153229
1912,0.01944447862919347,-1.9284995142082975,-1.945373195833768,18.242112248011644,1.3684306225409948,0.04474183291815676,0.04017786287212309,0.020328623397810296,0.9991928821687295,0.9983864157766525
1913,0.029098774310004055,-1.9302507877569608,-1.9434104549366624,16.49083869934831,3.3311715196466807,0.06280001425647885,0.0622553123114492,0.010203815328101449,0.9980624450735001,0.9961286442660934
1914,0.02570290053674565,-1.9367446450509223,-1.9448113073857385,9.996981405386851,1.9303190705706186,0.048638528035650025,0.046784539785134006,0.014208639739609149,0.9989057374979453,0.997812672406314
1915,0.022767810762645495,-1.9594666591524825,-1.9445456099187142,-12.725032696173422,2.196016537594936,0.06489322555835918,0.06333772401777073,0.011927745050930647,0.9979944937074521,0.9959930094703936
1916,0.027395608880728898,-1.9676328350289152,-1.9445569580710942,-20.891208572606068,2.1846683852149162,0.055371229905859395,0.05044615608315878,0.022520353044523888,0.9987277662879307,0.9974571511544795
1917,0.02308686044965442,-1.9497030979140615,-1.945227844981243,-2.961471457752385,1.5137814750660894,0.05128358945211903,0.044332594877390434,0.0251573852427075,0.9990174255540372,0.9980358165606162
1918,0.0200389445347822,-1.954232550636095,-1.9460102540397648,-7.490924179785807,0.731372416544307,0.034570417548137694,0.03045719427132808,0.016219646859595926,0.999536195820485,0.999072606755287
1919,0.026264633795161727,-1.9331892980399517,-1.9462868901075308,13.552328416357451,0.4547363487783507,0.026502646279015978,0.024185781823551872,0.010961492462251674,0.9997075282448465,0.9994151420294206
1920,0.02232609766133526,-1.9200913335953034,-1.9442719924004,26.65029286100573,2.4696340559091645,0.06013171787349084,0.056242874860431655,0.022319420024946898,0.9984183902836716,0.9968392820566381
1921,0.027903766206883975,-1.9096440646611292,-1.9431320236282967,37.09756179517987,3.6096028280123704,0.0718458174284109,0.06635119772960539,0.02899355430091315,0.9977987749796944,0.9956023953509788
1922,0.022395013551719287,-1.9283651145728464,-1.9428333969131495,18.376511883462676,3.9082295431596137,0.07069361022660589,0.06582189736701148,0.027154628781296198,0.9978344528619549,0.995673595318317
1923,0.025587661700802157,-1.934060508432866,-1.9455418262668147,12.681118023443183,1.1998001894943933,0.048494803544287604,0.04300155914566609,0.022866334949003083,0.9990755936976812,0.9981520419223742
1924,0.0153448404598995,-1.9461706188795673,-1.946234296155881,0.5710075767417777,0.5073303004281549,0.03609686262541536,0.026987282401935084,0.024125447208290258,0.999635860350165,0.9992718532980147
1925,0.030557709418458597,-1.9550810186933425,-1.9425877037421457,-8.339392237033394,4.153922714163372,0.07361979191893303,0.06929952915224029,0.025629234972000193,0.9975989570227835,0.9952036790529454
1926,0.02677818174646731,-1.9101671459386733,-1.946048772513717,36.57448051763579,0.6928539425921088,0.04408416586723565,0.036185474489641815,0.025524792359586365,0.9993453686039404,0.9986911657501455
1927,0.023565645622030222,-1.939276259864031,-1.9464471703154007,7.465366592278144,0.29445614090839456,0.02765615985077694,0.02208014806962762,0.016661630382408553,0.9997562359817121,0.999512531384321
1928,0.02586959610856181,-1.9093149168950594,-1.9442496999079044,37.426709561249716,2.491926548404688,0.06140271742993803,0.05617799821752994,0.026402434551571163,0.9984220224723507,0.9968465349577791
1929,0.021369596108599117,-1.9259891134380653,-1.945265122285951,20.752513018243768,1.4765041703581616,0.047231592457437126,0.04039332976568045,0.02457950727740488,0.9991843275931513,0.9983693205077779
1930,0.028159734923506458,-1.9656431896070978,-1.9462088636046533,-18.901563150788725,0.5327628516558214,0.031579760658436956,0.02787705219091048,0.014629634513548198,0.9996114352884568,0.9992230215594485
1931,0.028952900536712865,-1.9260477360795585,-1.9447212336945234,20.693890376750623,2.020392761785672,0.0580988785807659,0.055718469260014086,0.017739771003313417,0.9984480436761277,0.9968984959206867
1932,0.02213592683791467,-1.9689800019104393,-1.946062138020643,-22.23837545413021,0.6794884356660091,0.03606563655652019,0.030847448933474998,0.018482126230496287,0.9995242713816229,0.9990487690809642
1933,0.0288532406458286,-1.9180331813112355,-1.944907633235793,28.708445145073647,1.833993220516028,0.05581651211786276,0.049073798595585576,0.026442751336613928,0.998796098874746,0.9975936471274113
1934,0.022450933611644408,-1.945964948024972,-1.945742389463178,0.7766784313369968,0.9992369931310918,0.0446379293523589,0.04245866820394136,0.013332407096994875,0.9990986825664349,0.9981981775059857
1935,0.022452567702628427,-1.915037302116404,-1.9441046982812125,31.70432433990511,2.6369281750966422,0.07481502333497048,0.0727730478889191,0.020222965886585467,0.9973534722321528,0.9947139485735315
1936,0.024446865964985288,-1.956354912333978,-1.9461802668663164,-9.613285877668964,0.5613595899927049,0.030918263482325483,0.028682223559230533,0.011616253064133908,0.9995886697035128,0.9991775085996384
1937,0.023086905444125932,-1.9390461413146152,-1.945814209648727,7.695485141693936,0.9274168075821265,0.040947683033130754,0.04016905293701358,0.008313027487023013,0.9991933232030377,0.9983872971335301
1938,0.031159800778622355,-1.9053339664193187,-1.9442677581882821,41.407660036990364,2.4738682680269797,0.06750185289914126,0.05948199272977039,0.03350045940356638,0.99823104761515,0.9964652244228399
1939,0.028786137023357333,-1.9420070651239876,-1.9440606267084208,4.73456133232153,2.6809997478882686,0.054645018299485766,0.05461381449056708,0.0022344927836087988,0.9985089454357151,0.9970201141151439
1940,0.02429778721652641,-1.9086822916950916,-1.9461419049634607,38.05933476121748,0.5997214928483707,0.0415801988541172,0.028534393356494447,0.030065969704135543,0.9995929046240886,0.9991859749748222
1941,0.03352188228216033,-1.9349423493515692,-1.9441580365130384,11.799277104739936,2.583589943270681,0.0729171076173272,0.07167621455079207,0.01529642546479405,0.9974316893267274,0.9948699748731693
1942,0.028336885183081844,-1.9051724555980425,-1.9413384066014892,41.56917085826662,5.403219854819952,0.08589348390820241,0.08093268000285586,0.029833419415145817,0.9967250941712322,0.9934609133506518
1943,0.022629523408786052,-1.9123608880785532,-1.945023238150031,34.380738377755904,1.718388306278129,0.05430521279881607,0.04841460961305526,0.025442492217744715,0.9988281074953302,0.997657588322703
1944,0.029454867461711026,-1.9105668986998647,-1.9444572119551966,36.17472775644437,2.284414501112497,0.0658480571492019,0.06094636903426415,0.026151565732284516,0.9981434317439354,0.9962903103335602
1945,0.031063743990147743,-1.9182029165110206,-1.9442256310662114,28.53870994528851,2.515995390097725,0.06492039061132518,0.062121818202132514,0.021272050018745197,0.9980705847814578,0.9961448922060012
1946,0.030164176525982918,-1.9503796564840064,-1.9423077566039206,-3.6380300276972477,4.433869852388472,0.08798587128460966,0.07540727763968483,0.04347115669326042,0.9971577327896752,0.9943235440622453
1947,0.02246925599951616,-1.937670138165253,-1.9460811526375819,9.071488291056085,0.6604738187272474,0.03065358739079096,0.027102333787183935,0.014443924821529626,0.9996327495230978,0.9992656339191084
1948,0.024784170098311666,-1.9388346150811808,-1.9450554064641816,7.907011375128281,1.68621999212748,0.047298824312761535,0.04681787745392975,0.007016902040786889,0.9989040451789833,0.9978092914749364
1949,0.02731856279523216,-1.9153305041507667,-1.9426748432652816,31.41112230554244,4.06678319102749,0.07908128518317792,0.07401274664749957,0.02991880119590355,0.9972612053372725,0.9945299116707496
1950,0.036278181746467304,-1.8979863158036603,-1.9443551494161333,48.75531065264882,2.386477040175805,0.07347429453082215,0.0677457277660148,0.03049992713515888,0.9977060981513131,0.9954174582883175
1951,0.0280350106846965,-1.9628482704253478,-1.9456326258372287,-16.106643969038714,1.1090006190803692,0.04875941694363855,0.03958389758119919,0.02857170561937104,0.9992167109422798,0.9984340354263076
1952,0.017816109604341768,-1.933727000021223,-1.9461253258735993,13.014626435086107,0.6163005827097834,0.03896103327812653,0.02864495351741811,0.026024578344326747,0.9995897537241747,0.9991796757503562
1953,0.018938910688172703,-1.9417631861848077,-1.9463981577808085,4.978440271501405,0.34346867550061333,0.026028689170607078,0.023043493643908914,0.01187734449487766,0.9997344987930836,0.9994690680770582
1954,0.03224593235328124,-1.9711573316266044,-1.9447033345649742,-24.415705170295343,2.0382918913348647,0.05323871152063939,0.04865350170574871,0.020795424166147748,0.9988164348185756,0.9976342704636899
1955,0.02303266980387017,-1.9770177104852398,-1.9464834558091695,-30.276084028930672,0.2581706471396217,0.03118356177939981,0.021418330423804765,0.022731658325999916,0.9997706360598118,0.9995413247274406
1956,0.027570529720287684,-1.913695917004924,-1.9432535603185757,33.045709451385186,3.4880661377334476,0.06719131328270155,0.06420510193133261,0.022224949403766906,0.9979390720317923,0.9958823914876748
1957,0.030446865964985276,-1.9599736004730135,-1.9444087238575938,-13.231974016704395,2.332902598715325,0.05733326332517491,0.05272819658254848,0.022051634729652256,0.998609869653507,0.9972216717693941
1958,0.03150145529989408,-1.9357419959296773,-1.9444264020921487,10.999630526631776,2.3152243641604286,0.05834363698650703,0.053319801430820594,0.023248193526594713,0.9985788548084995,0.9971597292706543
1959,0.023817612547043433,-1.9395547185997206,-1.9453866967471394,7.186907856588487,1.3549297091697277,0.04297377989934425,0.04182584102243416,0.010073602037007405,0.9991254046730679,0.9982515742631216
1960,0.02965980077861778,-1.9047857251560705,-1.9428827254582932,41.95590130023863,3.8589009980158906,0.07598566237204471,0.07046063671517101,0.031316902959903296,0.9975176500634934,0.995041462188194
1961,0.026225156774654965,-1.9378696999899485,-1.9444952095914176,8.871926466360591,2.246416864891465,0.05417099785390011,0.04990717096391512,0.021361413512452826,0.998754884900738,0.9975113201130865
1962,0.032866635165413244,-1.9033394759712043,-1.9425783504946825,43.40215048510476,4.163275961626578,0.08284457630552557,0.0769916311858101,0.03359624744298085,0.9970363098162823,0.9940814030920697
1963,0.02508982526565057,-1.9317964359711721,-1.9459394566873411,14.945190485136983,0.8021697689679641,0.042052596042054316,0.04060536305608391,0.011728341155082398,0.9991757441151139,0.9983521676279915
1964,0.03377188228222497,-1.9356288867660962,-1.939517261715024,11.11273969021287,7.224364741285072,0.09508543444250825,0.09387777934297903,0.01896311575137381,0.9955941558749342,0.9912077232123228
1965,0.021572496645322625,-1.9279043281586554,-1.9460330785939737,18.837298297653682,0.7085478623354291,0.033084261088405384,0.030277294149934693,0.013698170461780545,0.9995416443248406,0.9990834987396061
1966,0.03158370311729427,-1.9520378362425197,-1.9440396925065968,-5.296209786210593,2.7019339497122985,0.05742592997027448,0.056210640604616155,0.010815873531527595,0.9984202097792185,0.9968429152955788
1967,0.02737673493383727,-1.944233317465465,-1.945751974390079,2.508308990844199,0.989652066230029,0.0394174261107099,0.036666743150701966,0.014510836097551334,0.9993278783543443,0.9986562084561952
1968,0.019385552882207696,-1.9246733533609512,-1.9456901932303248,22.06827309535786,1.0514332259843329,0.0418186838963694,0.03870715740892113,0.01666142124790073,0.9992508822818272,0.9985023257410102
1969,0.02003295618296366,-1.945630021881217,-1.9458427344350635,1.1116045750920733,0.8988920212456009,0.03540717813836675,0.033377775684912195,0.011849731009605234,0.9994429626892782,0.998886235669122
1970,0.01933246506712338,-1.9399827749675784,-1.9443631715750145,6.758851488730677,2.3784548812946227,0.06538265448612185,0.05423641109400138,0.03614411130806789,0.9985292565635633,0.9970606762133823
1971,0.028454867461758515,-1.957431956354213,-1.9458110827806123,-10.690329897903972,0.9305436756967822,0.03858563873411461,0.035903566498967115,0.013967755116696474,0.9993555692031649,0.9987115536973817
1972,0.02089466373080815,-1.97189378240061,-1.9466043325666884,-25.15215594430087,0.13729388962069322,0.02396322678482862,0.014211529833130118,0.019478544253870658,0.9998990164035101,0.999798043004707
1973,0.03252024819119557,-1.943877850809861,-1.9460069693650237,2.863775646448019,0.7346570912853956,0.03776465356039353,0.035911403516618805,0.012326943751392762,0.9993551943914727,0.9987108045572182
1974,0.02708045192215345,-1.9644024709316514,-1.942879319056883,-17.66084447534233,3.862307399426168,0.07291039846522894,0.07048592271256307,0.01633639329839968,0.9975159806689965,0.9950381316900297
1975,0.02055770941844294,-1.9759772629920753,-1.9461873535175351,-29.23563653576622,0.5542729387739698,0.03792111696602754,0.029523817872388017,0.023731890569442627,0.9995641776051754,0.9991285451515105
1976,0.030336885183059083,-1.9043158164994811,-1.943894323563035,42.42580995682799,2.847302893274062,0.06405581575838126,0.05681931196024173,0.030550929433488548,0.9983861820223133,0.9967749684530918
1977,0.021800215673991267,-1.9349248394892962,-1.9447553140916687,11.816786967012938,1.986312364640419,0.05904861858013412,0.0506448713594597,0.02973107600222367,0.9987178329257012,0.9974373098038087
1978,0.024403766206899373,-1.9081030197507134,-1.9451239687601702,38.63860670559571,1.6176576961388633,0.05811121259479788,0.05216890712597369,0.026305057080341025,0.9986394827163743,0.9972808164400275
1979,0.017753157332389493,-1.9493658096497277,-1.9456651101499272,-2.6241831934186166,1.0765163063819472,0.04311294361211729,0.03742424032579848,0.021224589842915656,0.9992997228798575,0.9985999361477599
1980,0.026428917532930394,-1.9718784814561465,-1.9438590363287267,-25.13685499983742,2.8825901275824073,0.06756853203374077,0.06199002115404942,0.025318133323766163,0.9980786316912447,0.9961609550386672
1981,0.021231543815621916,-1.940642474958304,-1.9448719304896922,6.0991514980051065,1.8696959666169022,0.049391837000846775,0.047969609403861024,0.012817384366554703,0.9988494747954032,0.9977002732990529
1982,0.028538237744938945,-1.93455002734732,-1.944547106567631,12.191599108989148,2.194519888678137,0.061484366589034244,0.05641195267991623,0.02587796733226938,0.9984088462847237,0.996820224339593
1983,0.030084519568853486,-1.9364031759482876,-1.944576699858285,10.338450508021513,2.1649265980241417,0.05473271348427451,0.0509615953145398,0.02078257881616229,0.9987016279731387,0.9974049417161974
1984,0.021294733849054247,-1.948446605858275,-1.9463129347201529,-1.7049794019659004,0.42869173615622813,0.032543203933283256,0.02782732260925208,0.01692168668454773,0.9996128257776645,0.9992258014592075
1985,0.02844686596500445,-1.9234515997070953,-1.9451927119695174,23.290026749213766,1.5489144867917304,0.04558484794069589,0.042052040088502884,0.018384310321575753,0.9991159104694808,0.9982326025532595
1986,0.022000728874877293,-1.9292986238714704,-1.9460701011819717,17.443002584838663,0.6715252743374478,0.04004868470359534,0.03277714292336265,0.022794748956722403,0.9994628710028931,0.9989260305133457
1987,0.017588852108105724,-1.9373486928297836,-1.9466535807224232,9.39293362652549,0.08804573388587755,0.01672603479464519,0.012094946967158248,0.01149012437922235,0.999926856177807,0.9998537177056327
1988,0.016424123461219263,-1.947785262488513,-1.9464612618914179,-1.0436360322039206,0.2803645648912223,0.02136050131023209,0.020150640770904213,0.0069209868515985795,0.9997969758744286,0.9995939929676528
1989,0.020676156241378106,-1.9184786111522525,-1.945490721591235,28.263015304056616,1.250904865074176,0.0483403841373339,0.04206896025337345,0.024261205993313672,0.9991151043070667,0.9982309916545209
1990,0.030747301551737195,-1.9371534056397903,-1.9411296656827746,9.588220816518778,5.611960773534541,0.08328469685607907,0.08183679680708301,0.0163259762418668,0.996651387654834,0.9933139885143061
1991,0.015555322082640863,-1.9229609920756123,-1.945455510972,23.780634380696775,1.286115484309125,0.04612199938726708,0.04072724717877984,0.02225664986021029,0.9991706477607109,0.9983419833465585
1992,0.029756717226729706,-1.947926506503326,-1.9454657285865464,-1.1848800470168896,1.2758978697626766,0.04166485953390734,0.04118070980606289,0.006703157632787672,0.9991521105597089,0.9983049400359207
1993,0.025330850611335456,-1.9224682435876186,-1.9442404733896275,24.27338286869052,2.5011530666816384,0.06806482191531855,0.057807527726963286,0.03668843423001308,0.9983294654543043,0.996661721594277
1994,0.03284680738496182,-1.9514119093111273,-1.9422686606524795,-4.670282854818186,4.472965803829609,0.07860549043251168,0.07389418715966102,0.025352709243787002,0.9972705813771825,0.9945486124803836
1995,0.02631217575425327,-1.9369609830570116,-1.9458237413998847,9.780643399297517,0.9178850564244279,0.05690090376098536,0.03784422701084619,0.04244227601107179,0.999283956580283,0.998568425878745
1996,0.031591570817446624,-1.9231649318089736,-1.945753455423765,23.576694647335472,0.9881710325441162,0.04267806837186404,0.039198998896358875,0.017567800438586443,0.9992317649981936,0.9984641201814051
1997,0.021836885183043858,-1.918544907466855,-1.9457004884218085,28.196718989454084,1.041138034500566,0.05011034478730814,0.042307237412534525,0.02696314351573273,0.9991051813008381,0.9982111633021806
1998,0.02295966153342172,-1.95972644754771,-1.9455438975041817,-12.984821091400978,1.1977289521274415,0.044991184251195526,0.04351445324728359,0.01115106837930784,0.9990532498036527,0.9981073959432397
1999,0.028501235401821395,-1.9393674234673501,-1.9424214194737492,7.374202988958967,4.32020698255986,0.07312841122712685,0.07126817496855921,0.018370823307625593,0.9974606904382544,0.9949278289695591
