bootstrap_index,raw_energy_hartree,projected_energy_hartree,raw_energy_error_millihartree,projected_energy_error_millihartree,raw_gamma_frobenius_error,projected_gamma_frobenius_error
0.0,-1.116694806782987,-1.116586123601099,-0.010419697646035786,0.09826348424191167,0.009333809511662223,0.009333199709168686
1.0,-1.1166845808400487,-1.1166825596139036,-0.00019375470783344895,0.0018274714372878975,0.0012727922061355668,0.0012727906596963277
2.0,-1.116702910992267,-1.116509715980985,-0.018523906926137812,0.17467110435598343,0.012445079348883004,0.012443634017599514
3.0,-1.116691622986484,-1.1166161455563817,-0.007235901143154422,0.06824152895923419,0.007778174593052226,0.007777821685957921
4.0,-1.116686685829472,-1.1166627062331256,-0.0022987441310462486,0.021680852215322233,0.004384062043356347,0.004383998848670829
5.0,-1.1166844253578754,-1.1166840261025532,-3.8272534474970143e-05,0.0003609827876616123,0.0005656854249489794,0.0005656852891844476
6.0,-1.1166876617791144,-1.116653501875251,-0.0032746937734806636,0.03088521008987044,0.005232590180780229,0.0052324827333409644
7.0,-1.1166844731985446,-1.1166835748746062,-8.611320367890585e-05,0.0008122107346686391,0.0008485281374241168,0.0008485276792194471
8.0,-1.1166848559238938,-1.1166799650724801,-0.0004688385528694994,0.004422012860771929,0.0019798989873220756,0.0019798931664486603
9.0,-1.1166845808400487,-1.1166825596139036,-0.00019375470783344895,0.0018274714372878975,0.001272792206136038,0.0012727906596967987
10.0,-1.1166851621041736,-1.1166770772582368,-0.0007750188326660634,0.007309827104062805,0.0025455844122718404,0.002545572040835175
11.0,-1.1166849994458996,-1.116678611406515,-0.0006123605587049497,0.005775678825870045,0.002262741699797213,0.0022627330109266453
12.0,-1.1166908551437507,-1.1166233864077681,-0.006468058409758726,0.0610006775727534,0.007353910524339834,0.007353612270562702
13.0,-1.1166849994458996,-1.116678611406515,-0.0006123605587049497,0.005775678825870045,0.002262741699797213,0.0022627330109266453
14.0,-1.1167102593189817,-1.1164404496973699,-0.02587223364081126,0.24393738797101605,0.014707821048679941,0.014705435518310855
15.0,-1.1166868365275788,-1.116661284955796,-0.002449442237928423,0.023102129544927408,0.0045254833995936414,0.004525413890007469
16.0,-1.1166957755565283,-1.1165769889691313,-0.011388471187423477,0.1073981162096338,0.009758073580374145,0.009757376793247159
17.0,-1.1166849994458996,-1.116678611406515,-0.0006123605587049497,0.005775678825870045,0.0022627416997967422,0.0022627330109261743
18.0,-1.11669713423152,-1.1165641783411768,-0.012747146179048485,0.12020874416407423,0.010323759005323792,0.010322933889235346
19.0,-1.1166848559238938,-1.1166799650724801,-0.0004688385528694994,0.004422012860771929,0.0019798989873220756,0.0019798931664486603
20.0,-1.1166892309530478,-1.1166387032314313,-0.004843867706938454,0.04568385390957275,0.00636396103067913,0.006363767735474296
21.0,-1.1167024923864157,-1.116513662237054,-0.018105301074822222,0.17072484828695167,0.01230365799264571,0.012302261369911777
22.0,-1.1166846765213863,-1.116681657162478,-0.00028943604535314194,0.0027299228628763217,0.0015556349186101547,0.0015556320951416631
23.0,-1.11669713423152,-1.1165641783411768,-0.012747146179048485,0.12020874416407423,0.010323759005323792,0.010322933889235346
24.0,-1.1166896710872,-1.1166345525074148,-0.00528400185917377,0.049834577926066714,0.006646803743153796,0.006646583513879207
25.0,-1.1166858821062378,-1.116670286478736,-0.0014950208968578238,0.01410060660500534,0.003535533905932466,0.003535500760837278
26.0,-1.1166860040999427,-1.1166691358949157,-0.0016170146017735476,0.015251190425225047,0.0036769552621703093,0.0036769179784950107
27.0,-1.1166846765213863,-1.116681657162478,-0.00028943604535314194,0.0027299228628763217,0.0015556349186101547,0.0015556320951416631
28.0,-1.1166845042949785,-1.1166832815767602,-0.00011720963755124103,0.0011055085806788156,0.0009899494936609398,0.0009899487660489212
29.0,-1.1166844253578754,-1.1166840261025537,-3.8272534474970143e-05,0.0003609827872175231,0.0005656854249494505,0.0005656852891849185
30.0,-1.1166886066323207,-1.11664459102971,-0.004219546979822297,0.03979605563086963,0.0059396969619667376,0.005939539804746718
31.0,-1.1166863987854598,-1.1166654134443954,-0.002011700118931259,0.018973640945496584,0.00410121933088223,0.00410116759512436
32.0,-1.116688408093546,-1.1166464634159432,-0.004021008205068455,0.0379236693976992,0.0057982756057294435,0.005798129408558621
33.0,-1.116686130877715,-1.1166679401942678,-0.0017437923740537542,0.016446891073051972,0.0038183766184076034,0.0038183348652455077
34.0,-1.116700471118163,-1.11653271765785,-0.016084032822050176,0.15166942749100798,0.011596551211459593,0.011595381786431602
35.0,-1.1166862624395542,-1.1166666993772636,-0.0018753542132543544,0.017687708077307462,0.003959797974644936,0.003959751408363841
36.0,-1.1166882143388377,-1.1166482906943287,-0.0038272534967909166,0.03609639101220807,0.005656854249492149,0.005656718490601543
37.0,-1.1166862624395542,-1.1166666993772636,-0.0018753542132543544,0.017687708077307462,0.003959797974644936,0.003959751408363841
38.0,-1.1166918885021948,-1.1166136417462815,-0.007501416853905596,0.07074533905937486,0.007919595949289598,0.00791922344167385
39.0,-1.116688408093546,-1.1166464634159432,-0.004021008205068455,0.0379236693976992,0.0057982756057294435,0.005798129408558621
40.0,-1.1166852506094105,-1.1166762425039796,-0.0008635240695831214,0.008144581361335668,0.002687005768508663,0.0026869912185080755
41.0,-1.1166844253578754,-1.1166840261025532,-3.8272534474970143e-05,0.0003609827876616123,0.0005656854249489794,0.0005656852891844476
42.0,-1.116686685829472,-1.1166627062331256,-0.0022987441310462486,0.021680852215322233,0.004384062043356347,0.004383998848670829
43.0,-1.1166863987854598,-1.1166654134443954,-0.002011700118931259,0.018973640945496584,0.004101219330881759,0.004101167595123889
44.0,-1.1166903671689297,-1.1166279881500825,-0.005980083588763563,0.05639893525843931,0.007071067811865717,0.007070802663946689
45.0,-1.1166852506094105,-1.1166762425039796,-0.0008635240695831214,0.008144581361335668,0.002687005768508663,0.0026869912185080755
46.0,-1.1166855448295236,-1.1166734675247558,-0.0011577441827448354,0.010919560585076482,0.003111269837220545,0.003111247249683857
47.0,-1.1166857648965998,-1.1166713919452724,-0.0013778112588624936,0.012995140068472466,0.003394112549695172,0.003394083224999144
48.0,-1.116706432065485,-1.1164765241341916,-0.022044980144020343,0.20786295114927356,0.013576450198781512,0.013574573837012518
49.0,-1.1166862624395542,-1.1166666993772636,-0.0018753542132543544,0.017687708077307462,0.003959797974644936,0.003959751408363841
50.0,-1.116736076535854,-1.1161972045575084,-0.051689450513148216,0.48718252783253035,0.02078893936688429,0.02078220470317934
51.0,-1.1166846262886838,-1.1166821309491795,-0.00023920334291105405,0.0022561361614492625,0.0014142135623728608,0.0014142114410579138
52.0,-1.1166961080491755,-1.1165738539295171,-0.011720963834616072,0.11053315582376655,0.00989949493661191,0.009898767415824098
53.0,-1.1166882143388377,-1.1166482906943287,-0.0038272534967909166,0.03609639101220807,0.005656854249492149,0.005656718490601543
54.0,-1.11669644532589,-1.1165706738108105,-0.01205824054917315,0.11371327453035818,0.010040916292848732,0.010040157147821317
55.0,-1.1166857648965993,-1.116671391945272,-0.0013778112584184043,0.012995140068916555,0.003394112549695643,0.003394083224999615
56.0,-1.1166886066323212,-1.11664459102971,-0.0042195469802663865,0.03979605563086963,0.0059396969619672085,0.005939539804747189
57.0,-1.1166862624395542,-1.1166666993772636,-0.0018753542132543544,0.017687708077307462,0.003959797974644936,0.003959751408363841
58.0,-1.1166850783830036,-1.1166778668925192,-0.000691297662669399,0.006520192821657389,0.0024041630560345073,0.0024041526340654756
59.0,-1.1166848559238938,-1.1166799650724801,-0.0004688385528694994,0.004422012860771929,0.0019798989873225465,0.0019798931664491313
60.0,-1.1166857648965993,-1.116671391945272,-0.0013778112584184043,0.012995140068916555,0.003394112549695643,0.003394083224999615
61.0,-1.1166844731985446,-1.1166835748746062,-8.611320367890585e-05,0.0008122107346686391,0.0008485281374241168,0.0008485276792194471
62.0,-1.116708788218419,-1.1164543153582906,-0.024401133078111314,0.2300717270502517,0.014283556979968021,0.014281371957281202
63.0,-1.1166857648965998,-1.1166713919452724,-0.0013778112588624936,0.012995140068472466,0.003394112549695172,0.003394083224999144
64.0,-1.1166843894773737,-1.1166843645239055,-2.3920327940629704e-06,2.2561435386592166e-05,0.00014142135623752944,0.00014142135411623238
65.0,-1.116725436771132,-1.1162974295083026,-0.04104968579099477,0.3869575770383271,0.018526197667087782,0.01852143085900762
66.0,-1.1166851621041736,-1.1166770772582368,-0.0007750188326660634,0.007309827104062805,0.0025455844122713694,0.002545572040834704
67.0,-1.1166843966534739,-1.1166842968396078,-9.568132952608721e-06,9.024573310867368e-05,0.0002828427124748234,0.00028284269550424995
68.0,-1.1166862624395542,-1.1166666993772636,-0.0018753542132543544,0.017687708077307462,0.003959797974644936,0.003959751408363841
69.0,-1.1166929984057092,-1.1166031755675867,-0.008611320368334674,0.08121151775419833,0.008485281374238813,0.008484823211653114
70.0,-1.1166873173262992,-1.116656750443835,-0.002930240958320951,0.027636641505957016,0.004949747468305562,0.004949656519573966
71.0,-1.1166844731985446,-1.1166835748746062,-8.611320367890585e-05,0.0008122107346686391,0.0008485281374241168,0.0008485276792194471
72.0,-1.116684504294979,-1.1166832815767602,-0.00011720963799533024,0.0011055085806788156,0.0009899494936614107,0.0009899487660493921
73.0,-1.116684791338991,-1.1166805742239139,-0.00040425365011032,0.0038128614270327432,0.001838477631084782,0.0018384729705643137
74.0,-1.116692158801973,-1.1166110928413335,-0.007771716632021253,0.07329424400737139,0.00806101730552642,0.008060624484818039
75.0,-1.116730603563353,-1.1162487554449885,-0.04621647801217321,0.4356316403524296,0.01965756851698582,0.019651874300659032
76.0,-1.1166878411816215,-1.1166518099246794,-0.003454096280552932,0.03257716066151772,0.005374011537018033,0.00537389514027
77.0,-1.1166862624395542,-1.1166666993772636,-0.0018753542132543544,0.017687708077307462,0.003959797974644936,0.003959751408363841
78.0,-1.1166862624395542,-1.1166666993772636,-0.0018753542132543544,0.017687708077307462,0.003959797974644936,0.003959751408363841
79.0,-1.1166858821062378,-1.116670286478736,-0.0014950208968578238,0.01410060660500534,0.003535533905932466,0.003535500760837278
80.0,-1.1166894486280903,-1.1166366504214027,-0.005061542749373871,0.04773666393820264,0.006505382386916031,0.006505175917365274
81.0,-1.1166873173262992,-1.116656750443835,-0.002930240958320951,0.027636641505957016,0.004949747468306033,0.0049496565195744375
82.0,-1.1166892309530478,-1.1166387032314313,-0.004843867706938454,0.04568385390957275,0.00636396103067913,0.006363767735474296
83.0,-1.1166855448295236,-1.1166734675247558,-0.0011577441827448354,0.010919560585076482,0.003111269837220545,0.003111247249683857
84.0,-1.1166941848542935,-1.1165919879380022,-0.00979776895260187,0.09239914733871757,0.009050966799187557,0.009050410766621945
85.0,-1.1166918885021948,-1.1166136417462815,-0.007501416853905596,0.07074533905937486,0.007919595949289128,0.00791922344167338
86.0,-1.1166890180620723,-1.1166407109366858,-0.004630976731423431,0.04367614865508074,0.006222539674441836,0.006222358980926722
87.0,-1.1166929984057092,-1.1166031755675867,-0.008611320368334674,0.08121151775419833,0.008485281374238813,0.008484823211653114
88.0,-1.116697842273417,-1.1165575025705174,-0.013455188076161306,0.12688451482345542,0.010606601717798418,0.01060570691580111
89.0,-1.1166853438987148,-1.1166753626300787,-0.0009568133738646623,0.009024455262185427,0.002828427124746428,0.0028284101543589956
90.0,-1.1166846765213863,-1.116681657162478,-0.00028943604535314194,0.0027299228628763217,0.0015556349186101547,0.0015556320951416631
91.0,-1.116684504294979,-1.1166832815767602,-0.00011720963799533024,0.0011055085806788156,0.0009899494936614107,0.0009899487660493921
92.0,-1.1166858821062378,-1.116670286478736,-0.0014950208968578238,0.01410060660500534,0.003535533905932466,0.003535500760837278
93.0,-1.1166886066323212,-1.11664459102971,-0.0042195469802663865,0.03979605563086963,0.0059396969619672085,0.005939539804747189
94.0,-1.116693881066047,-1.1165948524776201,-0.009493980706043459,0.08953460772076482,0.008909545442950695,0.008909015067542513
95.0,-1.116715473951872,-1.1163913044079337,-0.031086866531193635,0.2930826774072415,0.01612203461105304,0.016118892836354558
96.0,-1.1166843894773737,-1.1166843645239055,-2.3920327940629704e-06,2.2561435386592166e-05,0.00014142135623752944,0.00014142135411623238
97.0,-1.1166869920097522,-1.116659818564747,-0.002604924411286902,0.02456852059395942,0.0046669047558309746,0.004666828524086406
98.0,-1.116684791338991,-1.1166805742239139,-0.00040425365011032,0.0038128614270327432,0.001838477631084782,0.0018384729705643137
99.0,-1.1166863987854598,-1.1166654134443954,-0.002011700118931259,0.018973640945496584,0.00410121933088223,0.00410116759512436
100.0,-1.116687661779114,-1.1166535018752506,-0.0032746937730365744,0.03088521009031453,0.0052325901807807,0.005232482733341436
101.0,-1.1166846765213863,-1.116681657162478,-0.00028943604535314194,0.0027299228628763217,0.001555634918610626,0.0015556320951421341
102.0,-1.1166855448295232,-1.1166734675247558,-0.0011577441823007462,0.010919560585076482,0.003111269837221016,0.003111247249684328
103.0,-1.1166843870853405,-1.11668438708534,4.440892098500626e-13,8.881784197001252e-13,2.9373740229761033e-16,4.577566798522237e-16
104.0,-1.1166848559238938,-1.1166799650724801,-0.0004688385528694994,0.004422012860771929,0.0019798989873225465,0.0019798931664491313
105.0,-1.116693287841755,-1.1166004462935208,-0.008900756414131905,0.08394079182005854,0.008626702730475637,0.00862622127734209
106.0,-1.116684791338991,-1.1166805742239139,-0.00040425365011032,0.0038128614270327432,0.001838477631084782,0.0018384729705643137
107.0,-1.1166843966534739,-1.1166842968396078,-9.568132952608721e-06,9.024573310867368e-05,0.0002828427124748234,0.00028284269550424995
108.0,-1.1166854419720855,-1.1166744376368816,-0.0010548867446225074,0.00994944845933432,0.0029698484809837222,0.0029698288356598216
109.0,-1.116688408093546,-1.1166464634159432,-0.004021008205068455,0.0379236693976992,0.0057982756057299144,0.005798129408559092
110.0,-1.1166880253681963,-1.116650072864143,-0.003638282855433772,0.034314221197817574,0.005515432893255327,0.0055153070635979365
111.0,-1.116684791338991,-1.1166805742239139,-0.00040425365011032,0.0038128614270327432,0.001838477631084782,0.0018384729705643137
112.0,-1.1166858821062378,-1.116670286478736,-0.0014950208968578238,0.01410060660500534,0.003535533905932466,0.003535500760837278
113.0,-1.1166848559238938,-1.1166799650724801,-0.0004688385528694994,0.004422012860771929,0.0019798989873220756,0.0019798931664486603
114.0,-1.11669013035762,-1.116630221370896,-0.005743272279090661,0.054165714444831536,0.006929646455628423,0.006929396899890114
115.0,-1.1166927137537304,-1.1166058597509498,-0.008326668389457836,0.0785273343910653,0.00834386001800152,0.008343424382525033
116.0,-1.1166852506094105,-1.1166762425039796,-0.0008635240695831214,0.008144581361335668,0.002687005768509134,0.0026869912185085464
117.0,-1.1166876617791144,-1.116653501875251,-0.0032746937734806636,0.03088521008987044,0.005232590180780229,0.0052324827333409644
118.0,-1.1166854419720855,-1.1166744376368816,-0.0010548867446225074,0.00994944845933432,0.0029698484809837222,0.0029698288356598216
119.0,-1.1166850783830036,-1.1166778668925192,-0.000691297662669399,0.006520192821657389,0.0024041630560345073,0.0024041526340654756
120.0,-1.116694493426607,-1.11658907831211,-0.010106341266080676,0.09530877323093989,0.009192388155425323,0.00919180565140271
121.0,-1.1166857648965998,-1.1166713919452724,-0.0013778112588624936,0.012995140068472466,0.003394112549695172,0.003394083224999144
122.0,-1.1166855448295232,-1.1166734675247558,-0.0011577441823007462,0.010919560585076482,0.003111269837221016,0.003111247249684328
123.0,-1.1167241929137455,-1.1163091483744316,-0.03980582840457103,0.37523871090927585,0.018243354954613194,0.018238803096235216
124.0,-1.1166921588019734,-1.1166110928413335,-0.007771716632465342,0.07329424400737139,0.008061017305526892,0.008060624484818509
125.0,-1.1166858821062378,-1.1166702864787363,-0.0014950208968578238,0.01410060660456125,0.003535533905932937,0.0035355007608377496
126.0,-1.1166851621041736,-1.1166770772582368,-0.0007750188326660634,0.007309827104062805,0.0025455844122713694,0.002545572040834704
127.0,-1.1166844731985446,-1.1166835748746062,-8.611320367890585e-05,0.0008122107346686391,0.0008485281374241168,0.0008485276792194471
128.0,-1.1166929984057092,-1.1166031755675867,-0.008611320368334674,0.08121151775419833,0.008485281374238342,0.008484823211652644
129.0,-1.1166874871606733,-1.1166551487151866,-0.0031000753324406105,0.02923837015433861,0.005091168824543406,0.005091069855534986
130.0,-1.1166854419720855,-1.1166744376368816,-0.0010548867446225074,0.00994944845933432,0.0029698484809837222,0.0029698288356598216
131.0,-1.1167068937279376,-1.1164721724531939,-0.022506642596731297,0.21221463214704528,0.013717871555018806,0.013715935953676222
132.0,-1.1166882143388377,-1.1166482906943287,-0.0038272534967909166,0.03609639101220807,0.005656854249492149,0.005656718490601543
133.0,-1.1166860040999427,-1.1166691358949157,-0.0016170146017735476,0.015251190425225047,0.0036769552621703093,0.0036769179784950107
134.0,-1.1166935820618678,-1.1165976719298318,-0.00919497652684953,0.08671515550906506,0.00876812408671293,0.008767618566877092
135.0,-1.1167217626077743,-1.1163320463963107,-0.037375522433436004,0.3523406890302283,0.0176776695296639,0.017673527997467114
136.0,-1.1166896710872,-1.1166345525074148,-0.00528400185917377,0.049834577926066714,0.006646803743153796,0.006646583513879207
137.0,-1.1166908551437507,-1.1166233864077681,-0.006468058409758726,0.0610006775727534,0.0073539105243403055,0.007353612270563173
138.0,-1.1166862624395537,-1.1166666993772636,-0.0018753542128102652,0.017687708077307462,0.003959797974644465,0.00395975140836337
139.0,-1.1166845808400487,-1.1166825596139036,-0.00019375470783344895,0.0018274714372878975,0.001272792206136038,0.0012727906596967987
140.0,-1.1166951249234334,-1.1165831238061372,-0.0107378380924672,0.10126327920367828,0.00947523086789999,0.009474592927207514
141.0,-1.1166849252928635,-1.116679310799927,-0.0005382075225490723,0.005076285413796455,0.0021213203435593696,0.002121313184144641
142.0,-1.1166860040999427,-1.1166691358949157,-0.0016170146017735476,0.015251190425225047,0.0036769552621703093,0.0036769179784950107
143.0,-1.116684791338991,-1.1166805742239139,-0.00040425365011032,0.0038128614270327432,0.001838477631084782,0.0018384729705643137
144.0,-1.1167601762727197,-1.1159702974485861,-0.07578918737882745,0.7140896367547889,0.025173001410240873,0.025161047472587614
145.0,-1.1166847315381547,-1.116681138253988,-0.00034445281382744497,0.0032488313528311608,0.0016970562748479198,0.001697052609220065
146.0,-1.1166906087643071,-1.1166257098287389,-0.006221678966245037,0.058677256602024386,0.0072124891681030106,0.007212207791744392
147.0,-1.1166849252928635,-1.116679310799927,-0.0005382075225490723,0.005076285413796455,0.002121320343559841,0.002121313184145112
148.0,-1.1166843966534739,-1.1166842968396078,-9.568132952608721e-06,9.024573310867368e-05,0.0002828427124748234,0.00028284269550424995
149.0,-1.1166849994458996,-1.116678611406515,-0.0006123605587049497,0.005775678825870045,0.0022627416997967422,0.0022627330109261743
150.0,-1.116686130877715,-1.1166679401942678,-0.0017437923740537542,0.016446891073051972,0.0038183766184071324,0.0038183348652450367
151.0,-1.1166853438987148,-1.1166753626300787,-0.0009568133738646623,0.009024455262185427,0.002828427124745957,0.0028284101543585246
152.0,-1.1166878411816215,-1.1166518099246794,-0.003454096280552932,0.03257716066151772,0.005374011537017562,0.005373895140269529
153.0,-1.1166951249234334,-1.1165831238061372,-0.0107378380924672,0.10126327920367828,0.00947523086789999,0.009474592927207514
154.0,-1.1166844086136414,-1.1166841840324757,-2.1528300475637252e-05,0.0002030528651886243,0.00042426406871168553,0.0004242640114359913
155.0,-1.116726699764786,-1.1162855307633324,-0.04231267944510009,0.39885632200853394,0.0188090403795619,0.01880405196219466
156.0,-1.116687152275992,-1.1166583070605602,-0.002765190651121685,0.026080024780661404,0.00480832611206874,0.004808242738183721
157.0,-1.1166908551437507,-1.1166233864077681,-0.006468058409758726,0.0610006775727534,0.007353910524339834,0.007353612270562702
158.0,-1.116699315766013,-1.1165436101686979,-0.014928680672099404,0.14077691664304837,0.01117228714274724,0.011171241417679754
159.0,-1.1166846765213863,-1.116681657162478,-0.00028943604535314194,0.0027299228628763217,0.001555634918610626,0.0015556320951421341
160.0,-1.1167211669914492,-1.1163376584488867,-0.0367799061082863,0.346728636454241,0.017536248173426135,0.01753220521895605
161.0,-1.1166880253681963,-1.116650072864143,-0.003638282855433772,0.034314221197817574,0.005515432893254855,0.005515307063597465
162.0,-1.1166844253578754,-1.1166840261025532,-3.8272534474970143e-05,0.0003609827876616123,0.0005656854249489794,0.0005656852891844476
163.0,-1.11669013035762,-1.116630221370896,-0.005743272279090661,0.054165714444831536,0.006929646455628423,0.006929396899890114
164.0,-1.116688408093546,-1.1166464634159432,-0.004021008205068455,0.0379236693976992,0.0057982756057294435,0.005798129408558621
165.0,-1.1166844253578754,-1.1166840261025537,-3.8272534474970143e-05,0.0003609827872175231,0.0005656854249494505,0.0005656852891849185
166.0,-1.1166894486280903,-1.1166366504214027,-0.005061542749373871,0.04773666393820264,0.006505382386916031,0.006505175917365274
167.0,-1.1167102593189817,-1.1164404496973699,-0.02587223364081126,0.24393738797101605,0.014707821048679941,0.014705435518310855
168.0,-1.1166869920097522,-1.116659818564747,-0.002604924411286902,0.02456852059395942,0.0046669047558314455,0.004666828524086877
169.0,-1.1166957755565283,-1.1165769889691313,-0.011388471187423477,0.1073981162096338,0.009758073580374615,0.00975737679324763
170.0,-1.1166845808400487,-1.1166825596139036,-0.00019375470783344895,0.0018274714372878975,0.0012727922061355668,0.0012727906596963277
171.0,-1.1166929984057092,-1.1166031755675867,-0.008611320368334674,0.08121151775419833,0.008485281374238342,0.008484823211652644
172.0,-1.1166878411816215,-1.1166518099246794,-0.003454096280552932,0.03257716066151772,0.005374011537018033,0.00537389514027
173.0,-1.1166855448295232,-1.1166734675247558,-0.0011577441823007462,0.010919560585076482,0.003111269837221016,0.003111247249684328
174.0,-1.1166858821062378,-1.116670286478736,-0.0014950208968578238,0.01410060660500534,0.003535533905932466,0.003535500760837278
175.0,-1.1166908551437507,-1.1166233864077681,-0.006468058409758726,0.0610006775727534,0.007353910524339834,0.007353612270562702
176.0,-1.1166957755565283,-1.1165769889691313,-0.011388471187423477,0.1073981162096338,0.009758073580374145,0.009757376793247159
177.0,-1.1166927137537304,-1.1166058597509498,-0.008326668389457836,0.0785273343910653,0.00834386001800152,0.008343424382525033
178.0,-1.1167133306899135,-1.1164115027169266,-0.028943604572617687,0.27288436841432784,0.015556349186103824,0.015553526590976542
179.0,-1.1166863987854598,-1.1166654134443954,-0.002011700118931259,0.018973640945496584,0.00410121933088223,0.00410116759512436
180.0,-1.1166845401754806,-1.1166829431564809,-0.0001530901396762374,0.0014439288600343048,0.001131370849898744,0.0011313697637845754
181.0,-1.1166847315381547,-1.116681138253988,-0.00034445281382744497,0.0032488313528311608,0.0016970562748479198,0.001697052609220065
182.0,-1.1166853438987148,-1.1166753626300787,-0.0009568133738646623,0.009024455262185427,0.002828427124745957,0.0028284101543585246
183.0,-1.1166918885021948,-1.1166136417462815,-0.007501416853905596,0.07074533905937486,0.007919595949289598,0.00791922344167385
184.0,-1.1166844253578754,-1.1166840261025537,-3.8272534474970143e-05,0.0003609827872175231,0.0005656854249494505,0.0005656852891849185
185.0,-1.1166856524710282,-1.1166724522940852,-0.0012653856873434677,0.011934791255718835,0.0032526911934578785,0.0032526653837059412
186.0,-1.1166873173262992,-1.116656750443835,-0.002930240958320951,0.027636641505957016,0.004949747468306033,0.0049496565195744375
187.0,-1.1166855448295236,-1.1166734675247558,-0.0011577441827448354,0.010919560585076482,0.003111269837220545,0.003111247249683857
188.0,-1.1167020785646313,-1.1165175634378608,-0.017691479290427026,0.1668236474801077,0.012162236636408415,0.0121608876156161
189.0,-1.1167199901109988,-1.1163487475949672,-0.03560302565785989,0.3356394903737403,0.01725340546095151,0.01724955494608871
190.0,-1.1166846262886838,-1.1166821309491795,-0.00023920334291105405,0.0022561361614492625,0.0014142135623733318,0.0014142114410583848
191.0,-1.1166844468861763,-1.1166838230499039,-5.9800835394696605e-05,0.0005640354370228806,0.0007071067811867444,0.0007071065160219317
192.0,-1.1166873173262992,-1.116656750443835,-0.002930240958320951,0.027636641505957016,0.004949747468306033,0.0049496565195744375
193.0,-1.116687152275992,-1.1166583070605602,-0.002765190651121685,0.026080024780661404,0.00480832611206874,0.004808242738183721
194.0,-1.1166873173262992,-1.116656750443835,-0.002930240958320951,0.027636641505957016,0.004949747468306033,0.0049496565195744375
195.0,-1.116715473951872,-1.1163913044079337,-0.031086866531193635,0.2930826774072415,0.01612203461105304,0.016118892836354558
196.0,-1.1166892309530478,-1.1166387032314313,-0.004843867706938454,0.04568385390957275,0.00636396103067913,0.006363767735474296
197.0,-1.1166862624395542,-1.1166666993772636,-0.0018753542132543544,0.017687708077307462,0.003959797974644936,0.003959751408363841
198.0,-1.1166857648965993,-1.116671391945272,-0.0013778112584184043,0.012995140068916555,0.003394112549695643,0.003394083224999615
199.0,-1.1166941848542935,-1.1165919879380022,-0.00979776895260187,0.09239914733871757,0.009050966799187557,0.009050410766621945
200.0,-1.1166844468861763,-1.1166838230499039,-5.9800835394696605e-05,0.0005640354370228806,0.0007071067811867444,0.0007071065160219317
201.0,-1.116688408093546,-1.1166464634159432,-0.004021008205068455,0.0379236693976992,0.0057982756057299144,0.005798129408559092
202.0,-1.1166857648965993,-1.116671391945272,-0.0013778112584184043,0.012995140068916555,0.003394112549695643,0.003394083224999615
203.0,-1.1166849994458996,-1.116678611406515,-0.0006123605587049497,0.005775678825870045,0.002262741699797213,0.0022627330109266453
204.0,-1.1166844731985437,-1.1166835748746067,-8.611320279072743e-05,0.0008122107342245499,0.0008485281374236458,0.0008485276792189762
205.0,-1.1166844253578754,-1.1166840261025537,-3.8272534474970143e-05,0.0003609827872175231,0.0005656854249494505,0.0005656852891849185
206.0,-1.116693287841755,-1.1166004462935208,-0.008900756414131905,0.08394079182005854,0.008626702730475637,0.00862622127734209
207.0,-1.1166954478479476,-1.1165800789284126,-0.011060762606707186,0.10430815692830109,0.009616652224136811,0.009615985292804014
208.0,-1.1166851621041736,-1.1166770772582368,-0.0007750188326660634,0.007309827104062805,0.0025455844122718404,0.002545572040835175
209.0,-1.1166857648965993,-1.116671391945272,-0.0013778112584184043,0.012995140068916555,0.003394112549695643,0.003394083224999615
210.0,-1.1166852506094105,-1.1166762425039796,-0.0008635240695831214,0.008144581361335668,0.002687005768509134,0.0026869912185085464
211.0,-1.1166985694515814,-1.1165506465094053,-0.014182366240511612,0.13374057593562583,0.010889444430273084,0.010888476125840008
212.0,-1.1166853438987148,-1.1166753626300787,-0.0009568133738646623,0.009024455262185427,0.002828427124746428,0.0028284101543589956
213.0,-1.1166843894773737,-1.1166843645239055,-2.3920327940629704e-06,2.2561435386592166e-05,0.00014142135623752944,0.00014142135411623238
214.0,-1.1166860040999427,-1.1166691358949157,-0.0016170146017735476,0.015251190425225047,0.0036769552621703093,0.0036769179784950107
215.0,-1.1166924338858184,-1.116608498842547,-0.008046800477501392,0.07588824279380901,0.008202438661764224,0.008202024802674618
216.0,-1.1166844086136414,-1.1166841840324762,-2.1528300475637252e-05,0.0002030528647445351,0.00042426406871215656,0.00042426401143646233
217.0,-1.1166858821062378,-1.116670286478736,-0.0014950208968578238,0.01410060660500534,0.003535533905932466,0.003535500760837278
218.0,-1.1166853438987148,-1.1166753626300787,-0.0009568133738646623,0.009024455262185427,0.002828427124745957,0.0028284101543585246
219.0,-1.1166886066323207,-1.11664459102971,-0.004219546979822297,0.03979605563086963,0.0059396969619667376,0.005939539804746718
220.0,-1.1166863987854598,-1.1166654134443954,-0.002011700118931259,0.018973640945496584,0.00410121933088223,0.00410116759512436
221.0,-1.1166846262886838,-1.1166821309491795,-0.00023920334291105405,0.0022561361614492625,0.0014142135623733318,0.0014142114410583848
222.0,-1.11669013035762,-1.116630221370896,-0.005743272279090661,0.054165714444831536,0.006929646455628423,0.006929396899890114
223.0,-1.1166846262886838,-1.1166821309491795,-0.00023920334291105405,0.0022561361614492625,0.0014142135623733318,0.0014142114410583848
224.0,-1.116686130877715,-1.1166679401942678,-0.0017437923740537542,0.016446891073051972,0.0038183766184076034,0.0038183348652455077
225.0,-1.1166964453258905,-1.1165706738108105,-0.012058240549617238,0.11371327453035818,0.010040916292849204,0.010040157147821789
226.0,-1.1166921588019734,-1.1166110928413335,-0.007771716632465342,0.07329424400737139,0.008061017305526892,0.008060624484818509
227.0,-1.1166848559238938,-1.1166799650724801,-0.0004688385528694994,0.004422012860771929,0.0019798989873220756,0.0019798931664486603
228.0,-1.1166849252928635,-1.116679310799927,-0.0005382075225490723,0.005076285413796455,0.0021213203435593696,0.002121313184144641
229.0,-1.1166890180620723,-1.1166407109366858,-0.004630976731423431,0.04367614865508074,0.006222539674441836,0.006222358980926722
230.0,-1.116699315766013,-1.1165436101686979,-0.014928680672099404,0.14077691664304837,0.01117228714274724,0.011171241417679754
231.0,-1.1166858821062378,-1.1166702864787363,-0.0014950208968578238,0.01410060660456125,0.003535533905932937,0.0035355007608377496
232.0,-1.1166871522759925,-1.1166583070605602,-0.0027651906515657743,0.026080024780661404,0.004808326112068269,0.00480824273818325
233.0,-1.1166843966534743,-1.1166842968396078,-9.568133396697931e-06,9.024573310867368e-05,0.00028284271247435236,0.0002828426955037789
234.0,-1.1166896710872,-1.1166345525074148,-0.00528400185917377,0.049834577926066714,0.006646803743153796,0.006646583513879207
235.0,-1.116693287841755,-1.1166004462935208,-0.008900756414131905,0.08394079182005854,0.008626702730475637,0.00862622127734209
236.0,-1.1166863987854598,-1.1166654134443954,-0.002011700118931259,0.018973640945496584,0.004101219330881759,0.004101167595123889
237.0,-1.1166854419720855,-1.1166744376368816,-0.0010548867446225074,0.00994944845933432,0.0029698484809837222,0.0029698288356598216
238.0,-1.1166862624395537,-1.1166666993772636,-0.0018753542128102652,0.017687708077307462,0.003959797974644465,0.00395975140836337
239.0,-1.1166951249234334,-1.1165831238061372,-0.0107378380924672,0.10126327920367828,0.00947523086789999,0.009474592927207514
240.0,-1.1166845401754801,-1.1166829431564809,-0.0001530901392321482,0.0014439288600343048,0.0011313708498982729,0.0011313697637841044
241.0,-1.1166911063072615,-1.1166210178880895,-0.0067192219206368975,0.0633691972513617,0.007495331880577167,0.007495016087683773
242.0,-1.1167037625561704,-1.1165016883093277,-0.019375470829530173,0.1826987760131793,0.012727922061358104,0.012726375942341737
243.0,-1.1166878411816215,-1.1166518099246794,-0.003454096280552932,0.03257716066151772,0.005374011537018033,0.00537389514027
244.0,-1.1166957755565283,-1.1165769889691313,-0.011388471187423477,0.1073981162096338,0.009758073580374145,0.009757376793247159
245.0,-1.1166857648965998,-1.1166713919452724,-0.0013778112588624936,0.012995140068472466,0.003394112549695172,0.003394083224999144
246.0,-1.1166850783830031,-1.1166778668925197,-0.0006912976622253098,0.0065201928212133,0.002404163056034036,0.0024041526340650046
247.0,-1.1166951249234338,-1.1165831238061372,-0.01073783809291129,0.10126327920367828,0.009475230867899517,0.009474592927207044
248.0,-1.1166858821062378,-1.116670286478736,-0.0014950208968578238,0.01410060660500534,0.003535533905932466,0.003535500760837278
249.0,-1.1166967873866716,-1.1165674486142714,-0.01240030133065062,0.1169384710695276,0.010182337649086498,0.010181545976529389
250.0,-1.1166913622548393,-1.1166186042706419,-0.006975169498435463,0.06578281469904468,0.007636753236814932,0.0076364192303887135
251.0,-1.1166911063072615,-1.116621017888089,-0.0067192219206368975,0.06336919725180579,0.007495331880577638,0.007495016087684245
252.0,-1.116684791338991,-1.1166805742239139,-0.00040425365011032,0.0038128614270327432,0.001838477631084782,0.0018384729705643137
253.0,-1.1167024923864157,-1.116513662237054,-0.018105301074822222,0.17072484828695167,0.012303657992646181,0.012302261369912247
254.0,-1.116684791338991,-1.1166805742239143,-0.00040425365011032,0.003812861426588654,0.0018384776310852529,0.0018384729705647846
255.0,-1.1167016695269143,-1.1165214195818605,-0.017282441573396312,0.16296750348043787,0.012020815280171043,0.012019512767416106
256.0,-1.1166929984057092,-1.1166031755675867,-0.008611320368334674,0.08121151775419833,0.008485281374238813,0.008484823211653114
257.0,-1.116704633256341,-1.116493480435599,-0.020246171000160018,0.1909066497418621,0.01301076477383269,0.013009113288226654
258.0,-1.1166847315381552,-1.116681138253988,-0.0003444528142715342,0.0032488313528311608,0.0016970562748474486,0.001697052609219594
259.0,-1.1166935820618678,-1.1165976719298318,-0.00919497652684953,0.08671515550906506,0.00876812408671293,0.008767618566877092
260.0,-1.1167205761591905,-1.1163432255158394,-0.036189073849612896,0.34116156950148024,0.017394826817189273,0.017390880864271267
261.0,-1.116704195514222,-1.1164976068969166,-0.019808428881162854,0.1867801884243292,0.012869343417595398,0.0128677451939918
262.0,-1.1166845401754806,-1.1166829431564809,-0.0001530901396762374,0.0014439288600343048,0.001131370849898744,0.0011313697637845754
263.0,-1.1166913622548393,-1.1166186042706419,-0.006975169498435463,0.06578281469904468,0.007636753236814932,0.0076364192303887135
264.0,-1.1167078314050447,-1.116463333976419,-0.023444319703802563,0.22105310892195362,0.014000714267493905,0.01399865647348174
265.0,-1.1166908551437507,-1.1166233864077681,-0.006468058409758726,0.0610006775727534,0.007353910524339834,0.007353612270562702
266.0,-1.1166886066323207,-1.11664459102971,-0.004219546979822297,0.03979605563086963,0.0059396969619667376,0.005939539804746718
267.0,-1.1166924338858184,-1.116608498842547,-0.008046800477501392,0.07588824279380901,0.008202438661763754,0.008202024802674146
268.0,-1.1166855448295236,-1.1166734675247558,-0.0011577441827448354,0.010919560585076482,0.003111269837220545,0.003111247249683857
269.0,-1.1166853438987148,-1.1166753626300787,-0.0009568133738646623,0.009024455262185427,0.002828427124745957,0.0028284101543585246
270.0,-1.1166857648965998,-1.1166713919452724,-0.0013778112588624936,0.012995140068472466,0.003394112549695172,0.003394083224999144
271.0,-1.1166844253578754,-1.1166840261025537,-3.8272534474970143e-05,0.0003609827872175231,0.0005656854249494505,0.0005656852891849185
272.0,-1.1166896710872,-1.1166345525074144,-0.00528400185917377,0.049834577926510804,0.006646803743153325,0.006646583513878736
273.0,-1.1166844253578754,-1.1166840261025532,-3.8272534474970143e-05,0.0003609827876616123,0.0005656854249489794,0.0005656852891844476
274.0,-1.1166846765213863,-1.116681657162478,-0.00028943604535314194,0.0027299228628763217,0.0015556349186101547,0.0015556320951416631
275.0,-1.1166903671689297,-1.1166279881500825,-0.005980083588763563,0.05639893525843931,0.007071067811865717,0.007070802663946689
276.0,-1.1167128068345908,-1.1164164397620415,-0.028419749249941617,0.26794732329937787,0.015414927829867,0.015412181501379716
277.0,-1.116747163610829,-1.1160927972985326,-0.06277652548813961,0.5915897868082887,0.022910259710444362,0.022901246967282473
278.0,-1.116692158801973,-1.1166110928413335,-0.007771716632021253,0.07329424400737139,0.00806101730552642,0.008060624484818039
279.0,-1.1166916229864836,-1.1166161455563817,-0.007235901142710333,0.06824152895923419,0.007778174593051755,0.00777782168595745
280.0,-1.1166845401754801,-1.1166829431564809,-0.0001530901392321482,0.0014439288600343048,0.0011313708498982729,0.0011313697637841044
281.0,-1.11669644532589,-1.1165706738108105,-0.01205824054917315,0.11371327453035818,0.010040916292848732,0.010040157147821317
282.0,-1.116686130877715,-1.1166679401942678,-0.0017437923740537542,0.016446891073051972,0.0038183766184071324,0.0038183348652450367
283.0,-1.1166847315381552,-1.116681138253988,-0.0003444528142715342,0.0032488313528311608,0.0016970562748474486,0.001697052609219594
284.0,-1.1166844253578754,-1.1166840261025532,-3.8272534474970143e-05,0.0003609827876616123,0.0005656854249489794,0.0005656852891844476
285.0,-1.1166863987854598,-1.1166654134443954,-0.002011700118931259,0.018973640945496584,0.004101219330881759,0.004101167595123889
286.0,-1.1167248124504048,-1.1163033114273877,-0.040425365063878616,0.3810756579532004,0.018384776310850018,0.018380117803732915
287.0,-1.1166851621041736,-1.1166770772582368,-0.0007750188326660634,0.007309827104062805,0.0025455844122713694,0.002545572040834704
288.0,-1.1166846262886838,-1.1166821309491795,-0.00023920334291105405,0.0022561361614492625,0.0014142135623733318,0.0014142114410583848
289.0,-1.1166846765213863,-1.116681657162478,-0.00028943604535314194,0.0027299228628763217,0.001555634918610626,0.0015556320951421341
290.0,-1.116691622986484,-1.1166161455563817,-0.007235901143154422,0.06824152895923419,0.007778174593052226,0.007777821685957921
291.0,-1.1166857648965993,-1.116671391945272,-0.0013778112584184043,0.012995140068916555,0.003394112549695643,0.003394083224999615
292.0,-1.1166844731985437,-1.1166835748746067,-8.611320279072743e-05,0.0008122107342245499,0.0008485281374236458,0.0008485276792189762
293.0,-1.1166903671689297,-1.1166279881500825,-0.005980083588763563,0.05639893525843931,0.007071067811865717,0.007070802663946689
294.0,-1.1166927137537304,-1.1166058597509498,-0.008326668389457836,0.0785273343910653,0.008343860018001048,0.008343424382524561
295.0,-1.1167092738012063,-1.1164497385006698,-0.024886715865424236,0.2346485846711488,0.014424978336205315,0.014422727778941295
296.0,-1.1166854419720855,-1.1166744376368816,-0.0010548867446225074,0.00994944845933432,0.0029698484809832513,0.002969828835659351
297.0,-1.1166856524710282,-1.1166724522940852,-0.0012653856873434677,0.011934791255718835,0.003252691193458349,0.003252665383706412
298.0,-1.1166844468861763,-1.1166838230499039,-5.9800835394696605e-05,0.0005640354370228806,0.0007071067811867444,0.0007071065160219317
299.0,-1.1167456231412967,-1.1161073020287517,-0.061236055955760094,0.577085056589155,0.022627416997969777,0.02261873381168711
300.0,-1.1166918885021948,-1.1166136417462815,-0.007501416853905596,0.07074533905937486,0.007919595949289598,0.00791922344167385
301.0,-1.11669644532589,-1.1165706738108105,-0.01205824054917315,0.11371327453035818,0.010040916292848732,0.010040157147821317
302.0,-1.1166869920097522,-1.116659818564747,-0.002604924411286902,0.02456852059395942,0.0046669047558314455,0.004666828524086877
303.0,-1.1166898983303764,-1.116632409490296,-0.005511245035449974,0.051977595044938596,0.006788225099391129,0.006787990512294074
304.0,-1.1166845401754801,-1.1166829431564809,-0.0001530901392321482,0.0014439288600343048,0.0011313708498982729,0.0011313697637841044
305.0,-1.116688408093546,-1.1166464634159432,-0.004021008205068455,0.0379236693976992,0.0057982756057294435,0.005798129408558621
306.0,-1.1166854419720855,-1.1166744376368816,-0.0010548867446225074,0.00994944845933432,0.0029698484809837222,0.0029698288356598216
307.0,-1.1166851621041736,-1.1166770772582368,-0.0007750188326660634,0.007309827104062805,0.0025455844122713694,0.002545572040834704
308.0,-1.116686130877715,-1.1166679401942678,-0.0017437923740537542,0.016446891073051972,0.0038183766184076034,0.0038183348652455077
309.0,-1.116693287841755,-1.1166004462935208,-0.008900756414131905,0.08394079182005854,0.008626702730476107,0.00862622127734256
310.0,-1.1166844731985446,-1.1166835748746062,-8.611320367890585e-05,0.0008122107346686391,0.0008485281374241168,0.0008485276792194471
311.0,-1.1166978422734166,-1.1165575025705174,-0.013455188075717217,0.12688451482345542,0.010606601717797948,0.01060570691580064
312.0,-1.1166913622548393,-1.1166186042706423,-0.006975169498435463,0.06578281469860059,0.007636753236814461,0.007636419230388242
313.0,-1.1166906087643071,-1.1166257098287389,-0.006221678966245037,0.058677256602024386,0.0072124891681030106,0.007212207791744392
314.0,-1.1166863987854598,-1.1166654134443954,-0.002011700118931259,0.018973640945496584,0.00410121933088223,0.00410116759512436
315.0,-1.1166843894773737,-1.1166843645239055,-2.3920327940629704e-06,2.2561435386592166e-05,0.00014142135623752944,0.00014142135411623238
316.0,-1.1166911063072615,-1.116621017888089,-0.0067192219206368975,0.06336919725180579,0.007495331880577638,0.007495016087684245
317.0,-1.1166849994458996,-1.116678611406515,-0.0006123605587049497,0.005775678825870045,0.0022627416997967422,0.0022627330109261743
318.0,-1.1167165742872522,-1.116380935204346,-0.03218720191133784,0.3034518809950093,0.016404877323528175,0.016401567313625902
319.0,-1.1166844468861763,-1.1166838230499039,-5.9800835394696605e-05,0.0005640354370228806,0.0007071067811867444,0.0007071065160219317
320.0,-1.1166847315381552,-1.116681138253988,-0.0003444528142715342,0.0032488313528311608,0.0016970562748474486,0.001697052609219594
321.0,-1.1166844253578754,-1.1166840261025532,-3.8272534474970143e-05,0.0003609827876616123,0.0005656854249489794,0.0005656852891844476
322.0,-1.1167078314050447,-1.116463333976419,-0.023444319703802563,0.22105310892195362,0.014000714267493905,0.01399865647348174
323.0,-1.1166888099551633,-1.1166426735363713,-0.004422869822384712,0.0417135489696463,0.006081118318204071,0.006080949666443263
324.0,-1.1167083074196982,-1.1164588471841386,-0.023920334357274697,0.2255399012023318,0.014142135623731199,0.01414001485123012
325.0,-1.1166888099551633,-1.1166426735363713,-0.004422869822384712,0.0417135489696463,0.006081118318204071,0.006080949666443263
326.0,-1.1166913622548393,-1.1166186042706423,-0.006975169498435463,0.06578281469860059,0.007636753236814461,0.007636419230388242
327.0,-1.1166852506094105,-1.1166762425039796,-0.0008635240695831214,0.008144581361335668,0.002687005768508663,0.0026869912185080755
328.0,-1.116688408093546,-1.1166464634159432,-0.004021008205068455,0.0379236693976992,0.0057982756057294435,0.005798129408558621
329.0,-1.1166844468861763,-1.1166838230499039,-5.9800835394696605e-05,0.0005640354370228806,0.0007071067811867444,0.0007071065160219317
330.0,-1.1166873173262992,-1.116656750443835,-0.002930240958320951,0.027636641505957016,0.004949747468305562,0.004949656519573966
331.0,-1.1166844731985446,-1.1166835748746062,-8.611320367890585e-05,0.0008122107346686391,0.0008485281374241168,0.0008485276792194471
332.0,-1.1166851621041736,-1.1166770772582368,-0.0007750188326660634,0.007309827104062805,0.0025455844122718404,0.002545572040835175
333.0,-1.1167050757825265,-1.1164893089270076,-0.020688697185633487,0.1950781583333061,0.013152186130069514,0.013150480212345083
334.0,-1.116687152275992,-1.1166583070605602,-0.002765190651121685,0.026080024780661404,0.00480832611206874,0.004808242738183721
335.0,-1.1166878411816215,-1.1166518099246794,-0.003454096280552932,0.03257716066151772,0.005374011537018033,0.00537389514027
336.0,-1.1166854419720855,-1.1166744376368816,-0.0010548867446225074,0.00994944845933432,0.0029698484809832513,0.002969828835659351
337.0,-1.1166854419720855,-1.1166744376368816,-0.0010548867446225074,0.00994944845933432,0.0029698484809837222,0.0029698288356598216
338.0,-1.1166852506094105,-1.1166762425039796,-0.0008635240695831214,0.008144581361335668,0.002687005768508663,0.0026869912185080755
339.0,-1.1166890180620723,-1.1166407109366858,-0.004630976731423431,0.04367614865508074,0.006222539674441836,0.006222358980926722
340.0,-1.1166848559238938,-1.1166799650724801,-0.0004688385528694994,0.004422012860771929,0.0019798989873225465,0.0019798931664491313
341.0,-1.1166857648965993,-1.116671391945272,-0.0013778112584184043,0.012995140068916555,0.003394112549695643,0.003394083224999615
342.0,-1.1166849994458996,-1.116678611406515,-0.0006123605587049497,0.005775678825870045,0.002262741699797213,0.0022627330109266453
343.0,-1.1166846765213863,-1.116681657162478,-0.00028943604535314194,0.0027299228628763217,0.001555634918610626,0.0015556320951421341
344.0,-1.1167495101956297,-1.1160707035441644,-0.06512311028883389,0.613683541176524,0.023334523779156284,0.023325001239540333
345.0,-1.1166896710872,-1.1166345525074148,-0.00528400185917377,0.049834577926066714,0.006646803743153796,0.006646583513879207
346.0,-1.1166890180620723,-1.1166407109366858,-0.004630976731423431,0.04367614865508074,0.006222539674441836,0.006222358980926722
347.0,-1.1167292831608964,-1.1162611937124312,-0.04489607555546726,0.423193372909747,0.019374725804511665,0.01936927378436591
348.0,-1.1166929984057092,-1.1166031755675867,-0.008611320368334674,0.08121151775419833,0.008485281374238813,0.008484823211653114
349.0,-1.116686685829472,-1.1166627062331256,-0.0022987441310462486,0.021680852215322233,0.004384062043356347,0.004383998848670829
350.0,-1.1166846765213863,-1.116681657162478,-0.00028943604535314194,0.0027299228628763217,0.0015556349186101547,0.0015556320951416631
351.0,-1.1166865399154324,-1.1166640823961735,-0.002152830091528557,0.020304689167360834,0.004242640687119053,0.004242583412801267
352.0,-1.1166858821062378,-1.1166702864787363,-0.0014950208968578238,0.01410060660456125,0.003535533905932937,0.0035355007608377496
353.0,-1.116688408093546,-1.1166464634159432,-0.004021008205068455,0.0379236693976992,0.0057982756057294435,0.005798129408558621
354.0,-1.1166845401754806,-1.1166829431564809,-0.0001530901396762374,0.0014439288600343048,0.001131370849898744,0.0011313697637845754
355.0,-1.1166913622548393,-1.1166186042706419,-0.006975169498435463,0.06578281469904468,0.007636753236814932,0.0076364192303887135
356.0,-1.116747163610829,-1.1160927972985326,-0.06277652548813961,0.5915897868082887,0.022910259710443893,0.022901246967282
357.0,-1.1166878411816215,-1.1166518099246794,-0.003454096280552932,0.03257716066151772,0.005374011537018033,0.00537389514027
358.0,-1.1166896710872,-1.1166345525074144,-0.00528400185917377,0.049834577926510804,0.006646803743153325,0.006646583513878736
359.0,-1.1166901303576195,-1.116630221370896,-0.005743272278646572,0.054165714444831536,0.006929646455627952,0.006929396899889643
360.0,-1.1166866858294724,-1.1166627062331256,-0.002298744131490338,0.021680852215322233,0.004384062043356818,0.0043839988486713
361.0,-1.1166850783830031,-1.1166778668925197,-0.0006912976622253098,0.0065201928212133,0.002404163056034036,0.0024041526340650046
362.0,-1.1166873173262992,-1.116656750443835,-0.002930240958320951,0.027636641505957016,0.004949747468306033,0.0049496565195744375
363.0,-1.1166844468861763,-1.1166838230499039,-5.9800835394696605e-05,0.0005640354370228806,0.0007071067811867444,0.0007071065160219317
364.0,-1.116698940216764,-1.1165471508733114,-0.014553131423067356,0.1372362120295456,0.011030865786510378,0.01102985926788904
365.0,-1.1166901303576195,-1.116630221370896,-0.005743272278646572,0.054165714444831536,0.006929646455627952,0.006929396899889643
366.0,-1.1166849994458996,-1.116678611406515,-0.0006123605587049497,0.005775678825870045,0.0022627416997967422,0.0022627330109261743
367.0,-1.1166868365275788,-1.116661284955796,-0.002449442237928423,0.023102129544927408,0.0045254833995936414,0.004525413890007469
368.0,-1.1166924338858184,-1.116608498842547,-0.008046800477501392,0.07588824279380901,0.008202438661764224,0.008202024802674618
369.0,-1.1166844253578754,-1.1166840261025532,-3.8272534474970143e-05,0.0003609827876616123,0.0005656854249489794,0.0005656852891844476
370.0,-1.1166865399154329,-1.1166640823961735,-0.002152830091972646,0.020304689167360834,0.004242640687119524,0.004242583412801738
371.0,-1.1166906087643071,-1.1166257098287384,-0.006221678966245037,0.058677256602468475,0.00721248916810254,0.007212207791743921
372.0,-1.1167160217275285,-1.1163861423085408,-0.031634642187583495,0.2982447768000718,0.01626345596729033,0.016260230806012608
373.0,-1.1166848559238938,-1.1166799650724801,-0.0004688385528694994,0.004422012860771929,0.0019798989873220756,0.0019798931664486603
374.0,-1.1166847315381552,-1.116681138253988,-0.0003444528142715342,0.0032488313528311608,0.0016970562748474486,0.001697052609219594
375.0,-1.1166927137537304,-1.1166058597509498,-0.008326668389457836,0.0785273343910653,0.008343860018001048,0.008343424382524561
376.0,-1.1166849994458996,-1.116678611406515,-0.0006123605587049497,0.005775678825870045,0.0022627416997967422,0.0022627330109261743
377.0,-1.1167073601744577,-1.1164677757333568,-0.022973089116806733,0.21661135198414172,0.0138592929112561,0.013857296836731538
378.0,-1.1166996960993294,-1.1165400243969672,-0.015309013988495934,0.14436268837370037,0.011313708498984535,0.011312622562505181
379.0,-1.1166849252928635,-1.116679310799927,-0.0005382075225490723,0.005076285413796455,0.002121320343559841,0.002121313184145112
380.0,-1.1166849994458996,-1.116678611406515,-0.0006123605587049497,0.005775678825870045,0.0022627416997967422,0.0022627330109261743
381.0,-1.1166852506094105,-1.1166762425039796,-0.0008635240695831214,0.008144581361335668,0.002687005768508663,0.0026869912185080755
382.0,-1.1166845808400487,-1.1166825596139036,-0.00019375470783344895,0.0018274714372878975,0.001272792206136038,0.0012727906596967987
383.0,-1.1166880253681963,-1.116650072864143,-0.003638282855433772,0.034314221197817574,0.005515432893254855,0.005515307063597465
384.0,-1.1166865399154324,-1.1166640823961735,-0.002152830091528557,0.020304689167360834,0.004242640687119053,0.004242583412801267
385.0,-1.1167112639730243,-1.1164309807889419,-0.02687688768343577,0.253406296399028,0.01499066376115461,0.014988137967793844
386.0,-1.1166876617791144,-1.116653501875251,-0.0032746937734806636,0.03088521008987044,0.005232590180780229,0.0052324827333409644
387.0,-1.1166886066323212,-1.11664459102971,-0.0042195469802663865,0.03979605563086963,0.0059396969619672085,0.005939539804747189
388.0,-1.1167107592539698,-1.1164357377553666,-0.026372168628885362,0.24864932997425981,0.014849242404917237,0.014846787410634027
389.0,-1.1166878411816215,-1.1166518099246794,-0.003454096280552932,0.03257716066151772,0.005374011537017562,0.005373895140269529
390.0,-1.1166874871606733,-1.1166551487151866,-0.0031000753324406105,0.02923837015433861,0.005091168824542935,0.005091069855534515
391.0,-1.1166913622548393,-1.1166186042706419,-0.006975169498435463,0.06578281469904468,0.007636753236814932,0.0076364192303887135
392.0,-1.1166850783830036,-1.1166778668925192,-0.000691297662669399,0.006520192821657389,0.0024041630560345073,0.0024041526340654756
393.0,-1.1166858821062378,-1.116670286478736,-0.0014950208968578238,0.01410060660500534,0.003535533905932466,0.003535500760837278
394.0,-1.1166852506094105,-1.1166762425039796,-0.0008635240695831214,0.008144581361335668,0.002687005768508663,0.0026869912185080755
395.0,-1.1166845042949785,-1.1166832815767602,-0.00011720963755124103,0.0011055085806788156,0.0009899494936609398,0.0009899487660489212
396.0,-1.1166857648965993,-1.116671391945272,-0.0013778112584184043,0.012995140068916555,0.003394112549695643,0.003394083224999615
397.0,-1.116704633256341,-1.116493480435599,-0.020246171000160018,0.1909066497418621,0.01301076477383269,0.013009113288226654
398.0,-1.1166978422734166,-1.1165575025705174,-0.013455188075717217,0.12688451482345542,0.010606601717797948,0.01060570691580064
399.0,-1.11669013035762,-1.116630221370896,-0.005743272279090661,0.054165714444831536,0.006929646455628423,0.006929396899890114
400.0,-1.1166913622548393,-1.1166186042706423,-0.006975169498435463,0.06578281469860059,0.007636753236814461,0.007636419230388242
401.0,-1.1166916229864836,-1.1166161455563817,-0.007235901142710333,0.06824152895923419,0.007778174593051755,0.00777782168595745
402.0,-1.1166845401754806,-1.1166829431564809,-0.0001530901396762374,0.0014439288600343048,0.001131370849898744,0.0011313697637845754
403.0,-1.1166850783830036,-1.1166778668925192,-0.000691297662669399,0.006520192821657389,0.0024041630560345073,0.0024041526340654756
404.0,-1.1166847315381552,-1.116681138253988,-0.0003444528142715342,0.0032488313528311608,0.0016970562748474486,0.001697052609219594
405.0,-1.1166903671689297,-1.1166279881500825,-0.005980083588763563,0.05639893525843931,0.007071067811865717,0.007070802663946689
406.0,-1.1166856524710282,-1.1166724522940852,-0.0012653856873434677,0.011934791255718835,0.0032526911934578785,0.0032526653837059412
407.0,-1.116687152275992,-1.1166583070605602,-0.002765190651121685,0.026080024780661404,0.00480832611206874,0.004808242738183721
408.0,-1.1166844253578754,-1.1166840261025532,-3.8272534474970143e-05,0.0003609827876616123,0.0005656854249489794,0.0005656852891844476
409.0,-1.1166849994458996,-1.116678611406515,-0.0006123605587049497,0.005775678825870045,0.002262741699797213,0.0022627330109266453
410.0,-1.1166874871606733,-1.1166551487151866,-0.0031000753324406105,0.02923837015433861,0.005091168824542935,0.005091069855534515
411.0,-1.1166871522759925,-1.1166583070605602,-0.0027651906515657743,0.026080024780661404,0.004808326112068269,0.00480824273818325
412.0,-1.1166929984057092,-1.1166031755675867,-0.008611320368334674,0.08121151775419833,0.008485281374238813,0.008484823211653114
413.0,-1.1166993157660134,-1.1165436101686983,-0.014928680672543493,0.14077691664260428,0.011172287142747712,0.011171241417680226
414.0,-1.1166845808400487,-1.1166825596139036,-0.00019375470783344895,0.0018274714372878975,0.0012727922061355668,0.0012727906596963277
415.0,-1.1166844731985446,-1.1166835748746062,-8.611320367890585e-05,0.0008122107346686391,0.0008485281374241168,0.0008485276792194471
416.0,-1.1166849994458996,-1.116678611406515,-0.0006123605587049497,0.005775678825870045,0.002262741699797213,0.0022627330109266453
417.0,-1.1166903671689297,-1.1166279881500825,-0.005980083588763563,0.05639893525843931,0.0070710678118652455,0.007070802663946217
418.0,-1.1166844468861763,-1.1166838230499039,-5.9800835394696605e-05,0.0005640354370228806,0.0007071067811867444,0.0007071065160219317
419.0,-1.1166929984057092,-1.1166031755675867,-0.008611320368334674,0.08121151775419833,0.008485281374238342,0.008484823211652644
420.0,-1.1166869920097522,-1.116659818564747,-0.002604924411286902,0.02456852059395942,0.0046669047558314455,0.004666828524086877
421.0,-1.1166929984057092,-1.1166031755675867,-0.008611320368334674,0.08121151775419833,0.008485281374238342,0.008484823211652644
422.0,-1.1166853438987148,-1.1166753626300787,-0.0009568133738646623,0.009024455262185427,0.002828427124746428,0.0028284101543589956
423.0,-1.1166863987854598,-1.1166654134443954,-0.002011700118931259,0.018973640945496584,0.004101219330881759,0.004101167595123889
424.0,-1.1166974858604348,-1.1165608629928214,-0.013098775093922654,0.12352409251947805,0.010465180361560654,0.01046432087322902
425.0,-1.116692158801973,-1.1166110928413335,-0.007771716632021253,0.07329424400737139,0.00806101730552642,0.008060624484818039
426.0,-1.1166844086136414,-1.1166841840324757,-2.1528300475637252e-05,0.0002030528651886243,0.00042426406871168553,0.0004242640114359913
427.0,-1.1166878411816215,-1.1166518099246794,-0.003454096280552932,0.03257716066151772,0.005374011537018033,0.00537389514027
428.0,-1.1166843894773737,-1.1166843645239055,-2.3920327940629704e-06,2.2561435386592166e-05,0.0001414213562370584,0.00014142135411576135
429.0,-1.1166868365275784,-1.1166612849557955,-0.002449442237484334,0.023102129545371497,0.004525483399594112,0.00452541389000794
430.0,-1.1166844086136414,-1.1166841840324757,-2.1528300475637252e-05,0.0002030528651886243,0.00042426406871168553,0.0004242640114359913
431.0,-1.116686130877715,-1.1166679401942678,-0.0017437923740537542,0.016446891073051972,0.0038183766184071324,0.0038183348652450367
432.0,-1.1166860040999427,-1.1166691358949157,-0.0016170146017735476,0.015251190425225047,0.0036769552621703093,0.0036769179784950107
433.0,-1.1166845401754806,-1.1166829431564809,-0.0001530901396762374,0.0014439288600343048,0.001131370849898744,0.0011313697637845754
434.0,-1.1166880253681963,-1.116650072864143,-0.003638282855433772,0.034314221197817574,0.005515432893255327,0.0055153070635979365
435.0,-1.1166844468861763,-1.1166838230499039,-5.9800835394696605e-05,0.0005640354370228806,0.0007071067811867444,0.0007071065160219317
436.0,-1.1166863987854598,-1.1166654134443954,-0.002011700118931259,0.018973640945496584,0.004101219330881759,0.004101167595123889
437.0,-1.116697842273417,-1.1165575025705174,-0.013455188076161306,0.12688451482345542,0.010606601717798418,0.01060570691580111
438.0,-1.1166843894773737,-1.1166843645239055,-2.3920327940629704e-06,2.2561435386592166e-05,0.0001414213562370584,0.00014142135411576135
439.0,-1.1166854419720855,-1.1166744376368816,-0.0010548867446225074,0.00994944845933432,0.0029698484809832513,0.002969828835659351
440.0,-1.1166948067829865,-1.116586123601099,-0.010419697645591697,0.09826348424191167,0.009333809511662695,0.009333199709169156
441.0,-1.1166844253578754,-1.1166840261025532,-3.8272534474970143e-05,0.0003609827876616123,0.0005656854249489794,0.0005656852891844476
442.0,-1.1166844468861763,-1.1166838230499039,-5.9800835394696605e-05,0.0005640354370228806,0.0007071067811867444,0.0007071065160219317
443.0,-1.1166856524710282,-1.1166724522940852,-0.0012653856873434677,0.011934791255718835,0.003252691193458349,0.003252665383706412
444.0,-1.116698940216764,-1.1165471508733114,-0.014553131423067356,0.1372362120295456,0.011030865786510378,0.01102985926788904
445.0,-1.1166848559238938,-1.1166799650724801,-0.0004688385528694994,0.004422012860771929,0.0019798989873225465,0.0019798931664491313
446.0,-1.116687152275992,-1.1166583070605602,-0.002765190651121685,0.026080024780661404,0.00480832611206874,0.004808242738183721
447.0,-1.1166924338858184,-1.116608498842547,-0.008046800477501392,0.07588824279380901,0.008202438661764224,0.008202024802674618
448.0,-1.1166857648965998,-1.1166713919452724,-0.0013778112588624936,0.012995140068472466,0.003394112549695172,0.003394083224999144
449.0,-1.1166882143388377,-1.1166482906943287,-0.0038272534967909166,0.03609639101220807,0.005656854249492621,0.005656718490602014
450.0,-1.116688408093546,-1.1166464634159432,-0.004021008205068455,0.0379236693976992,0.0057982756057299144,0.005798129408559092
451.0,-1.1166918885021948,-1.1166136417462815,-0.007501416853905596,0.07074533905937486,0.007919595949289598,0.00791922344167385
452.0,-1.1166852506094105,-1.1166762425039796,-0.0008635240695831214,0.008144581361335668,0.002687005768508663,0.0026869912185080755
453.0,-1.1166896710872,-1.1166345525074144,-0.00528400185917377,0.049834577926510804,0.006646803743153325,0.006646583513878736
454.0,-1.11669713423152,-1.1165641783411768,-0.012747146179048485,0.12020874416407423,0.010323759005323792,0.010322933889235346
455.0,-1.1166851621041736,-1.1166770772582368,-0.0007750188326660634,0.007309827104062805,0.0025455844122713694,0.002545572040834704
456.0,-1.1166898983303764,-1.116632409490296,-0.005511245035449974,0.051977595044938596,0.006788225099391129,0.006787990512294074
457.0,-1.1166846765213863,-1.116681657162478,-0.00028943604535314194,0.0027299228628763217,0.0015556349186101547,0.0015556320951416631
458.0,-1.1166869920097522,-1.116659818564747,-0.002604924411286902,0.02456852059395942,0.0046669047558314455,0.004666828524086877
459.0,-1.1166860040999427,-1.1166691358949161,-0.0016170146017735476,0.015251190424780958,0.0036769552621698388,0.00367691797849454
460.0,-1.1166857648965993,-1.116671391945272,-0.0013778112584184043,0.012995140068916555,0.003394112549695643,0.003394083224999615
461.0,-1.1166858821062378,-1.116670286478736,-0.0014950208968578238,0.01410060660500534,0.003535533905932466,0.003535500760837278
462.0,-1.1166866858294724,-1.1166627062331256,-0.002298744131490338,0.021680852215322233,0.004384062043356818,0.0043839988486713
463.0,-1.1166845042949785,-1.1166832815767602,-0.00011720963755124103,0.0011055085806788156,0.0009899494936609398,0.0009899487660489212
464.0,-1.1166853438987148,-1.1166753626300787,-0.0009568133738646623,0.009024455262185427,0.002828427124745957,0.0028284101543585246
465.0,-1.1166853438987148,-1.1166753626300787,-0.0009568133738646623,0.009024455262185427,0.002828427124746428,0.0028284101543589956
466.0,-1.116684504294979,-1.1166832815767602,-0.00011720963799533024,0.0011055085806788156,0.0009899494936614107,0.0009899487660493921
467.0,-1.1166860040999427,-1.1166691358949157,-0.0016170146017735476,0.015251190425225047,0.0036769552621703093,0.0036769179784950107
468.0,-1.11670376255617,-1.1165016883093277,-0.019375470829086083,0.1826987760131793,0.012727922061357632,0.012726375942341266
469.0,-1.1167037625561704,-1.1165016883093277,-0.019375470829530173,0.1826987760131793,0.012727922061358104,0.012726375942341737
470.0,-1.1166911063072615,-1.116621017888089,-0.0067192219206368975,0.06336919725180579,0.007495331880577638,0.007495016087684245
471.0,-1.1166896710872,-1.1166345525074148,-0.00528400185917377,0.049834577926066714,0.006646803743153796,0.006646583513879207
472.0,-1.1167143927527587,-1.1164014935841684,-0.03000566741784283,0.2828935011724987,0.015839191898578412,0.01583621256164243
473.0,-1.1166843870853405,-1.11668438708534,4.440892098500626e-13,8.881784197001252e-13,2.9373740229761033e-16,4.577566798522237e-16
474.0,-1.1166957755565283,-1.1165769889691313,-0.011388471187423477,0.1073981162096338,0.009758073580374145,0.009757376793247159
475.0,-1.1166888099551633,-1.1166426735363713,-0.004422869822384712,0.0417135489696463,0.006081118318204542,0.006080949666443735
476.0,-1.1166851621041736,-1.1166770772582368,-0.0007750188326660634,0.007309827104062805,0.0025455844122718404,0.002545572040835175
477.0,-1.1167149309602822,-1.1163964215004847,-0.03054387494128008,0.28796558485622015,0.015980613254816176,0.015977553417336428
478.0,-1.1166846765213863,-1.116681657162478,-0.00028943604535314194,0.0027299228628763217,0.001555634918610626,0.0015556320951421341
479.0,-1.1166858821062378,-1.1166702864787363,-0.0014950208968578238,0.01410060660456125,0.003535533905932937,0.0035355007608377496
480.0,-1.116688408093546,-1.1166464634159432,-0.004021008205068455,0.0379236693976992,0.0057982756057299144,0.005798129408559092
481.0,-1.1166843894773737,-1.1166843645239055,-2.3920327940629704e-06,2.2561435386592166e-05,0.0001414213562370584,0.00014142135411576135
482.0,-1.1166865399154329,-1.1166640823961735,-0.002152830091972646,0.020304689167360834,0.004242640687119524,0.004242583412801738
483.0,-1.1166845808400487,-1.1166825596139036,-0.00019375470783344895,0.0018274714372878975,0.001272792206136038,0.0012727906596967987
484.0,-1.1166880253681963,-1.116650072864143,-0.003638282855433772,0.034314221197817574,0.005515432893255327,0.0055153070635979365
485.0,-1.1166878411816215,-1.1166518099246794,-0.003454096280552932,0.03257716066151772,0.005374011537017562,0.005373895140269529
486.0,-1.1166843870853405,-1.11668438708534,4.440892098500626e-13,8.881784197001252e-13,2.9373740229761033e-16,4.577566798522237e-16
487.0,-1.1167059751870987,-1.1164808307746257,-0.021588101757785694,0.20355631071522495,0.01343502884254414,0.013433210499437104
488.0,-1.11670376255617,-1.1165016883093277,-0.019375470829086083,0.1826987760131793,0.012727922061357632,0.012726375942341266
489.0,-1.1167112639730243,-1.1164309807889419,-0.02687688768343577,0.253406296399028,0.01499066376115461,0.014988137967793844
490.0,-1.1166846765213863,-1.116681657162478,-0.00028943604535314194,0.0027299228628763217,0.0015556349186101547,0.0015556320951416631
491.0,-1.1167107592539702,-1.116435737755367,-0.02637216862932945,0.24864932997381572,0.014849242404917707,0.014846787410634497
492.0,-1.1166903671689297,-1.1166279881500825,-0.005980083588763563,0.05639893525843931,0.0070710678118652455,0.007070802663946217
493.0,-1.1166860040999427,-1.1166691358949161,-0.0016170146017735476,0.015251190424780958,0.0036769552621698388,0.00367691797849454
494.0,-1.1166967873866716,-1.1165674486142714,-0.01240030133065062,0.1169384710695276,0.010182337649086026,0.010181545976528919
495.0,-1.116691622986484,-1.1166161455563817,-0.007235901143154422,0.06824152895923419,0.007778174593052226,0.007777821685957921
496.0,-1.1166852506094105,-1.1166762425039796,-0.0008635240695831214,0.008144581361335668,0.002687005768508663,0.0026869912185080755
497.0,-1.1166845042949785,-1.1166832815767602,-0.00011720963755124103,0.0011055085806788156,0.0009899494936609398,0.0009899487660489212
498.0,-1.1166863987854598,-1.1166654134443954,-0.002011700118931259,0.018973640945496584,0.00410121933088223,0.00410116759512436
499.0,-1.1166857648965998,-1.1166713919452724,-0.0013778112588624936,0.012995140068472466,0.003394112549695172,0.003394083224999144
500.0,-1.1166854419720855,-1.1166744376368816,-0.0010548867446225074,0.00994944845933432,0.0029698484809837222,0.0029698288356598216
501.0,-1.1166850783830031,-1.1166778668925197,-0.0006912976622253098,0.0065201928212133,0.002404163056034036,0.0024041526340650046
502.0,-1.1166871522759925,-1.1166583070605602,-0.0027651906515657743,0.026080024780661404,0.004808326112068269,0.00480824273818325
503.0,-1.1166846765213863,-1.116681657162478,-0.00028943604535314194,0.0027299228628763217,0.001555634918610626,0.0015556320951421341
504.0,-1.1166857648965993,-1.116671391945272,-0.0013778112584184043,0.012995140068916555,0.003394112549695643,0.003394083224999615
505.0,-1.1166847315381547,-1.116681138253988,-0.00034445281382744497,0.0032488313528311608,0.0016970562748479198,0.001697052609220065
506.0,-1.1166844086136414,-1.1166841840324757,-2.1528300475637252e-05,0.0002030528651886243,0.00042426406871168553,0.0004242640114359913
507.0,-1.1167122877633355,-1.1164213317903693,-0.02790067799463003,0.26305529497161473,0.015273506473629668,0.01527083502585711
508.0,-1.1166869920097522,-1.116659818564747,-0.002604924411286902,0.02456852059395942,0.0046669047558314455,0.004666828524086877
509.0,-1.1167020785646313,-1.1165175634378608,-0.017691479290427026,0.1668236474801077,0.012162236636408887,0.01216088761561657
510.0,-1.116691622986484,-1.1166161455563817,-0.007235901143154422,0.06824152895923419,0.007778174593052226,0.007777821685957921
511.0,-1.116704195514222,-1.1164976068969166,-0.019808428881162854,0.1867801884243292,0.012869343417594926,0.01286774519399133
512.0,-1.116684791338991,-1.1166805742239143,-0.00040425365011032,0.003812861426588654,0.0018384776310852529,0.0018384729705647846
513.0,-1.1166850783830031,-1.1166778668925197,-0.0006912976622253098,0.0065201928212133,0.002404163056034036,0.0024041526340650046
514.0,-1.1166857648965993,-1.116671391945272,-0.0013778112584184043,0.012995140068916555,0.003394112549695643,0.003394083224999615
515.0,-1.1166873173262992,-1.116656750443835,-0.002930240958320951,0.027636641505957016,0.004949747468306033,0.0049496565195744375
516.0,-1.116684791338991,-1.1166805742239139,-0.00040425365011032,0.0038128614270327432,0.001838477631084782,0.0018384729705643137
517.0,-1.1166924338858184,-1.116608498842547,-0.008046800477501392,0.07588824279380901,0.008202438661763754,0.008202024802674146
518.0,-1.116687661779114,-1.1166535018752506,-0.0032746937730365744,0.03088521009031453,0.0052325901807807,0.005232482733341436
519.0,-1.1166862624395542,-1.1166666993772636,-0.0018753542132543544,0.017687708077307462,0.003959797974644936,0.003959751408363841
520.0,-1.1166852506094105,-1.1166762425039796,-0.0008635240695831214,0.008144581361335668,0.002687005768509134,0.0026869912185085464
521.0,-1.1166852506094105,-1.1166762425039796,-0.0008635240695831214,0.008144581361335668,0.002687005768509134,0.0026869912185085464
522.0,-1.1166860040999427,-1.1166691358949161,-0.0016170146017735476,0.015251190424780958,0.0036769552621698388,0.00367691797849454
523.0,-1.1166846262886838,-1.1166821309491795,-0.00023920334291105405,0.0022561361614492625,0.0014142135623733318,0.0014142114410583848
524.0,-1.116702910992267,-1.116509715980985,-0.018523906926137812,0.17467110435598343,0.012445079348883004,0.012443634017599514
525.0,-1.1166843966534743,-1.1166842968396078,-9.568133396697931e-06,9.024573310867368e-05,0.00028284271247435236,0.0002828426955037789
526.0,-1.1166865399154329,-1.1166640823961735,-0.002152830091972646,0.020304689167360834,0.004242640687119524,0.004242583412801738
527.0,-1.1167128068345908,-1.1164164397620415,-0.028419749249941617,0.26794732329937787,0.01541492782986653,0.015412181501379244
528.0,-1.1166844253578754,-1.1166840261025537,-3.8272534474970143e-05,0.0003609827872175231,0.0005656854249494505,0.0005656852891849185
529.0,-1.1166847315381552,-1.116681138253988,-0.0003444528142715342,0.0032488313528311608,0.0016970562748474486,0.001697052609219594
530.0,-1.1166846765213863,-1.116681657162478,-0.00028943604535314194,0.0027299228628763217,0.001555634918610626,0.0015556320951421341
531.0,-1.1166844253578754,-1.1166840261025532,-3.8272534474970143e-05,0.0003609827876616123,0.0005656854249489794,0.0005656852891844476
532.0,-1.1166957755565283,-1.1165769889691313,-0.011388471187423477,0.1073981162096338,0.009758073580374145,0.009757376793247159
533.0,-1.1166843894773737,-1.1166843645239055,-2.3920327940629704e-06,2.2561435386592166e-05,0.00014142135623752944,0.00014142135411623238
534.0,-1.1166906087643071,-1.1166257098287389,-0.006221678966245037,0.058677256602024386,0.0072124891681030106,0.007212207791744392
535.0,-1.1166850783830031,-1.1166778668925197,-0.0006912976622253098,0.0065201928212133,0.002404163056034036,0.0024041526340650046
536.0,-1.1166845401754801,-1.1166829431564809,-0.0001530901392321482,0.0014439288600343048,0.0011313708498982729,0.0011313697637841044
537.0,-1.1166906087643071,-1.1166257098287389,-0.006221678966245037,0.058677256602024386,0.0072124891681030106,0.007212207791744392
538.0,-1.1166845401754801,-1.1166829431564809,-0.0001530901392321482,0.0014439288600343048,0.0011313708498982729,0.0011313697637841044
539.0,-1.1166954478479476,-1.1165800789284126,-0.011060762606707186,0.10430815692830109,0.009616652224136811,0.009615985292804014
540.0,-1.1166843966534739,-1.1166842968396078,-9.568132952608721e-06,9.024573310867368e-05,0.0002828427124748234,0.00028284269550424995
541.0,-1.1166844731985437,-1.1166835748746067,-8.611320279072743e-05,0.0008122107342245499,0.0008485281374236458,0.0008485276792189762
542.0,-1.1166886066323212,-1.11664459102971,-0.0042195469802663865,0.03979605563086963,0.0059396969619672085,0.005939539804747189
543.0,-1.1166880253681963,-1.116650072864143,-0.003638282855433772,0.034314221197817574,0.005515432893255327,0.0055153070635979365
544.0,-1.1166846765213863,-1.116681657162478,-0.00028943604535314194,0.0027299228628763217,0.0015556349186101547,0.0015556320951416631
545.0,-1.1166873173262992,-1.116656750443835,-0.002930240958320951,0.027636641505957016,0.004949747468305562,0.004949656519573966
546.0,-1.1166844468861763,-1.1166838230499039,-5.9800835394696605e-05,0.0005640354370228806,0.0007071067811867444,0.0007071065160219317
547.0,-1.1166844253578754,-1.1166840261025537,-3.8272534474970143e-05,0.0003609827872175231,0.0005656854249494505,0.0005656852891849185
548.0,-1.1166860040999427,-1.1166691358949161,-0.0016170146017735476,0.015251190424780958,0.0036769552621698388,0.00367691797849454
549.0,-1.1166978422734166,-1.1165575025705174,-0.013455188075717217,0.12688451482345542,0.010606601717797948,0.01060570691580064
550.0,-1.116684504294979,-1.1166832815767602,-0.00011720963799533024,0.0011055085806788156,0.0009899494936614107,0.0009899487660493921
551.0,-1.1166974858604348,-1.1165608629928214,-0.013098775093922654,0.12352409251947805,0.010465180361560654,0.01046432087322902
552.0,-1.1166856524710282,-1.1166724522940852,-0.0012653856873434677,0.011934791255718835,0.003252691193458349,0.003252665383706412
553.0,-1.1166843894773737,-1.1166843645239055,-2.3920327940629704e-06,2.2561435386592166e-05,0.00014142135623752944,0.00014142135411623238
554.0,-1.1166844086136414,-1.1166841840324762,-2.1528300475637252e-05,0.0002030528647445351,0.00042426406871215656,0.00042426401143646233
555.0,-1.1166874871606733,-1.1166551487151866,-0.0031000753324406105,0.02923837015433861,0.005091168824543406,0.005091069855534986
556.0,-1.116694184854294,-1.1165919879380017,-0.00979776895304596,0.09239914733916166,0.009050966799188029,0.009050410766622415
557.0,-1.1166853438987148,-1.1166753626300787,-0.0009568133738646623,0.009024455262185427,0.002828427124746428,0.0028284101543589956
558.0,-1.1167117734761471,-1.116426178799975,-0.027386390806238836,0.2582082853659351,0.015132085117392374,0.015129487177098583
559.0,-1.1166894486280903,-1.1166366504214027,-0.005061542749373871,0.04773666393820264,0.006505382386916502,0.006505175917365745
560.0,-1.1166862624395542,-1.1166666993772636,-0.0018753542132543544,0.017687708077307462,0.003959797974644936,0.003959751408363841
561.0,-1.1166967873866716,-1.1165674486142714,-0.01240030133065062,0.1169384710695276,0.010182337649086498,0.010181545976529389
562.0,-1.1166862624395542,-1.1166666993772636,-0.0018753542132543544,0.017687708077307462,0.003959797974644936,0.003959751408363841
563.0,-1.1166846765213863,-1.116681657162478,-0.00028943604535314194,0.0027299228628763217,0.001555634918610626,0.0015556320951421341
564.0,-1.1166894486280903,-1.1166366504214027,-0.005061542749373871,0.04773666393820264,0.006505382386916031,0.006505175917365274
565.0,-1.1166849994458996,-1.116678611406515,-0.0006123605587049497,0.005775678825870045,0.0022627416997967422,0.0022627330109261743
566.0,-1.1166844468861763,-1.1166838230499039,-5.9800835394696605e-05,0.0005640354370228806,0.0007071067811867444,0.0007071065160219317
567.0,-1.1166874871606733,-1.1166551487151866,-0.0031000753324406105,0.02923837015433861,0.005091168824542935,0.005091069855534515
568.0,-1.1166918885021948,-1.1166136417462815,-0.007501416853905596,0.07074533905937486,0.007919595949289598,0.00791922344167385
569.0,-1.1166967873866716,-1.1165674486142714,-0.01240030133065062,0.1169384710695276,0.010182337649086026,0.010181545976528919
570.0,-1.116692158801973,-1.1166110928413335,-0.007771716632021253,0.07329424400737139,0.00806101730552642,0.008060624484818039
571.0,-1.1167217626077743,-1.1163320463963107,-0.037375522433436004,0.3523406890302283,0.0176776695296639,0.017673527997467114
572.0,-1.1167000812167127,-1.1165363935595387,-0.01569413137181286,0.1479935258021925,0.011455129855221829,0.01145400268965779
573.0,-1.1166845401754806,-1.1166829431564809,-0.0001530901396762374,0.0014439288600343048,0.001131370849898744,0.0011313697637845754
574.0,-1.1166855448295236,-1.1166734675247558,-0.0011577441827448354,0.010919560585076482,0.003111269837220545,0.003111247249683857
575.0,-1.1166916229864836,-1.1166161455563817,-0.007235901142710333,0.06824152895923419,0.007778174593051755,0.00777782168595745
576.0,-1.1166853438987148,-1.1166753626300787,-0.0009568133738646623,0.009024455262185427,0.002828427124746428,0.0028284101543589956
577.0,-1.1166874871606733,-1.1166551487151866,-0.0031000753324406105,0.02923837015433861,0.005091168824542935,0.005091069855534515
578.0,-1.1166890180620719,-1.1166407109366858,-0.0046309767309793415,0.04367614865508074,0.006222539674441365,0.006222358980926251
579.0,-1.1166845401754806,-1.1166829431564809,-0.0001530901396762374,0.0014439288600343048,0.001131370849898744,0.0011313697637845754
580.0,-1.1166846262886838,-1.1166821309491795,-0.00023920334291105405,0.0022561361614492625,0.0014142135623728608,0.0014142114410579138
581.0,-1.1166886066323207,-1.11664459102971,-0.004219546979822297,0.03979605563086963,0.0059396969619667376,0.005939539804746718
582.0,-1.1166860040999427,-1.1166691358949161,-0.0016170146017735476,0.015251190424780958,0.0036769552621698388,0.00367691797849454
583.0,-1.116708788218419,-1.1164543153582906,-0.024401133078111314,0.2300717270502517,0.014283556979968021,0.014281371957281202
584.0,-1.1166927137537304,-1.1166058597509498,-0.008326668389457836,0.0785273343910653,0.00834386001800152,0.008343424382525033
585.0,-1.1166846765213863,-1.116681657162478,-0.00028943604535314194,0.0027299228628763217,0.001555634918610626,0.0015556320951421341
586.0,-1.1166856524710282,-1.1166724522940852,-0.0012653856873434677,0.011934791255718835,0.003252691193458349,0.003252665383706412
587.0,-1.116687661779114,-1.1166535018752506,-0.0032746937730365744,0.03088521009031453,0.0052325901807807,0.005232482733341436
588.0,-1.1166843870853405,-1.11668438708534,4.440892098500626e-13,8.881784197001252e-13,2.9373740229761033e-16,4.577566798522237e-16
589.0,-1.1166868365275788,-1.116661284955796,-0.002449442237928423,0.023102129544927408,0.0045254833995936414,0.004525413890007469
590.0,-1.1166856524710282,-1.1166724522940852,-0.0012653856873434677,0.011934791255718835,0.0032526911934578785,0.0032526653837059412
591.0,-1.116699315766013,-1.1165436101686979,-0.014928680672099404,0.14077691664304837,0.01117228714274724,0.011171241417679754
592.0,-1.1166852506094105,-1.1166762425039796,-0.0008635240695831214,0.008144581361335668,0.002687005768509134,0.0026869912185085464
593.0,-1.116694806782987,-1.116586123601099,-0.010419697646035786,0.09826348424191167,0.009333809511662223,0.009333199709168686
594.0,-1.1166843894773737,-1.1166843645239055,-2.3920327940629704e-06,2.2561435386592166e-05,0.0001414213562370584,0.00014142135411576135
595.0,-1.1166845401754806,-1.1166829431564809,-0.0001530901396762374,0.0014439288600343048,0.001131370849898744,0.0011313697637845754
596.0,-1.1166868365275784,-1.1166612849557955,-0.002449442237484334,0.023102129545371497,0.004525483399594112,0.00452541389000794
597.0,-1.1166847315381552,-1.116681138253988,-0.0003444528142715342,0.0032488313528311608,0.0016970562748474486,0.001697052609219594
598.0,-1.1166860040999427,-1.1166691358949161,-0.0016170146017735476,0.015251190424780958,0.0036769552621698388,0.00367691797849454
599.0,-1.1166851621041736,-1.1166770772582368,-0.0007750188326660634,0.007309827104062805,0.0025455844122718404,0.002545572040835175
600.0,-1.1166878411816215,-1.1166518099246794,-0.003454096280552932,0.03257716066151772,0.005374011537018033,0.00537389514027
601.0,-1.1166844468861763,-1.1166838230499039,-5.9800835394696605e-05,0.0005640354370228806,0.0007071067811867444,0.0007071065160219317
602.0,-1.1166918885021948,-1.1166136417462815,-0.007501416853905596,0.07074533905937486,0.007919595949289128,0.00791922344167338
603.0,-1.116684791338991,-1.1166805742239139,-0.00040425365011032,0.0038128614270327432,0.001838477631084782,0.0018384729705643137
604.0,-1.1166911063072615,-1.116621017888089,-0.0067192219206368975,0.06336919725180579,0.007495331880577638,0.007495016087684245
605.0,-1.1166913622548393,-1.1166186042706423,-0.006975169498435463,0.06578281469860059,0.007636753236814461,0.007636419230388242
606.0,-1.1166845401754806,-1.1166829431564809,-0.0001530901396762374,0.0014439288600343048,0.001131370849898744,0.0011313697637845754
607.0,-1.1166967873866716,-1.1165674486142714,-0.01240030133065062,0.1169384710695276,0.010182337649086498,0.010181545976529389
608.0,-1.1166846765213863,-1.116681657162478,-0.00028943604535314194,0.0027299228628763217,0.0015556349186101547,0.0015556320951416631
609.0,-1.1166882143388377,-1.1166482906943287,-0.0038272534967909166,0.03609639101220807,0.005656854249492149,0.005656718490601543
610.0,-1.1166856524710282,-1.1166724522940852,-0.0012653856873434677,0.011934791255718835,0.003252691193458349,0.003252665383706412
611.0,-1.11669013035762,-1.116630221370896,-0.005743272279090661,0.054165714444831536,0.006929646455628423,0.006929396899890114
612.0,-1.1166846262886838,-1.1166821309491795,-0.00023920334291105405,0.0022561361614492625,0.0014142135623728608,0.0014142114410579138
613.0,-1.1166852506094105,-1.1166762425039796,-0.0008635240695831214,0.008144581361335668,0.002687005768508663,0.0026869912185080755
614.0,-1.1166843870853405,-1.11668438708534,4.440892098500626e-13,8.881784197001252e-13,2.9373740229761033e-16,4.577566798522237e-16
615.0,-1.116684791338991,-1.1166805742239139,-0.00040425365011032,0.0038128614270327432,0.001838477631084782,0.0018384729705643137
616.0,-1.1166844253578754,-1.1166840261025537,-3.8272534474970143e-05,0.0003609827872175231,0.0005656854249494505,0.0005656852891849185
617.0,-1.1166844253578754,-1.1166840261025537,-3.8272534474970143e-05,0.0003609827872175231,0.0005656854249494505,0.0005656852891849185
618.0,-1.116684791338991,-1.1166805742239143,-0.00040425365011032,0.003812861426588654,0.0018384776310852529,0.0018384729705647846
619.0,-1.1166903671689297,-1.1166279881500825,-0.005980083588763563,0.05639893525843931,0.0070710678118652455,0.007070802663946217
620.0,-1.1166869920097522,-1.116659818564747,-0.002604924411286902,0.02456852059395942,0.0046669047558309746,0.004666828524086406
621.0,-1.1166882143388377,-1.1166482906943287,-0.0038272534967909166,0.03609639101220807,0.005656854249492621,0.005656718490602014
622.0,-1.1166866858294724,-1.1166627062331256,-0.002298744131490338,0.021680852215322233,0.004384062043356818,0.0043839988486713
623.0,-1.1166890180620723,-1.1166407109366858,-0.004630976731423431,0.04367614865508074,0.006222539674441836,0.006222358980926722
624.0,-1.1166863987854598,-1.1166654134443954,-0.002011700118931259,0.018973640945496584,0.004101219330881759,0.004101167595123889
625.0,-1.1166843894773737,-1.1166843645239055,-2.3920327940629704e-06,2.2561435386592166e-05,0.0001414213562370584,0.00014142135411576135
626.0,-1.116686685829472,-1.1166627062331256,-0.0022987441310462486,0.021680852215322233,0.004384062043356347,0.004383998848670829
627.0,-1.1166911063072615,-1.116621017888089,-0.0067192219206368975,0.06336919725180579,0.007495331880577638,0.007495016087684245
628.0,-1.116688408093546,-1.1166464634159432,-0.004021008205068455,0.0379236693976992,0.0057982756057299144,0.005798129408559092
629.0,-1.1166924338858184,-1.116608498842547,-0.008046800477501392,0.07588824279380901,0.008202438661764224,0.008202024802674618
630.0,-1.1166894486280903,-1.1166366504214027,-0.005061542749373871,0.04773666393820264,0.006505382386916502,0.006505175917365745
631.0,-1.1166876617791144,-1.116653501875251,-0.0032746937734806636,0.03088521008987044,0.005232590180780229,0.0052324827333409644
632.0,-1.1166849252928635,-1.116679310799927,-0.0005382075225490723,0.005076285413796455,0.0021213203435593696,0.002121313184144641
633.0,-1.1166921588019734,-1.1166110928413335,-0.007771716632465342,0.07329424400737139,0.008061017305526892,0.008060624484818509
634.0,-1.1166871522759925,-1.1166583070605602,-0.0027651906515657743,0.026080024780661404,0.004808326112068269,0.00480824273818325
635.0,-1.1166854419720855,-1.1166744376368816,-0.0010548867446225074,0.00994944845933432,0.0029698484809832513,0.002969828835659351
636.0,-1.116693881066047,-1.1165948524776206,-0.009493980706043459,0.08953460772032074,0.008909545442950225,0.00890901506754204
637.0,-1.1167199901109988,-1.1163487475949672,-0.03560302565785989,0.3356394903737403,0.01725340546095151,0.01724955494608871
638.0,-1.1166845401754801,-1.1166829431564809,-0.0001530901392321482,0.0014439288600343048,0.0011313708498982729,0.0011313697637841044
639.0,-1.116696108049176,-1.1165738539295171,-0.01172096383506016,0.11053315582376655,0.00989949493661144,0.009898767415823627
640.0,-1.116684504294979,-1.1166832815767602,-0.00011720963799533024,0.0011055085806788156,0.0009899494936614107,0.0009899487660493921
641.0,-1.1166967873866716,-1.1165674486142714,-0.01240030133065062,0.1169384710695276,0.010182337649086026,0.010181545976528919
642.0,-1.1167112639730257,-1.1164309807889414,-0.026876887684768036,0.2534062963994721,0.01499066376115508,0.014988137967794316
643.0,-1.1166873173262992,-1.116656750443835,-0.002930240958320951,0.027636641505957016,0.004949747468306033,0.0049496565195744375
644.0,-1.1166845808400487,-1.1166825596139036,-0.00019375470783344895,0.0018274714372878975,0.001272792206136038,0.0012727906596967987
645.0,-1.1166849252928635,-1.116679310799927,-0.0005382075225490723,0.005076285413796455,0.002121320343559841,0.002121313184145112
646.0,-1.116684504294979,-1.1166832815767602,-0.00011720963799533024,0.0011055085806788156,0.0009899494936614107,0.0009899487660493921
647.0,-1.1166918885021948,-1.1166136417462815,-0.007501416853905596,0.07074533905937486,0.007919595949289598,0.00791922344167385
648.0,-1.1166846765213863,-1.116681657162478,-0.00028943604535314194,0.0027299228628763217,0.0015556349186101547,0.0015556320951416631
649.0,-1.1166860040999427,-1.1166691358949157,-0.0016170146017735476,0.015251190425225047,0.0036769552621703093,0.0036769179784950107
650.0,-1.1166901303576195,-1.116630221370896,-0.005743272278646572,0.054165714444831536,0.006929646455627952,0.006929396899889643
651.0,-1.1167016695269139,-1.1165214195818605,-0.017282441572952223,0.16296750348043787,0.012020815280171515,0.012019512767416578
652.0,-1.1166918885021948,-1.1166136417462815,-0.007501416853905596,0.07074533905937486,0.007919595949289128,0.00791922344167338
653.0,-1.1166849252928635,-1.116679310799927,-0.0005382075225490723,0.005076285413796455,0.0021213203435593696,0.002121313184144641
654.0,-1.1166858821062378,-1.116670286478736,-0.0014950208968578238,0.01410060660500534,0.003535533905932466,0.003535500760837278
655.0,-1.1166845042949785,-1.1166832815767602,-0.00011720963755124103,0.0011055085806788156,0.0009899494936609398,0.0009899487660489212
656.0,-1.1166974858604348,-1.1165608629928214,-0.013098775093922654,0.12352409251947805,0.010465180361560654,0.01046432087322902
657.0,-1.1166845808400487,-1.1166825596139036,-0.00019375470783344895,0.0018274714372878975,0.001272792206136038,0.0012727906596967987
658.0,-1.1166854419720855,-1.1166744376368816,-0.0010548867446225074,0.00994944845933432,0.0029698484809832513,0.002969828835659351
659.0,-1.1166865399154324,-1.1166640823961735,-0.002152830091528557,0.020304689167360834,0.004242640687119053,0.004242583412801267
660.0,-1.116688408093546,-1.1166464634159432,-0.004021008205068455,0.0379236693976992,0.0057982756057294435,0.005798129408558621
661.0,-1.1167133306899135,-1.1164115027169266,-0.028943604572617687,0.27288436841432784,0.015556349186103824,0.015553526590976542
662.0,-1.116684791338991,-1.1166805742239143,-0.00040425365011032,0.003812861426588654,0.0018384776310852529,0.0018384729705647846
663.0,-1.116688408093546,-1.1166464634159432,-0.004021008205068455,0.0379236693976992,0.0057982756057299144,0.005798129408559092
664.0,-1.1166924338858184,-1.116608498842547,-0.008046800477501392,0.07588824279380901,0.008202438661763754,0.008202024802674146
665.0,-1.1166849994458996,-1.116678611406515,-0.0006123605587049497,0.005775678825870045,0.002262741699797213,0.0022627330109266453
666.0,-1.1167396526258409,-1.1161635249419914,-0.05526554049994914,0.5208621433494542,0.02149604614807127,0.02148860092158236
667.0,-1.1166874871606733,-1.1166551487151866,-0.0031000753324406105,0.02923837015433861,0.005091168824543406,0.005091069855534986
668.0,-1.1166971342315195,-1.1165641783411768,-0.012747146178604396,0.12020874416407423,0.01032375900532332,0.010322933889234874
669.0,-1.1166856524710282,-1.1166724522940852,-0.0012653856873434677,0.011934791255718835,0.0032526911934578785,0.0032526653837059412
670.0,-1.1166844731985437,-1.1166835748746067,-8.611320279072743e-05,0.0008122107342245499,0.0008485281374236458,0.0008485276792189762
671.0,-1.1166855448295232,-1.1166734675247558,-0.0011577441823007462,0.010919560585076482,0.003111269837221016,0.003111247249684328
672.0,-1.1166890180620723,-1.1166407109366858,-0.004630976731423431,0.04367614865508074,0.006222539674441836,0.006222358980926722
673.0,-1.1166844468861763,-1.116683823049903,-5.9800835394696605e-05,0.000564035437911059,0.0007071067811862733,0.0007071065160214607
674.0,-1.116684791338991,-1.1166805742239139,-0.00040425365011032,0.0038128614270327432,0.001838477631084782,0.0018384729705643137
675.0,-1.1166852506094105,-1.1166762425039796,-0.0008635240695831214,0.008144581361335668,0.002687005768509134,0.0026869912185085464
676.0,-1.116687152275992,-1.1166583070605602,-0.002765190651121685,0.026080024780661404,0.00480832611206874,0.004808242738183721
677.0,-1.1166845808400487,-1.1166825596139036,-0.00019375470783344895,0.0018274714372878975,0.0012727922061355668,0.0012727906596963277
678.0,-1.1166918885021948,-1.1166136417462815,-0.007501416853905596,0.07074533905937486,0.007919595949289128,0.00791922344167338
679.0,-1.1166851621041736,-1.1166770772582368,-0.0007750188326660634,0.007309827104062805,0.0025455844122718404,0.002545572040835175
680.0,-1.1166844253578754,-1.1166840261025532,-3.8272534474970143e-05,0.0003609827876616123,0.0005656854249489794,0.0005656852891844476
681.0,-1.1166906087643071,-1.1166257098287389,-0.006221678966245037,0.058677256602024386,0.0072124891681030106,0.007212207791744392
682.0,-1.1166862624395542,-1.1166666993772636,-0.0018753542132543544,0.017687708077307462,0.003959797974644936,0.003959751408363841
683.0,-1.1166865399154329,-1.1166640823961735,-0.002152830091972646,0.020304689167360834,0.004242640687119524,0.004242583412801738
684.0,-1.1166880253681963,-1.116650072864143,-0.003638282855433772,0.034314221197817574,0.005515432893254855,0.005515307063597465
685.0,-1.1166851621041736,-1.1166770772582368,-0.0007750188326660634,0.007309827104062805,0.0025455844122713694,0.002545572040834704
686.0,-1.1166845401754806,-1.1166829431564809,-0.0001530901396762374,0.0014439288600343048,0.001131370849898744,0.0011313697637845754
687.0,-1.116688408093546,-1.1166464634159432,-0.004021008205068455,0.0379236693976992,0.0057982756057294435,0.005798129408558621
688.0,-1.1166847315381552,-1.116681138253988,-0.0003444528142715342,0.0032488313528311608,0.0016970562748474486,0.001697052609219594
689.0,-1.1166882143388377,-1.1166482906943287,-0.0038272534967909166,0.03609639101220807,0.005656854249492149,0.005656718490601543
690.0,-1.1166888099551633,-1.1166426735363713,-0.004422869822384712,0.0417135489696463,0.006081118318204071,0.006080949666443263
691.0,-1.1166896710872,-1.1166345525074148,-0.00528400185917377,0.049834577926066714,0.006646803743153796,0.006646583513879207
692.0,-1.1166982034704653,-1.1165540970755963,-0.013816385124432173,0.1302900097446269,0.01074802307403532,0.01074709200424085
693.0,-1.1166844731985446,-1.1166835748746062,-8.611320367890585e-05,0.0008122107346686391,0.0008485281374241168,0.0008485276792194471
694.0,-1.1166844086136414,-1.1166841840324762,-2.1528300475637252e-05,0.0002030528647445351,0.00042426406871215656,0.00042426401143646233
695.0,-1.116684791338991,-1.1166805742239139,-0.00040425365011032,0.0038128614270327432,0.001838477631084782,0.0018384729705643137
696.0,-1.1166866858294724,-1.1166627062331256,-0.002298744131490338,0.021680852215322233,0.004384062043356818,0.0043839988486713
697.0,-1.1166845808400487,-1.1166825596139036,-0.00019375470783344895,0.0018274714372878975,0.001272792206136038,0.0012727906596967987
698.0,-1.1166993157660134,-1.1165436101686983,-0.014928680672543493,0.14077691664260428,0.011172287142747712,0.011171241417680226
699.0,-1.116693881066047,-1.1165948524776206,-0.009493980706043459,0.08953460772032074,0.008909545442950225,0.00890901506754204
700.0,-1.1166882143388377,-1.1166482906943287,-0.0038272534967909166,0.03609639101220807,0.005656854249492621,0.005656718490602014
701.0,-1.116691622986484,-1.1166161455563817,-0.007235901143154422,0.06824152895923419,0.007778174593052226,0.007777821685957921
702.0,-1.1166903671689297,-1.1166279881500825,-0.005980083588763563,0.05639893525843931,0.0070710678118652455,0.007070802663946217
703.0,-1.1166898983303764,-1.116632409490296,-0.005511245035449974,0.051977595044938596,0.006788225099390658,0.006787990512293603
704.0,-1.1166858821062378,-1.116670286478736,-0.0014950208968578238,0.01410060660500534,0.003535533905932466,0.003535500760837278
705.0,-1.1166927137537304,-1.1166058597509498,-0.008326668389457836,0.0785273343910653,0.00834386001800152,0.008343424382525033
706.0,-1.1167149309602822,-1.1163964215004847,-0.03054387494128008,0.28796558485622015,0.015980613254816176,0.015977553417336428
707.0,-1.1166886066323207,-1.11664459102971,-0.004219546979822297,0.03979605563086963,0.0059396969619667376,0.005939539804746718
708.0,-1.1166886066323207,-1.11664459102971,-0.004219546979822297,0.03979605563086963,0.0059396969619667376,0.005939539804746718
709.0,-1.1166844253578754,-1.1166840261025537,-3.8272534474970143e-05,0.0003609827872175231,0.0005656854249494505,0.0005656852891849185
710.0,-1.1166849252928635,-1.116679310799927,-0.0005382075225490723,0.005076285413796455,0.002121320343559841,0.002121313184145112
711.0,-1.1166854419720855,-1.1166744376368816,-0.0010548867446225074,0.00994944845933432,0.0029698484809837222,0.0029698288356598216
712.0,-1.116684791338991,-1.1166805742239139,-0.00040425365011032,0.0038128614270327432,0.001838477631084782,0.0018384729705643137
713.0,-1.1166882143388377,-1.1166482906943287,-0.0038272534967909166,0.03609639101220807,0.005656854249492621,0.005656718490602014
714.0,-1.1166911063072615,-1.1166210178880895,-0.0067192219206368975,0.0633691972513617,0.007495331880577167,0.007495016087683773
715.0,-1.1166851621041736,-1.1166770772582368,-0.0007750188326660634,0.007309827104062805,0.0025455844122713694,0.002545572040834704
716.0,-1.1166985694515814,-1.1165506465094053,-0.014182366240511612,0.13374057593562583,0.010889444430273084,0.010888476125840008
717.0,-1.1166871522759925,-1.1166583070605602,-0.0027651906515657743,0.026080024780661404,0.004808326112068269,0.00480824273818325
718.0,-1.116684791338991,-1.1166805742239143,-0.00040425365011032,0.003812861426588654,0.0018384776310852529,0.0018384729705647846
719.0,-1.1166849994458996,-1.116678611406515,-0.0006123605587049497,0.005775678825870045,0.002262741699797213,0.0022627330109266453
720.0,-1.1166846765213863,-1.116681657162478,-0.00028943604535314194,0.0027299228628763217,0.001555634918610626,0.0015556320951421341
721.0,-1.1166855448295232,-1.1166734675247558,-0.0011577441823007462,0.010919560585076482,0.003111269837221016,0.003111247249684328
722.0,-1.1166844731985437,-1.1166835748746067,-8.611320279072743e-05,0.0008122107342245499,0.0008485281374236458,0.0008485276792189762
723.0,-1.1166846765213863,-1.116681657162478,-0.00028943604535314194,0.0027299228628763217,0.0015556349186101547,0.0015556320951416631
724.0,-1.1166961080491755,-1.1165738539295171,-0.011720963834616072,0.11053315582376655,0.00989949493661191,0.009898767415824098
725.0,-1.1166911063072615,-1.116621017888089,-0.0067192219206368975,0.06336919725180579,0.007495331880577638,0.007495016087684245
726.0,-1.1166896710872,-1.1166345525074144,-0.00528400185917377,0.049834577926510804,0.006646803743153325,0.006646583513878736
727.0,-1.1166845042949785,-1.1166832815767602,-0.00011720963755124103,0.0011055085806788156,0.0009899494936609398,0.0009899487660489212
728.0,-1.116687152275992,-1.1166583070605602,-0.002765190651121685,0.026080024780661404,0.00480832611206874,0.004808242738183721
729.0,-1.1166869920097522,-1.116659818564747,-0.002604924411286902,0.02456852059395942,0.0046669047558314455,0.004666828524086877
730.0,-1.1166967873866716,-1.1165674486142714,-0.01240030133065062,0.1169384710695276,0.010182337649086498,0.010181545976529389
731.0,-1.116692158801973,-1.1166110928413335,-0.007771716632021253,0.07329424400737139,0.00806101730552642,0.008060624484818039
732.0,-1.1166851621041736,-1.1166770772582368,-0.0007750188326660634,0.007309827104062805,0.0025455844122713694,0.002545572040834704
733.0,-1.1166982034704653,-1.1165540970755963,-0.013816385124432173,0.1302900097446269,0.01074802307403532,0.01074709200424085
734.0,-1.116686130877715,-1.1166679401942678,-0.0017437923740537542,0.016446891073051972,0.0038183766184076034,0.0038183348652455077
735.0,-1.1166846765213863,-1.116681657162478,-0.00028943604535314194,0.0027299228628763217,0.0015556349186101547,0.0015556320951416631
736.0,-1.1166911063072615,-1.116621017888089,-0.0067192219206368975,0.06336919725180579,0.007495331880577638,0.007495016087684245
737.0,-1.1166849994458996,-1.116678611406515,-0.0006123605587049497,0.005775678825870045,0.0022627416997967422,0.0022627330109261743
738.0,-1.1166848559238938,-1.1166799650724801,-0.0004688385528694994,0.004422012860771929,0.0019798989873225465,0.0019798931664491313
739.0,-1.1166964453258905,-1.1165706738108105,-0.012058240549617238,0.11371327453035818,0.010040916292849204,0.010040157147821789
740.0,-1.1166846765213863,-1.116681657162478,-0.00028943604535314194,0.0027299228628763217,0.0015556349186101547,0.0015556320951416631
741.0,-1.1166865399154324,-1.1166640823961735,-0.002152830091528557,0.020304689167360834,0.004242640687119053,0.004242583412801267
742.0,-1.1166869920097522,-1.116659818564747,-0.002604924411286902,0.02456852059395942,0.0046669047558309746,0.004666828524086406
743.0,-1.1166869920097522,-1.116659818564747,-0.002604924411286902,0.02456852059395942,0.0046669047558309746,0.004666828524086406
744.0,-1.1166927137537304,-1.1166058597509498,-0.008326668389457836,0.0785273343910653,0.008343860018001048,0.008343424382524561
745.0,-1.1166882143388377,-1.1166482906943287,-0.0038272534967909166,0.03609639101220807,0.005656854249492149,0.005656718490601543
746.0,-1.1166882143388377,-1.1166482906943287,-0.0038272534967909166,0.03609639101220807,0.005656854249492621,0.005656718490602014
747.0,-1.1166896710872,-1.1166345525074148,-0.00528400185917377,0.049834577926066714,0.006646803743153796,0.006646583513879207
748.0,-1.116708788218419,-1.1164543153582906,-0.024401133078111314,0.2300717270502517,0.014283556979968021,0.014281371957281202
749.0,-1.1166996960993294,-1.1165400243969672,-0.015309013988495934,0.14436268837370037,0.011313708498984535,0.011312622562505181
750.0,-1.1166844731985437,-1.1166835748746067,-8.611320279072743e-05,0.0008122107342245499,0.0008485281374236458,0.0008485276792189762
751.0,-1.1166951249234334,-1.1165831238061372,-0.0107378380924672,0.10126327920367828,0.00947523086789999,0.009474592927207514
752.0,-1.116702910992267,-1.116509715980985,-0.018523906926137812,0.17467110435598343,0.012445079348883475,0.012443634017599984
753.0,-1.1166857648965993,-1.116671391945272,-0.0013778112584184043,0.012995140068916555,0.003394112549695643,0.003394083224999615
754.0,-1.1166856524710282,-1.1166724522940852,-0.0012653856873434677,0.011934791255718835,0.003252691193458349,0.003252665383706412
755.0,-1.1166845042949785,-1.1166832815767602,-0.00011720963755124103,0.0011055085806788156,0.0009899494936609398,0.0009899487660489212
756.0,-1.1166847315381547,-1.116681138253988,-0.00034445281382744497,0.0032488313528311608,0.0016970562748479198,0.001697052609220065
757.0,-1.1166843966534739,-1.1166842968396078,-9.568132952608721e-06,9.024573310867368e-05,0.0002828427124748234,0.00028284269550424995
758.0,-1.1166974858604348,-1.1165608629928214,-0.013098775093922654,0.12352409251947805,0.010465180361560654,0.01046432087322902
759.0,-1.116687661779114,-1.1166535018752506,-0.0032746937730365744,0.03088521009031453,0.0052325901807807,0.005232482733341436
760.0,-1.1166924338858184,-1.116608498842547,-0.008046800477501392,0.07588824279380901,0.008202438661763754,0.008202024802674146
761.0,-1.1166878411816215,-1.1166518099246794,-0.003454096280552932,0.03257716066151772,0.005374011537017562,0.005373895140269529
762.0,-1.1166878411816215,-1.1166518099246794,-0.003454096280552932,0.03257716066151772,0.005374011537017562,0.005373895140269529
763.0,-1.1166865399154329,-1.1166640823961735,-0.002152830091972646,0.020304689167360834,0.004242640687119524,0.004242583412801738
764.0,-1.1166865399154324,-1.1166640823961735,-0.002152830091528557,0.020304689167360834,0.004242640687119053,0.004242583412801267
765.0,-1.116686130877715,-1.1166679401942678,-0.0017437923740537542,0.016446891073051972,0.0038183766184071324,0.0038183348652450367
766.0,-1.1166866858294724,-1.1166627062331256,-0.002298744131490338,0.021680852215322233,0.004384062043356818,0.0043839988486713
767.0,-1.1166918885021948,-1.1166136417462815,-0.007501416853905596,0.07074533905937486,0.007919595949289598,0.00791922344167385
768.0,-1.1166874871606733,-1.1166551487151866,-0.0031000753324406105,0.02923837015433861,0.005091168824543406,0.005091069855534986
769.0,-1.1166853438987148,-1.1166753626300787,-0.0009568133738646623,0.009024455262185427,0.002828427124745957,0.0028284101543585246
770.0,-1.1166913622548393,-1.1166186042706419,-0.006975169498435463,0.06578281469904468,0.007636753236814932,0.0076364192303887135
771.0,-1.1166903671689297,-1.1166279881500825,-0.005980083588763563,0.05639893525843931,0.007071067811865717,0.007070802663946689
772.0,-1.1166898983303764,-1.116632409490296,-0.005511245035449974,0.051977595044938596,0.006788225099391129,0.006787990512294074
773.0,-1.1166862624395537,-1.1166666993772636,-0.0018753542128102652,0.017687708077307462,0.003959797974644465,0.00395975140836337
774.0,-1.1166896710872,-1.1166345525074144,-0.00528400185917377,0.049834577926510804,0.006646803743153325,0.006646583513878736
775.0,-1.1167033343821853,-1.116505724671217,-0.018947296844373795,0.17866241412400896,0.012586500705120808,0.012585005545977109
776.0,-1.1166869920097522,-1.116659818564747,-0.002604924411286902,0.02456852059395942,0.0046669047558314455,0.004666828524086877
777.0,-1.1166954478479476,-1.1165800789284126,-0.011060762606707186,0.10430815692830109,0.009616652224136811,0.009615985292804014
778.0,-1.1166869920097522,-1.116659818564747,-0.002604924411286902,0.02456852059395942,0.0046669047558314455,0.004666828524086877
779.0,-1.1166853438987148,-1.1166753626300787,-0.0009568133738646623,0.009024455262185427,0.002828427124745957,0.0028284101543585246
780.0,-1.1166911063072615,-1.1166210178880895,-0.0067192219206368975,0.0633691972513617,0.007495331880577167,0.007495016087683773
781.0,-1.1166880253681963,-1.116650072864143,-0.003638282855433772,0.034314221197817574,0.005515432893255327,0.0055153070635979365
782.0,-1.1166957755565283,-1.1165769889691313,-0.011388471187423477,0.1073981162096338,0.009758073580374615,0.00975737679324763
783.0,-1.1166918885021948,-1.1166136417462815,-0.007501416853905596,0.07074533905937486,0.007919595949289598,0.00791922344167385
784.0,-1.1167004711181625,-1.11653271765785,-0.016084032821606087,0.15166942749100798,0.011596551211459123,0.011595381786431132
785.0,-1.1166898983303764,-1.116632409490296,-0.005511245035449974,0.051977595044938596,0.006788225099390658,0.006787990512293603
786.0,-1.1166843894773737,-1.1166843645239055,-2.3920327940629704e-06,2.2561435386592166e-05,0.0001414213562370584,0.00014142135411576135
787.0,-1.1167024923864157,-1.116513662237054,-0.018105301074822222,0.17072484828695167,0.01230365799264571,0.012302261369911777
788.0,-1.1166845808400487,-1.1166825596139036,-0.00019375470783344895,0.0018274714372878975,0.001272792206136038,0.0012727906596967987
789.0,-1.1166935820618678,-1.1165976719298318,-0.00919497652684953,0.08671515550906506,0.00876812408671293,0.008767618566877092
790.0,-1.1166844731985446,-1.1166835748746062,-8.611320367890585e-05,0.0008122107346686391,0.0008485281374241168,0.0008485276792194471
791.0,-1.1167000812167127,-1.1165363935595387,-0.01569413137181286,0.1479935258021925,0.011455129855222299,0.01145400268965826
792.0,-1.1166846262886838,-1.1166821309491795,-0.00023920334291105405,0.0022561361614492625,0.0014142135623733318,0.0014142114410583848
793.0,-1.1166855448295232,-1.1166734675247558,-0.0011577441823007462,0.010919560585076482,0.003111269837221016,0.003111247249684328
794.0,-1.1166961080491755,-1.1165738539295171,-0.011720963834616072,0.11053315582376655,0.00989949493661191,0.009898767415824098
795.0,-1.116693881066047,-1.1165948524776201,-0.009493980706043459,0.08953460772076482,0.008909545442950695,0.008909015067542513
796.0,-1.1166844253578754,-1.1166840261025537,-3.8272534474970143e-05,0.0003609827872175231,0.0005656854249494505,0.0005656852891849185
797.0,-1.1166857648965993,-1.116671391945272,-0.0013778112584184043,0.012995140068916555,0.003394112549695643,0.003394083224999615
798.0,-1.1166844468861763,-1.116683823049903,-5.9800835394696605e-05,0.000564035437911059,0.0007071067811862733,0.0007071065160214607
799.0,-1.116704633256341,-1.116493480435599,-0.020246171000160018,0.1909066497418621,0.01301076477383222,0.013009113288226183
800.0,-1.1166896710872,-1.1166345525074148,-0.00528400185917377,0.049834577926066714,0.006646803743153796,0.006646583513879207
801.0,-1.1166843894773737,-1.1166843645239055,-2.3920327940629704e-06,2.2561435386592166e-05,0.00014142135623752944,0.00014142135411623238
802.0,-1.1166957755565283,-1.1165769889691313,-0.011388471187423477,0.1073981162096338,0.009758073580374145,0.009757376793247159
803.0,-1.1166844468861763,-1.1166838230499039,-5.9800835394696605e-05,0.0005640354370228806,0.0007071067811867444,0.0007071065160219317
804.0,-1.1166957755565283,-1.1165769889691313,-0.011388471187423477,0.1073981162096338,0.009758073580374145,0.009757376793247159
805.0,-1.1167205761591905,-1.1163432255158394,-0.036189073849612896,0.34116156950148024,0.017394826817189273,0.017390880864271267
806.0,-1.1166843870853405,-1.11668438708534,4.440892098500626e-13,8.881784197001252e-13,2.9373740229761033e-16,4.577566798522237e-16
807.0,-1.1166845808400487,-1.1166825596139036,-0.00019375470783344895,0.0018274714372878975,0.0012727922061355668,0.0012727906596963277
808.0,-1.1166869920097522,-1.116659818564747,-0.002604924411286902,0.02456852059395942,0.0046669047558309746,0.004666828524086406
809.0,-1.1166880253681963,-1.116650072864143,-0.003638282855433772,0.034314221197817574,0.005515432893255327,0.0055153070635979365
810.0,-1.1166967873866716,-1.1165674486142714,-0.01240030133065062,0.1169384710695276,0.010182337649086026,0.010181545976528919
811.0,-1.1166860040999427,-1.1166691358949161,-0.0016170146017735476,0.015251190424780958,0.0036769552621698388,0.00367691797849454
812.0,-1.1166846262886838,-1.1166821309491795,-0.00023920334291105405,0.0022561361614492625,0.0014142135623733318,0.0014142114410583848
813.0,-1.1166855448295236,-1.1166734675247558,-0.0011577441827448354,0.010919560585076482,0.003111269837220545,0.003111247249683857
814.0,-1.1166844731985446,-1.1166835748746062,-8.611320367890585e-05,0.0008122107346686391,0.0008485281374241168,0.0008485276792194471
815.0,-1.116684791338991,-1.1166805742239143,-0.00040425365011032,0.003812861426588654,0.0018384776310852529,0.0018384729705647846
816.0,-1.1166852506094105,-1.1166762425039796,-0.0008635240695831214,0.008144581361335668,0.002687005768508663,0.0026869912185080755
817.0,-1.1166892309530478,-1.1166387032314313,-0.004843867706938454,0.04568385390957275,0.00636396103067913,0.006363767735474296
818.0,-1.1166951249234338,-1.1165831238061372,-0.01073783809291129,0.10126327920367828,0.009475230867899517,0.009474592927207044
819.0,-1.116688408093546,-1.1166464634159432,-0.004021008205068455,0.0379236693976992,0.0057982756057294435,0.005798129408558621
820.0,-1.1166944934266065,-1.1165890783121108,-0.010106341265636587,0.09530877323005171,0.009192388155424851,0.00919180565140224
821.0,-1.1166860040999427,-1.1166691358949157,-0.0016170146017735476,0.015251190425225047,0.0036769552621703093,0.0036769179784950107
822.0,-1.1166845401754801,-1.1166829431564809,-0.0001530901392321482,0.0014439288600343048,0.0011313708498982729,0.0011313697637841044
823.0,-1.1166888099551633,-1.1166426735363713,-0.004422869822384712,0.0417135489696463,0.006081118318204071,0.006080949666443263
824.0,-1.1166843966534743,-1.1166842968396078,-9.568133396697931e-06,9.024573310867368e-05,0.00028284271247435236,0.0002828426955037789
825.0,-1.1166844468861763,-1.1166838230499039,-5.9800835394696605e-05,0.0005640354370228806,0.0007071067811867444,0.0007071065160219317
826.0,-1.1166860040999427,-1.1166691358949157,-0.0016170146017735476,0.015251190425225047,0.0036769552621703093,0.0036769179784950107
827.0,-1.1166845808400487,-1.1166825596139036,-0.00019375470783344895,0.0018274714372878975,0.001272792206136038,0.0012727906596967987
828.0,-1.1166882143388377,-1.1166482906943287,-0.0038272534967909166,0.03609639101220807,0.005656854249492621,0.005656718490602014
829.0,-1.1166948067829865,-1.116586123601099,-0.010419697645591697,0.09826348424191167,0.009333809511662695,0.009333199709169156
830.0,-1.116684504294979,-1.1166832815767602,-0.00011720963799533024,0.0011055085806788156,0.0009899494936614107,0.0009899487660493921
831.0,-1.1167083074196982,-1.1164588471841386,-0.023920334357274697,0.2255399012023318,0.014142135623730727,0.01414001485122965
832.0,-1.1166876617791144,-1.116653501875251,-0.0032746937734806636,0.03088521008987044,0.005232590180780229,0.0052324827333409644
833.0,-1.1167020785646313,-1.1165175634378608,-0.017691479290427026,0.1668236474801077,0.012162236636408887,0.01216088761561657
834.0,-1.1166844253578754,-1.1166840261025532,-3.8272534474970143e-05,0.0003609827876616123,0.0005656854249489794,0.0005656852891844476
835.0,-1.116686130877715,-1.1166679401942678,-0.0017437923740537542,0.016446891073051972,0.0038183766184071324,0.0038183348652450367
836.0,-1.1166854419720855,-1.1166744376368816,-0.0010548867446225074,0.00994944845933432,0.0029698484809837222,0.0029698288356598216
837.0,-1.116686685829472,-1.1166627062331256,-0.0022987441310462486,0.021680852215322233,0.004384062043356347,0.004383998848670829
838.0,-1.1166843966534739,-1.1166842968396078,-9.568132952608721e-06,9.024573310867368e-05,0.0002828427124748234,0.00028284269550424995
839.0,-1.1167194088468735,-1.1163542246840858,-0.035021761532583184,0.3301624012550519,0.017111984104714213,0.017108227477088584
840.0,-1.1166849252928635,-1.116679310799927,-0.0005382075225490723,0.005076285413796455,0.0021213203435593696,0.002121313184144641
841.0,-1.1167012652732633,-1.1165252306675288,-0.016878187922397814,0.15915641781205636,0.011879393923934221,0.011878136838015765
842.0,-1.116686130877715,-1.1166679401942678,-0.0017437923740537542,0.016446891073051972,0.0038183766184071324,0.0038183348652450367
843.0,-1.1167097641680606,-1.1164451166130864,-0.02537708271965755,0.2392704722544714,0.014566399692443081,0.014564082303515998
844.0,-1.1166844253578754,-1.1166840261025532,-3.8272534474970143e-05,0.0003609827876616123,0.0005656854249489794,0.0005656852891844476
845.0,-1.1166894486280903,-1.1166366504214027,-0.005061542749373871,0.04773666393820264,0.006505382386916031,0.006505175917365274
846.0,-1.1166850783830031,-1.1166778668925197,-0.0006912976622253098,0.0065201928212133,0.002404163056034036,0.0024041526340650046
847.0,-1.1166862624395537,-1.1166666993772636,-0.0018753542128102652,0.017687708077307462,0.003959797974644465,0.00395975140836337
848.0,-1.1166935820618678,-1.1165976719298318,-0.00919497652684953,0.08671515550906506,0.0087681240867134,0.008767618566877564
849.0,-1.1167012652732633,-1.1165252306675288,-0.016878187922397814,0.15915641781205636,0.011879393923934221,0.011878136838015765
850.0,-1.1166844253578754,-1.1166840261025537,-3.8272534474970143e-05,0.0003609827872175231,0.0005656854249494505,0.0005656852891849185
851.0,-1.1166863987854598,-1.1166654134443954,-0.002011700118931259,0.018973640945496584,0.004101219330881759,0.004101167595123889
852.0,-1.116691622986484,-1.1166161455563817,-0.007235901143154422,0.06824152895923419,0.007778174593052226,0.007777821685957921
853.0,-1.1166882143388377,-1.1166482906943287,-0.0038272534967909166,0.03609639101220807,0.005656854249492149,0.005656718490601543
854.0,-1.1166878411816215,-1.1166518099246794,-0.003454096280552932,0.03257716066151772,0.005374011537018033,0.00537389514027
855.0,-1.1166863987854598,-1.1166654134443954,-0.002011700118931259,0.018973640945496584,0.004101219330881759,0.004101167595123889
856.0,-1.1166855448295236,-1.1166734675247558,-0.0011577441827448354,0.010919560585076482,0.003111269837220545,0.003111247249683857
857.0,-1.1166865399154329,-1.1166640823961735,-0.002152830091972646,0.020304689167360834,0.004242640687119524,0.004242583412801738
858.0,-1.116692158801973,-1.1166110928413335,-0.007771716632021253,0.07329424400737139,0.00806101730552642,0.008060624484818039
859.0,-1.1166845401754801,-1.1166829431564809,-0.0001530901392321482,0.0014439288600343048,0.0011313708498982729,0.0011313697637841044
860.0,-1.1166852506094105,-1.1166762425039796,-0.0008635240695831214,0.008144581361335668,0.002687005768509134,0.0026869912185085464
861.0,-1.1166944934266065,-1.1165890783121108,-0.010106341265636587,0.09530877323005171,0.009192388155424851,0.00919180565140224
862.0,-1.1166982034704653,-1.1165540970755963,-0.013816385124432173,0.1302900097446269,0.01074802307403532,0.01074709200424085
863.0,-1.1166868365275788,-1.116661284955796,-0.002449442237928423,0.023102129544927408,0.0045254833995936414,0.004525413890007469
864.0,-1.1166847315381552,-1.116681138253988,-0.0003444528142715342,0.0032488313528311608,0.0016970562748474486,0.001697052609219594
865.0,-1.1166935820618678,-1.1165976719298318,-0.00919497652684953,0.08671515550906506,0.00876812408671293,0.008767618566877092
866.0,-1.1166863987854598,-1.1166654134443954,-0.002011700118931259,0.018973640945496584,0.004101219330881759,0.004101167595123889
867.0,-1.1166903671689297,-1.1166279881500825,-0.005980083588763563,0.05639893525843931,0.0070710678118652455,0.007070802663946217
868.0,-1.116704195514222,-1.1164976068969166,-0.019808428881162854,0.1867801884243292,0.012869343417595398,0.0128677451939918
869.0,-1.116730603563353,-1.1162487554449885,-0.04621647801217321,0.4356316403524296,0.01965756851698582,0.019651874300659032
870.0,-1.1166854419720855,-1.1166744376368816,-0.0010548867446225074,0.00994944845933432,0.0029698484809837222,0.0029698288356598216
871.0,-1.1166849252928635,-1.116679310799927,-0.0005382075225490723,0.005076285413796455,0.002121320343559841,0.002121313184145112
872.0,-1.116687661779114,-1.1166535018752506,-0.0032746937730365744,0.03088521009031453,0.0052325901807807,0.005232482733341436
873.0,-1.1166866858294724,-1.1166627062331256,-0.002298744131490338,0.021680852215322233,0.004384062043356818,0.0043839988486713
874.0,-1.1166853438987148,-1.1166753626300787,-0.0009568133738646623,0.009024455262185427,0.002828427124746428,0.0028284101543589956
875.0,-1.1166924338858184,-1.116608498842547,-0.008046800477501392,0.07588824279380901,0.008202438661763754,0.008202024802674146
876.0,-1.11669644532589,-1.1165706738108105,-0.01205824054917315,0.11371327453035818,0.010040916292848732,0.010040157147821317
877.0,-1.1166865399154329,-1.1166640823961735,-0.002152830091972646,0.020304689167360834,0.004242640687119524,0.004242583412801738
878.0,-1.1166855448295232,-1.1166734675247558,-0.0011577441823007462,0.010919560585076482,0.003111269837221016,0.003111247249684328
879.0,-1.1166878411816215,-1.1166518099246794,-0.003454096280552932,0.03257716066151772,0.005374011537017562,0.005373895140269529
880.0,-1.1166890180620723,-1.1166407109366858,-0.004630976731423431,0.04367614865508074,0.006222539674441836,0.006222358980926722
881.0,-1.1167176937589005,-1.116370385989815,-0.0333066735596077,0.3140010955258177,0.016687720036002763,0.016684235891978802
882.0,-1.1166941848542935,-1.1165919879380022,-0.00979776895260187,0.09239914733871757,0.009050966799187557,0.009050410766621945
883.0,-1.116694184854294,-1.1165919879380017,-0.00979776895304596,0.09239914733916166,0.009050966799188029,0.009050410766622415
884.0,-1.1166855448295232,-1.1166734675247558,-0.0011577441823007462,0.010919560585076482,0.003111269837221016,0.003111247249684328
885.0,-1.116684504294979,-1.1166832815767602,-0.00011720963799533024,0.0011055085806788156,0.0009899494936614107,0.0009899487660493921
886.0,-1.1166853438987148,-1.1166753626300787,-0.0009568133738646623,0.009024455262185427,0.002828427124746428,0.0028284101543589956
887.0,-1.1166894486280903,-1.1166366504214027,-0.005061542749373871,0.04773666393820264,0.006505382386916031,0.006505175917365274
888.0,-1.1166846262886838,-1.1166821309491795,-0.00023920334291105405,0.0022561361614492625,0.0014142135623728608,0.0014142114410579138
889.0,-1.116699315766013,-1.1165436101686979,-0.014928680672099404,0.14077691664304837,0.01117228714274724,0.011171241417679754
890.0,-1.1166847315381547,-1.116681138253988,-0.00034445281382744497,0.0032488313528311608,0.0016970562748479198,0.001697052609220065
891.0,-1.1166941848542935,-1.1165919879380022,-0.00979776895260187,0.09239914733871757,0.009050966799187557,0.009050410766621945
892.0,-1.1166848559238938,-1.1166799650724801,-0.0004688385528694994,0.004422012860771929,0.0019798989873225465,0.0019798931664491313
893.0,-1.1166908551437507,-1.1166233864077681,-0.006468058409758726,0.0610006775727534,0.007353910524339834,0.007353612270562702
894.0,-1.1166869920097522,-1.116659818564747,-0.002604924411286902,0.02456852059395942,0.0046669047558314455,0.004666828524086877
895.0,-1.1166982034704653,-1.1165540970755963,-0.013816385124432173,0.1302900097446269,0.01074802307403532,0.01074709200424085
896.0,-1.1167138593293031,-1.1164065206569793,-0.02947224396221415,0.27786642836158393,0.015697770542341588,0.015694870281960746
897.0,-1.1166844253578754,-1.1166840261025537,-3.8272534474970143e-05,0.0003609827872175231,0.0005656854249494505,0.0005656852891849185
898.0,-1.1166845042949785,-1.1166832815767602,-0.00011720963755124103,0.0011055085806788156,0.0009899494936609398,0.0009899487660489212
899.0,-1.1166868365275788,-1.116661284955796,-0.002449442237928423,0.023102129544927408,0.0045254833995936414,0.004525413890007469
900.0,-1.116688408093546,-1.1166464634159432,-0.004021008205068455,0.0379236693976992,0.0057982756057294435,0.005798129408558621
901.0,-1.1166868365275788,-1.116661284955796,-0.002449442237928423,0.023102129544927408,0.0045254833995936414,0.004525413890007469
902.0,-1.1166886066323212,-1.11664459102971,-0.0042195469802663865,0.03979605563086963,0.0059396969619672085,0.005939539804747189
903.0,-1.116688408093546,-1.1166464634159432,-0.004021008205068455,0.0379236693976992,0.0057982756057294435,0.005798129408558621
904.0,-1.1166848559238938,-1.1166799650724801,-0.0004688385528694994,0.004422012860771929,0.0019798989873220756,0.0019798931664486603
905.0,-1.1166878411816215,-1.1166518099246794,-0.003454096280552932,0.03257716066151772,0.005374011537017562,0.005373895140269529
906.0,-1.1166854419720855,-1.1166744376368816,-0.0010548867446225074,0.00994944845933432,0.0029698484809832513,0.002969828835659351
907.0,-1.1166845808400487,-1.1166825596139036,-0.00019375470783344895,0.0018274714372878975,0.001272792206136038,0.0012727906596967987
908.0,-1.1166894486280903,-1.1166366504214027,-0.005061542749373871,0.04773666393820264,0.006505382386916502,0.006505175917365745
909.0,-1.116686130877715,-1.1166679401942678,-0.0017437923740537542,0.016446891073051972,0.0038183766184071324,0.0038183348652450367
910.0,-1.1166854419720855,-1.1166744376368816,-0.0010548867446225074,0.00994944845933432,0.0029698484809837222,0.0029698288356598216
911.0,-1.1167133306899135,-1.116411502716927,-0.028943604572617687,0.27288436841388375,0.015556349186104294,0.015553526590977012
912.0,-1.1166873173262992,-1.116656750443835,-0.002930240958320951,0.027636641505957016,0.004949747468305562,0.004949656519573966
913.0,-1.1166854419720855,-1.1166744376368816,-0.0010548867446225074,0.00994944845933432,0.0029698484809832513,0.002969828835659351
914.0,-1.1166844731985437,-1.1166835748746067,-8.611320279072743e-05,0.0008122107342245499,0.0008485281374236458,0.0008485276792189762
915.0,-1.1166852506094105,-1.1166762425039796,-0.0008635240695831214,0.008144581361335668,0.002687005768508663,0.0026869912185080755
916.0,-1.1166890180620719,-1.1166407109366858,-0.0046309767309793415,0.04367614865508074,0.006222539674441365,0.006222358980926251
917.0,-1.116697842273417,-1.1165575025705174,-0.013455188076161306,0.12688451482345542,0.010606601717798418,0.01060570691580111
918.0,-1.1166853438987148,-1.1166753626300787,-0.0009568133738646623,0.009024455262185427,0.002828427124745957,0.0028284101543585246
919.0,-1.1166843870853405,-1.11668438708534,4.440892098500626e-13,8.881784197001252e-13,2.9373740229761033e-16,4.577566798522237e-16
920.0,-1.1166989402167635,-1.1165471508733114,-0.014553131422623267,0.1372362120295456,0.011030865786509908,0.011029859267888568
921.0,-1.116736076535854,-1.1161972045575084,-0.051689450513148216,0.48718252783253035,0.02078893936688429,0.02078220470317934
922.0,-1.1166844086136414,-1.1166841840324757,-2.1528300475637252e-05,0.0002030528651886243,0.00042426406871168553,0.0004242640114359913
923.0,-1.1166844468861763,-1.116683823049903,-5.9800835394696605e-05,0.000564035437911059,0.0007071067811862733,0.0007071065160214607
924.0,-1.1166852506094105,-1.1166762425039796,-0.0008635240695831214,0.008144581361335668,0.002687005768509134,0.0026869912185085464
925.0,-1.1166846765213863,-1.116681657162478,-0.00028943604535314194,0.0027299228628763217,0.001555634918610626,0.0015556320951421341
926.0,-1.1166911063072615,-1.1166210178880895,-0.0067192219206368975,0.0633691972513617,0.007495331880577167,0.007495016087683773
927.0,-1.1166851621041736,-1.1166770772582368,-0.0007750188326660634,0.007309827104062805,0.0025455844122718404,0.002545572040835175
928.0,-1.1166854419720855,-1.1166744376368816,-0.0010548867446225074,0.00994944845933432,0.0029698484809832513,0.002969828835659351
929.0,-1.1166894486280903,-1.1166366504214027,-0.005061542749373871,0.04773666393820264,0.006505382386916031,0.006505175917365274
930.0,-1.1166851621041736,-1.1166770772582368,-0.0007750188326660634,0.007309827104062805,0.0025455844122713694,0.002545572040834704
931.0,-1.1166849994458996,-1.116678611406515,-0.0006123605587049497,0.005775678825870045,0.002262741699797213,0.0022627330109266453
932.0,-1.1167092738012063,-1.1164497385006698,-0.024886715865424236,0.2346485846711488,0.014424978336205315,0.014422727778941295
933.0,-1.1166882143388377,-1.1166482906943287,-0.0038272534967909166,0.03609639101220807,0.005656854249492149,0.005656718490601543
934.0,-1.1166852506094105,-1.1166762425039796,-0.0008635240695831214,0.008144581361335668,0.002687005768509134,0.0026869912185085464
935.0,-1.1166854419720855,-1.1166744376368816,-0.0010548867446225074,0.00994944845933432,0.0029698484809832513,0.002969828835659351
936.0,-1.1167000812167127,-1.1165363935595387,-0.01569413137181286,0.1479935258021925,0.011455129855221829,0.01145400268965779
937.0,-1.1167008658036792,-1.1165289966933556,-0.01647871833831971,0.15539039198531057,0.011737972567696417,0.011736759840118788
938.0,-1.1166869920097522,-1.116659818564747,-0.002604924411286902,0.02456852059395942,0.0046669047558314455,0.004666828524086877
939.0,-1.1166855448295236,-1.1166734675247558,-0.0011577441827448354,0.010919560585076482,0.003111269837220545,0.003111247249683857
940.0,-1.1166880253681963,-1.116650072864143,-0.003638282855433772,0.034314221197817574,0.005515432893255327,0.0055153070635979365
941.0,-1.116704633256341,-1.116493480435599,-0.020246171000160018,0.1909066497418621,0.01301076477383222,0.013009113288226183
942.0,-1.1166849994458996,-1.116678611406515,-0.0006123605587049497,0.005775678825870045,0.002262741699797213,0.0022627330109266453
943.0,-1.1166852506094105,-1.1166762425039796,-0.0008635240695831214,0.008144581361335668,0.002687005768508663,0.0026869912185080755
944.0,-1.116693287841755,-1.1166004462935208,-0.008900756414131905,0.08394079182005854,0.008626702730475637,0.00862622127734209
945.0,-1.1166869920097522,-1.116659818564747,-0.002604924411286902,0.02456852059395942,0.0046669047558314455,0.004666828524086877
946.0,-1.1166880253681963,-1.116650072864143,-0.003638282855433772,0.034314221197817574,0.005515432893254855,0.005515307063597465
947.0,-1.1166886066323212,-1.11664459102971,-0.0042195469802663865,0.03979605563086963,0.0059396969619672085,0.005939539804747189
948.0,-1.1166848559238938,-1.1166799650724801,-0.0004688385528694994,0.004422012860771929,0.0019798989873220756,0.0019798931664486603
949.0,-1.1166852506094105,-1.1166762425039796,-0.0008635240695831214,0.008144581361335668,0.002687005768508663,0.0026869912185080755
950.0,-1.1166844731985437,-1.1166835748746067,-8.611320279072743e-05,0.0008122107342245499,0.0008485281374236458,0.0008485276792189762
951.0,-1.1166869920097522,-1.116659818564747,-0.002604924411286902,0.02456852059395942,0.0046669047558314455,0.004666828524086877
952.0,-1.1166843870853405,-1.11668438708534,4.440892098500626e-13,8.881784197001252e-13,2.9373740229761033e-16,4.577566798522237e-16
953.0,-1.1166929984057092,-1.1166031755675867,-0.008611320368334674,0.08121151775419833,0.008485281374238813,0.008484823211653114
954.0,-1.1166913622548393,-1.1166186042706419,-0.006975169498435463,0.06578281469904468,0.007636753236814932,0.0076364192303887135
955.0,-1.1166878411816215,-1.1166518099246794,-0.003454096280552932,0.03257716066151772,0.005374011537017562,0.005373895140269529
956.0,-1.1166845808400487,-1.1166825596139036,-0.00019375470783344895,0.0018274714372878975,0.001272792206136038,0.0012727906596967987
957.0,-1.1166882143388377,-1.1166482906943287,-0.0038272534967909166,0.03609639101220807,0.005656854249492149,0.005656718490601543
958.0,-1.1166844253578754,-1.1166840261025532,-3.8272534474970143e-05,0.0003609827876616123,0.0005656854249489794,0.0005656852891844476
959.0,-1.1166898983303764,-1.116632409490296,-0.005511245035449974,0.051977595044938596,0.006788225099391129,0.006787990512294074
960.0,-1.1166848559238938,-1.1166799650724801,-0.0004688385528694994,0.004422012860771929,0.0019798989873220756,0.0019798931664486603
961.0,-1.1166869920097522,-1.116659818564747,-0.002604924411286902,0.02456852059395942,0.0046669047558309746,0.004666828524086406
962.0,-1.1166874871606733,-1.1166551487151866,-0.0031000753324406105,0.02923837015433861,0.005091168824542935,0.005091069855534515
963.0,-1.1166844253578754,-1.1166840261025537,-3.8272534474970143e-05,0.0003609827872175231,0.0005656854249494505,0.0005656852891849185
964.0,-1.1167194088468735,-1.1163542246840863,-0.035021761532583184,0.33016240125460783,0.017111984104714685,0.017108227477089056
965.0,-1.116684504294979,-1.1166832815767602,-0.00011720963799533024,0.0011055085806788156,0.0009899494936614107,0.0009899487660493921
966.0,-1.1166856524710282,-1.1166724522940852,-0.0012653856873434677,0.011934791255718835,0.003252691193458349,0.003252665383706412
967.0,-1.1166857648965993,-1.116671391945272,-0.0013778112584184043,0.012995140068916555,0.003394112549695643,0.003394083224999615
968.0,-1.1166911063072615,-1.116621017888089,-0.0067192219206368975,0.06336919725180579,0.007495331880577638,0.007495016087684245
969.0,-1.116687152275992,-1.1166583070605602,-0.002765190651121685,0.026080024780661404,0.00480832611206874,0.004808242738183721
970.0,-1.1166908551437507,-1.1166233864077681,-0.006468058409758726,0.0610006775727534,0.007353910524339834,0.007353612270562702
971.0,-1.1166848559238938,-1.1166799650724801,-0.0004688385528694994,0.004422012860771929,0.0019798989873225465,0.0019798931664491313
972.0,-1.1166843894773737,-1.1166843645239055,-2.3920327940629704e-06,2.2561435386592166e-05,0.0001414213562370584,0.00014142135411576135
973.0,-1.1166948067829865,-1.116586123601099,-0.010419697645591697,0.09826348424191167,0.009333809511662695,0.009333199709169156
974.0,-1.116684791338991,-1.1166805742239139,-0.00040425365011032,0.0038128614270327432,0.001838477631084782,0.0018384729705643137
975.0,-1.1166856524710282,-1.1166724522940852,-0.0012653856873434677,0.011934791255718835,0.003252691193458349,0.003252665383706412
976.0,-1.1166854419720855,-1.1166744376368816,-0.0010548867446225074,0.00994944845933432,0.0029698484809832513,0.002969828835659351
977.0,-1.1166857648965998,-1.1166713919452724,-0.0013778112588624936,0.012995140068472466,0.003394112549695172,0.003394083224999144
978.0,-1.1166849994458996,-1.116678611406515,-0.0006123605587049497,0.005775678825870045,0.002262741699797213,0.0022627330109266453
979.0,-1.1166844086136414,-1.1166841840324762,-2.1528300475637252e-05,0.0002030528647445351,0.00042426406871215656,0.00042426401143646233
980.0,-1.116686130877715,-1.1166679401942678,-0.0017437923740537542,0.016446891073051972,0.0038183766184071324,0.0038183348652450367
981.0,-1.1166845401754806,-1.1166829431564809,-0.0001530901396762374,0.0014439288600343048,0.001131370849898744,0.0011313697637845754
982.0,-1.1166860040999427,-1.1166691358949157,-0.0016170146017735476,0.015251190425225047,0.0036769552621703093,0.0036769179784950107
983.0,-1.11669713423152,-1.1165641783411768,-0.012747146179048485,0.12020874416407423,0.010323759005323792,0.010322933889235346
984.0,-1.1166851621041736,-1.1166770772582368,-0.0007750188326660634,0.007309827104062805,0.0025455844122718404,0.002545572040835175
985.0,-1.1166844731985437,-1.1166835748746067,-8.611320279072743e-05,0.0008122107342245499,0.0008485281374236458,0.0008485276792189762
986.0,-1.1166854419720855,-1.1166744376368816,-0.0010548867446225074,0.00994944845933432,0.0029698484809837222,0.0029698288356598216
987.0,-1.116684791338991,-1.1166805742239139,-0.00040425365011032,0.0038128614270327432,0.001838477631084782,0.0018384729705643137
988.0,-1.1166898983303764,-1.116632409490296,-0.005511245035449974,0.051977595044938596,0.006788225099390658,0.006787990512293603
989.0,-1.116693881066047,-1.1165948524776201,-0.009493980706043459,0.08953460772076482,0.008909545442950695,0.008909015067542513
990.0,-1.1166894486280903,-1.1166366504214027,-0.005061542749373871,0.04773666393820264,0.006505382386916502,0.006505175917365745
991.0,-1.1166862624395542,-1.1166666993772636,-0.0018753542132543544,0.017687708077307462,0.003959797974644936,0.003959751408363841
992.0,-1.1166888099551633,-1.1166426735363713,-0.004422869822384712,0.0417135489696463,0.006081118318204071,0.006080949666443263
993.0,-1.1166918885021948,-1.1166136417462815,-0.007501416853905596,0.07074533905937486,0.007919595949289598,0.00791922344167385
994.0,-1.116687152275992,-1.1166583070605602,-0.002765190651121685,0.026080024780661404,0.00480832611206874,0.004808242738183721
995.0,-1.1166935820618678,-1.1165976719298318,-0.00919497652684953,0.08671515550906506,0.00876812408671293,0.008767618566877092
996.0,-1.1166854419720855,-1.1166744376368816,-0.0010548867446225074,0.00994944845933432,0.0029698484809832513,0.002969828835659351
997.0,-1.1166906087643071,-1.1166257098287384,-0.006221678966245037,0.058677256602468475,0.00721248916810254,0.007212207791743921
998.0,-1.1166935820618678,-1.1165976719298318,-0.00919497652684953,0.08671515550906506,0.0087681240867134,0.008767618566877564
999.0,-1.116715473951872,-1.1163913044079337,-0.031086866531193635,0.2930826774072415,0.01612203461105304,0.016118892836354558
1000.0,-1.1166868365275784,-1.1166612849557955,-0.002449442237484334,0.023102129545371497,0.004525483399594112,0.00452541389000794
1001.0,-1.116691622986484,-1.1166161455563817,-0.007235901143154422,0.06824152895923419,0.007778174593052226,0.007777821685957921
1002.0,-1.1166888099551633,-1.1166426735363713,-0.004422869822384712,0.0417135489696463,0.006081118318204071,0.006080949666443263
1003.0,-1.1166850783830031,-1.1166778668925197,-0.0006912976622253098,0.0065201928212133,0.002404163056034036,0.0024041526340650046
1004.0,-1.116696108049176,-1.1165738539295171,-0.01172096383506016,0.11053315582376655,0.00989949493661144,0.009898767415823627
1005.0,-1.11670376255617,-1.1165016883093277,-0.019375470829086083,0.1826987760131793,0.012727922061357632,0.012726375942341266
1006.0,-1.1166913622548393,-1.1166186042706423,-0.006975169498435463,0.06578281469860059,0.007636753236814461,0.007636419230388242
1007.0,-1.1166913622548393,-1.1166186042706423,-0.006975169498435463,0.06578281469860059,0.007636753236814461,0.007636419230388242
1008.0,-1.1166916229864836,-1.1166161455563817,-0.007235901142710333,0.06824152895923419,0.007778174593051755,0.00777782168595745
1009.0,-1.1166847315381547,-1.116681138253988,-0.00034445281382744497,0.0032488313528311608,0.0016970562748479198,0.001697052609220065
1010.0,-1.1167112639730243,-1.1164309807889419,-0.02687688768343577,0.253406296399028,0.01499066376115461,0.014988137967793844
1011.0,-1.1166957755565283,-1.1165769889691313,-0.011388471187423477,0.1073981162096338,0.009758073580374145,0.009757376793247159
1012.0,-1.1166888099551633,-1.1166426735363713,-0.004422869822384712,0.0417135489696463,0.006081118318204071,0.006080949666443263
1013.0,-1.1166852506094105,-1.1166762425039796,-0.0008635240695831214,0.008144581361335668,0.002687005768509134,0.0026869912185085464
1014.0,-1.116688408093546,-1.1166464634159432,-0.004021008205068455,0.0379236693976992,0.0057982756057294435,0.005798129408558621
1015.0,-1.1166929984057092,-1.1166031755675867,-0.008611320368334674,0.08121151775419833,0.008485281374238342,0.008484823211652644
1016.0,-1.1166863987854598,-1.1166654134443954,-0.002011700118931259,0.018973640945496584,0.00410121933088223,0.00410116759512436
1017.0,-1.116692158801973,-1.1166110928413335,-0.007771716632021253,0.07329424400737139,0.00806101730552642,0.008060624484818039
1018.0,-1.1166954478479476,-1.1165800789284126,-0.011060762606707186,0.10430815692830109,0.009616652224136811,0.009615985292804014
1019.0,-1.1166868365275788,-1.116661284955796,-0.002449442237928423,0.023102129544927408,0.0045254833995936414,0.004525413890007469
1020.0,-1.1166871522759925,-1.1166583070605602,-0.0027651906515657743,0.026080024780661404,0.004808326112068269,0.00480824273818325
1021.0,-1.1166916229864836,-1.1166161455563817,-0.007235901142710333,0.06824152895923419,0.007778174593051755,0.00777782168595745
1022.0,-1.1167092738012063,-1.1164497385006698,-0.024886715865424236,0.2346485846711488,0.014424978336205787,0.014422727778941765
1023.0,-1.1166843966534739,-1.1166842968396078,-9.568132952608721e-06,9.024573310867368e-05,0.0002828427124748234,0.00028284269550424995
1024.0,-1.1166873173262992,-1.116656750443835,-0.002930240958320951,0.027636641505957016,0.004949747468305562,0.004949656519573966
1025.0,-1.1166890180620719,-1.1166407109366858,-0.0046309767309793415,0.04367614865508074,0.006222539674441365,0.006222358980926251
1026.0,-1.1167083074196982,-1.1164588471841386,-0.023920334357274697,0.2255399012023318,0.014142135623731199,0.01414001485123012
1027.0,-1.1166890180620723,-1.1166407109366858,-0.004630976731423431,0.04367614865508074,0.006222539674441836,0.006222358980926722
1028.0,-1.1166852506094105,-1.1166762425039796,-0.0008635240695831214,0.008144581361335668,0.002687005768508663,0.0026869912185080755
1029.0,-1.1166848559238938,-1.1166799650724801,-0.0004688385528694994,0.004422012860771929,0.0019798989873220756,0.0019798931664486603
1030.0,-1.1166849252928635,-1.116679310799927,-0.0005382075225490723,0.005076285413796455,0.002121320343559841,0.002121313184145112
1031.0,-1.1166845401754801,-1.1166829431564809,-0.0001530901392321482,0.0014439288600343048,0.0011313708498982729,0.0011313697637841044
1032.0,-1.1166860040999427,-1.1166691358949157,-0.0016170146017735476,0.015251190425225047,0.0036769552621703093,0.0036769179784950107
1033.0,-1.1166843894773737,-1.1166843645239055,-2.3920327940629704e-06,2.2561435386592166e-05,0.00014142135623752944,0.00014142135411623238
1034.0,-1.1167117734761471,-1.116426178799975,-0.027386390806238836,0.2582082853659351,0.015132085117392374,0.015129487177098583
1035.0,-1.1166851621041736,-1.1166770772582368,-0.0007750188326660634,0.007309827104062805,0.0025455844122718404,0.002545572040835175
1036.0,-1.1166847315381547,-1.116681138253988,-0.00034445281382744497,0.0032488313528311608,0.0016970562748479198,0.001697052609220065
1037.0,-1.1166849252928635,-1.116679310799927,-0.0005382075225490723,0.005076285413796455,0.0021213203435593696,0.002121313184144641
1038.0,-1.1166906087643071,-1.1166257098287384,-0.006221678966245037,0.058677256602468475,0.00721248916810254,0.007212207791743921
1039.0,-1.1166844253578754,-1.1166840261025532,-3.8272534474970143e-05,0.0003609827876616123,0.0005656854249489794,0.0005656852891844476
1040.0,-1.1166846765213863,-1.116681657162478,-0.00028943604535314194,0.0027299228628763217,0.0015556349186101547,0.0015556320951416631
1041.0,-1.1166967873866716,-1.1165674486142714,-0.01240030133065062,0.1169384710695276,0.010182337649086498,0.010181545976529389
1042.0,-1.1166853438987148,-1.1166753626300787,-0.0009568133738646623,0.009024455262185427,0.002828427124745957,0.0028284101543585246
1043.0,-1.1166847315381547,-1.116681138253988,-0.00034445281382744497,0.0032488313528311608,0.0016970562748479198,0.001697052609220065
1044.0,-1.1166843966534743,-1.1166842968396078,-9.568133396697931e-06,9.024573310867368e-05,0.00028284271247435236,0.0002828426955037789
1045.0,-1.1166844468861763,-1.1166838230499039,-5.9800835394696605e-05,0.0005640354370228806,0.0007071067811867444,0.0007071065160219317
1046.0,-1.116704633256341,-1.116493480435599,-0.020246171000160018,0.1909066497418621,0.01301076477383222,0.013009113288226183
1047.0,-1.1166957755565283,-1.1165769889691313,-0.011388471187423477,0.1073981162096338,0.009758073580374145,0.009757376793247159
1048.0,-1.1166944934266065,-1.1165890783121108,-0.010106341265636587,0.09530877323005171,0.009192388155424851,0.00919180565140224
1049.0,-1.1166873173262992,-1.116656750443835,-0.002930240958320951,0.027636641505957016,0.004949747468305562,0.004949656519573966
1050.0,-1.1166851621041736,-1.1166770772582368,-0.0007750188326660634,0.007309827104062805,0.0025455844122718404,0.002545572040835175
1051.0,-1.1166929984057092,-1.1166031755675867,-0.008611320368334674,0.08121151775419833,0.008485281374238813,0.008484823211653114
1052.0,-1.1166974858604353,-1.1165608629928214,-0.013098775094366744,0.12352409251947805,0.010465180361561124,0.01046432087322949
1053.0,-1.1166894486280903,-1.1166366504214027,-0.005061542749373871,0.04773666393820264,0.006505382386916502,0.006505175917365745
1054.0,-1.1166843870853405,-1.11668438708534,4.440892098500626e-13,8.881784197001252e-13,2.9373740229761033e-16,4.577566798522237e-16
1055.0,-1.116725436771132,-1.1162974295083021,-0.04104968579099477,0.3869575770387712,0.01852619766708731,0.018521430859007152
1056.0,-1.1166849252928635,-1.116679310799927,-0.0005382075225490723,0.005076285413796455,0.002121320343559841,0.002121313184145112
1057.0,-1.1166996960993298,-1.1165400243969672,-0.015309013988940023,0.14436268837370037,0.011313708498985007,0.011312622562505651
1058.0,-1.1166844731985437,-1.1166835748746067,-8.611320279072743e-05,0.0008122107342245499,0.0008485281374236458,0.0008485276792189762
1059.0,-1.1166851621041736,-1.1166770772582368,-0.0007750188326660634,0.007309827104062805,0.0025455844122713694,0.002545572040834704
1060.0,-1.1167004711181625,-1.11653271765785,-0.016084032821606087,0.15166942749100798,0.011596551211459123,0.011595381786431132
1061.0,-1.116694184854294,-1.1165919879380017,-0.00979776895304596,0.09239914733916166,0.009050966799188029,0.009050410766622415
1062.0,-1.116684504294979,-1.1166832815767602,-0.00011720963799533024,0.0011055085806788156,0.0009899494936614107,0.0009899487660493921
1063.0,-1.1166892309530478,-1.1166387032314313,-0.004843867706938454,0.04568385390957275,0.00636396103067913,0.006363767735474296
1064.0,-1.1167396526258409,-1.1161635249419914,-0.05526554049994914,0.5208621433494542,0.02149604614807127,0.02148860092158236
1065.0,-1.1166846262886838,-1.1166821309491795,-0.00023920334291105405,0.0022561361614492625,0.0014142135623733318,0.0014142114410583848
1066.0,-1.1166844253578754,-1.1166840261025532,-3.8272534474970143e-05,0.0003609827876616123,0.0005656854249489794,0.0005656852891844476
1067.0,-1.1167143927527587,-1.1164014935841684,-0.03000566741784283,0.2828935011724987,0.015839191898578884,0.0158362125616429
1068.0,-1.1166845808400487,-1.1166825596139036,-0.00019375470783344895,0.0018274714372878975,0.001272792206136038,0.0012727906596967987
1069.0,-1.116715473951872,-1.1163913044079337,-0.031086866531193635,0.2930826774072415,0.01612203461105304,0.016118892836354558
1070.0,-1.1166871522759925,-1.1166583070605602,-0.0027651906515657743,0.026080024780661404,0.004808326112068269,0.00480824273818325
1071.0,-1.1167360765358545,-1.1161972045575084,-0.051689450513592305,0.48718252783253035,0.020788939366884758,0.02078220470317981
1072.0,-1.1167128068345908,-1.1164164397620415,-0.028419749249941617,0.26794732329937787,0.01541492782986653,0.015412181501379244
1073.0,-1.1166863987854598,-1.1166654134443954,-0.002011700118931259,0.018973640945496584,0.004101219330881759,0.004101167595123889
1074.0,-1.1166852506094105,-1.1166762425039796,-0.0008635240695831214,0.008144581361335668,0.002687005768508663,0.0026869912185080755
1075.0,-1.11669013035762,-1.116630221370896,-0.005743272279090661,0.054165714444831536,0.006929646455628423,0.006929396899890114
1076.0,-1.1166996960993294,-1.1165400243969672,-0.015309013988495934,0.14436268837370037,0.011313708498984535,0.011312622562505181
1077.0,-1.1167128068345908,-1.1164164397620415,-0.028419749249941617,0.26794732329937787,0.01541492782986653,0.015412181501379244
1078.0,-1.1166860040999427,-1.1166691358949161,-0.0016170146017735476,0.015251190424780958,0.0036769552621698388,0.00367691797849454
1079.0,-1.1166873173262992,-1.116656750443835,-0.002930240958320951,0.027636641505957016,0.004949747468306033,0.0049496565195744375
1080.0,-1.1166848559238938,-1.1166799650724801,-0.0004688385528694994,0.004422012860771929,0.0019798989873225465,0.0019798931664491313
1081.0,-1.116693287841755,-1.1166004462935208,-0.008900756414131905,0.08394079182005854,0.008626702730476107,0.00862622127734256
1082.0,-1.1166944934266065,-1.1165890783121108,-0.010106341265636587,0.09530877323005171,0.009192388155424851,0.00919180565140224
1083.0,-1.1166860040999427,-1.1166691358949161,-0.0016170146017735476,0.015251190424780958,0.0036769552621698388,0.00367691797849454
1084.0,-1.1166856524710282,-1.1166724522940852,-0.0012653856873434677,0.011934791255718835,0.0032526911934578785,0.0032526653837059412
1085.0,-1.1166868365275784,-1.1166612849557955,-0.002449442237484334,0.023102129545371497,0.004525483399594112,0.00452541389000794
1086.0,-1.1166848559238938,-1.1166799650724801,-0.0004688385528694994,0.004422012860771929,0.0019798989873220756,0.0019798931664486603
1087.0,-1.116704195514222,-1.1164976068969166,-0.019808428881162854,0.1867801884243292,0.012869343417595398,0.0128677451939918
1088.0,-1.1167000812167127,-1.1165363935595387,-0.01569413137181286,0.1479935258021925,0.011455129855222299,0.01145400268965826
1089.0,-1.1166846765213863,-1.116681657162478,-0.00028943604535314194,0.0027299228628763217,0.001555634918610626,0.0015556320951421341
1090.0,-1.116693881066047,-1.1165948524776201,-0.009493980706043459,0.08953460772076482,0.008909545442950695,0.008909015067542513
1091.0,-1.1167092738012063,-1.1164497385006698,-0.024886715865424236,0.2346485846711488,0.014424978336205315,0.014422727778941295
1092.0,-1.1166853438987148,-1.1166753626300787,-0.0009568133738646623,0.009024455262185427,0.002828427124746428,0.0028284101543589956
1093.0,-1.1167194088468735,-1.1163542246840863,-0.035021761532583184,0.33016240125460783,0.017111984104714685,0.017108227477089056
1094.0,-1.1166848559238938,-1.1166799650724801,-0.0004688385528694994,0.004422012860771929,0.0019798989873225465,0.0019798931664491313
1095.0,-1.116694493426607,-1.11658907831211,-0.010106341266080676,0.09530877323093989,0.009192388155425323,0.00919180565140271
1096.0,-1.1167083074196982,-1.1164588471841386,-0.023920334357274697,0.2255399012023318,0.014142135623730727,0.01414001485122965
1097.0,-1.1166882143388377,-1.1166482906943287,-0.0038272534967909166,0.03609639101220807,0.005656854249492621,0.005656718490602014
1098.0,-1.1166890180620723,-1.1166407109366858,-0.004630976731423431,0.04367614865508074,0.006222539674441836,0.006222358980926722
1099.0,-1.1167260658759255,-1.1162915026195028,-0.04167879058458723,0.39288446583807257,0.018667619023324603,0.018662742249384683
1100.0,-1.116698569451581,-1.1165506465094057,-0.014182366240067523,0.13374057593518174,0.010889444430272614,0.010888476125839538
1101.0,-1.116688408093546,-1.1166464634159432,-0.004021008205068455,0.0379236693976992,0.0057982756057299144,0.005798129408559092
1102.0,-1.1166862624395537,-1.1166666993772636,-0.0018753542128102652,0.017687708077307462,0.003959797974644465,0.00395975140836337
1103.0,-1.1166845042949785,-1.1166832815767602,-0.00011720963755124103,0.0011055085806788156,0.0009899494936609398,0.0009899487660489212
1104.0,-1.1166898983303764,-1.116632409490296,-0.005511245035449974,0.051977595044938596,0.006788225099391129,0.006787990512294074
1105.0,-1.1166892309530478,-1.1166387032314313,-0.004843867706938454,0.04568385390957275,0.00636396103067913,0.006363767735474296
1106.0,-1.1166903671689297,-1.1166279881500825,-0.005980083588763563,0.05639893525843931,0.0070710678118652455,0.007070802663946217
1107.0,-1.116693287841755,-1.1166004462935208,-0.008900756414131905,0.08394079182005854,0.008626702730475637,0.00862622127734209
1108.0,-1.1166868365275784,-1.1166612849557955,-0.002449442237484334,0.023102129545371497,0.004525483399594112,0.00452541389000794
1109.0,-1.1166964453258905,-1.1165706738108105,-0.012058240549617238,0.11371327453035818,0.010040916292849204,0.010040157147821789
1110.0,-1.1166844468861763,-1.1166838230499039,-5.9800835394696605e-05,0.0005640354370228806,0.0007071067811867444,0.0007071065160219317
1111.0,-1.1166845401754806,-1.1166829431564809,-0.0001530901396762374,0.0014439288600343048,0.001131370849898744,0.0011313697637845754
1112.0,-1.1167012652732633,-1.1165252306675288,-0.016878187922397814,0.15915641781205636,0.011879393923934221,0.011878136838015765
1113.0,-1.1166853438987148,-1.1166753626300787,-0.0009568133738646623,0.009024455262185427,0.002828427124746428,0.0028284101543589956
1114.0,-1.1166844731985446,-1.1166835748746062,-8.611320367890585e-05,0.0008122107346686391,0.0008485281374241168,0.0008485276792194471
1115.0,-1.1167149309602817,-1.1163964215004847,-0.03054387494083599,0.28796558485622015,0.015980613254815704,0.01597755341733596
1116.0,-1.1166851621041736,-1.1166770772582368,-0.0007750188326660634,0.007309827104062805,0.0025455844122718404,0.002545572040835175
1117.0,-1.1166851621041736,-1.1166770772582368,-0.0007750188326660634,0.007309827104062805,0.0025455844122713694,0.002545572040834704
1118.0,-1.1166844731985446,-1.1166835748746062,-8.611320367890585e-05,0.0008122107346686391,0.0008485281374241168,0.0008485276792194471
1119.0,-1.1166927137537304,-1.1166058597509498,-0.008326668389457836,0.0785273343910653,0.00834386001800152,0.008343424382525033
1120.0,-1.116687152275992,-1.1166583070605602,-0.002765190651121685,0.026080024780661404,0.00480832611206874,0.004808242738183721
1121.0,-1.116686685829472,-1.1166627062331256,-0.0022987441310462486,0.021680852215322233,0.004384062043356347,0.004383998848670829
1122.0,-1.1167128068345908,-1.1164164397620415,-0.028419749249941617,0.26794732329937787,0.01541492782986653,0.015412181501379244
1123.0,-1.1166855448295232,-1.1166734675247558,-0.0011577441823007462,0.010919560585076482,0.003111269837221016,0.003111247249684328
1124.0,-1.1166851621041736,-1.1166770772582368,-0.0007750188326660634,0.007309827104062805,0.0025455844122718404,0.002545572040835175
1125.0,-1.1166888099551633,-1.1166426735363713,-0.004422869822384712,0.0417135489696463,0.006081118318204071,0.006080949666443263
1126.0,-1.116692158801973,-1.1166110928413335,-0.007771716632021253,0.07329424400737139,0.00806101730552642,0.008060624484818039
1127.0,-1.1166878411816215,-1.1166518099246794,-0.003454096280552932,0.03257716066151772,0.005374011537018033,0.00537389514027
1128.0,-1.116705523092779,-1.1164850923727934,-0.02113600743802735,0.1992947125475375,0.013293607486306846,0.013291845953648528
1129.0,-1.1166951249234338,-1.1165831238061372,-0.01073783809291129,0.10126327920367828,0.009475230867899517,0.009474592927207044
1130.0,-1.1166888099551633,-1.1166426735363713,-0.004422869822384712,0.0417135489696463,0.006081118318204071,0.006080949666443263
1131.0,-1.116697842273417,-1.1165575025705174,-0.013455188076161306,0.12688451482345542,0.010606601717798418,0.01060570691580111
1132.0,-1.1166862624395542,-1.1166666993772636,-0.0018753542132543544,0.017687708077307462,0.003959797974644936,0.003959751408363841
1133.0,-1.1166848559238938,-1.1166799650724801,-0.0004688385528694994,0.004422012860771929,0.0019798989873225465,0.0019798931664491313
1134.0,-1.1167020785646313,-1.1165175634378608,-0.017691479290427026,0.1668236474801077,0.012162236636408415,0.0121608876156161
1135.0,-1.1167194088468735,-1.1163542246840863,-0.035021761532583184,0.33016240125460783,0.017111984104714685,0.017108227477089056
1136.0,-1.1166996960993294,-1.1165400243969672,-0.015309013988495934,0.14436268837370037,0.011313708498984535,0.011312622562505181
1137.0,-1.1167000812167127,-1.1165363935595387,-0.01569413137181286,0.1479935258021925,0.011455129855221829,0.01145400268965779
1138.0,-1.1166850783830036,-1.1166778668925192,-0.000691297662669399,0.006520192821657389,0.0024041630560345073,0.0024041526340654756
1139.0,-1.1166911063072615,-1.1166210178880895,-0.0067192219206368975,0.0633691972513617,0.007495331880577167,0.007495016087683773
1140.0,-1.1166845401754806,-1.1166829431564809,-0.0001530901396762374,0.0014439288600343048,0.001131370849898744,0.0011313697637845754
1141.0,-1.1167326200475394,-1.1162297609215526,-0.048232962198468954,0.45462616378832976,0.020081832585697703,0.020075761796632164
1142.0,-1.1166868365275784,-1.1166612849557955,-0.002449442237484334,0.023102129545371497,0.004525483399594112,0.00452541389000794
1143.0,-1.1166888099551633,-1.1166426735363713,-0.004422869822384712,0.0417135489696463,0.006081118318204071,0.006080949666443263
1144.0,-1.1166901303576195,-1.116630221370896,-0.005743272278646572,0.054165714444831536,0.006929646455627952,0.006929396899889643
1145.0,-1.1166845808400487,-1.1166825596139036,-0.00019375470783344895,0.0018274714372878975,0.0012727922061355668,0.0012727906596963277
1146.0,-1.1166892309530483,-1.1166387032314313,-0.004843867707382543,0.04568385390957275,0.006363961030678659,0.006363767735473824
1147.0,-1.1166843894773737,-1.1166843645239055,-2.3920327940629704e-06,2.2561435386592166e-05,0.0001414213562370584,0.00014142135411576135
1148.0,-1.1167068937279376,-1.1164721724531939,-0.022506642596731297,0.21221463214704528,0.013717871555018806,0.013715935953676222
1149.0,-1.1166846765213863,-1.116681657162478,-0.00028943604535314194,0.0027299228628763217,0.001555634918610626,0.0015556320951421341
1150.0,-1.1166921588019734,-1.1166110928413335,-0.007771716632465342,0.07329424400737139,0.008061017305526892,0.008060624484818509
1151.0,-1.1166843894773737,-1.1166843645239055,-2.3920327940629704e-06,2.2561435386592166e-05,0.0001414213562370584,0.00014142135411576135
1152.0,-1.116698569451581,-1.1165506465094057,-0.014182366240067523,0.13374057593518174,0.010889444430272614,0.010888476125839538
1153.0,-1.11669013035762,-1.116630221370896,-0.005743272279090661,0.054165714444831536,0.006929646455628423,0.006929396899890114
1154.0,-1.1166847315381552,-1.116681138253988,-0.0003444528142715342,0.0032488313528311608,0.0016970562748474486,0.001697052609219594
1155.0,-1.1166894486280903,-1.1166366504214027,-0.005061542749373871,0.04773666393820264,0.006505382386916031,0.006505175917365274
1156.0,-1.1166863987854598,-1.1166654134443954,-0.002011700118931259,0.018973640945496584,0.004101219330881759,0.004101167595123889
1157.0,-1.1166888099551633,-1.1166426735363713,-0.004422869822384712,0.0417135489696463,0.006081118318204071,0.006080949666443263
1158.0,-1.116684791338991,-1.1166805742239143,-0.00040425365011032,0.003812861426588654,0.0018384776310852529,0.0018384729705647846
1159.0,-1.1166844086136414,-1.1166841840324762,-2.1528300475637252e-05,0.0002030528647445351,0.00042426406871215656,0.00042426401143646233
1160.0,-1.1166911063072615,-1.1166210178880895,-0.0067192219206368975,0.0633691972513617,0.007495331880577167,0.007495016087683773
1161.0,-1.1166927137537304,-1.1166058597509498,-0.008326668389457836,0.0785273343910653,0.00834386001800152,0.008343424382525033
1162.0,-1.1166866858294724,-1.1166627062331256,-0.002298744131490338,0.021680852215322233,0.004384062043356818,0.0043839988486713
1163.0,-1.1166911063072615,-1.1166210178880895,-0.0067192219206368975,0.0633691972513617,0.007495331880577167,0.007495016087683773
1164.0,-1.116693881066047,-1.1165948524776206,-0.009493980706043459,0.08953460772032074,0.008909545442950225,0.00890901506754204
1165.0,-1.1166868365275784,-1.1166612849557955,-0.002449442237484334,0.023102129545371497,0.004525483399594112,0.00452541389000794
1166.0,-1.1166845401754806,-1.1166829431564809,-0.0001530901396762374,0.0014439288600343048,0.001131370849898744,0.0011313697637845754
1167.0,-1.1166908551437507,-1.1166233864077681,-0.006468058409758726,0.0610006775727534,0.007353910524339834,0.007353612270562702
1168.0,-1.1166844731985437,-1.1166835748746067,-8.611320279072743e-05,0.0008122107342245499,0.0008485281374236458,0.0008485276792189762
1169.0,-1.1166856524710282,-1.1166724522940852,-0.0012653856873434677,0.011934791255718835,0.003252691193458349,0.003252665383706412
1170.0,-1.1166847315381547,-1.116681138253988,-0.00034445281382744497,0.0032488313528311608,0.0016970562748479198,0.001697052609220065
1171.0,-1.1166985694515814,-1.1165506465094053,-0.014182366240511612,0.13374057593562583,0.010889444430273084,0.010888476125840008
1172.0,-1.1166844468861763,-1.116683823049903,-5.9800835394696605e-05,0.000564035437911059,0.0007071067811862733,0.0007071065160214607
1173.0,-1.1167000812167127,-1.1165363935595387,-0.01569413137181286,0.1479935258021925,0.011455129855221829,0.01145400268965779
1174.0,-1.1166865399154324,-1.1166640823961735,-0.002152830091528557,0.020304689167360834,0.004242640687119053,0.004242583412801267
1175.0,-1.116692158801973,-1.1166110928413335,-0.007771716632021253,0.07329424400737139,0.00806101730552642,0.008060624484818039
1176.0,-1.1166974858604348,-1.1165608629928214,-0.013098775093922654,0.12352409251947805,0.010465180361560654,0.01046432087322902
1177.0,-1.1166873173262992,-1.116656750443835,-0.002930240958320951,0.027636641505957016,0.004949747468306033,0.0049496565195744375
1178.0,-1.1167188323668156,-1.1163596567810297,-0.03444528147467096,0.32473030431123817,0.016970562748477393,0.01696689846995034
1179.0,-1.1166849994458996,-1.116678611406515,-0.0006123605587049497,0.005775678825870045,0.0022627416997967422,0.0022627330109261743
1180.0,-1.1166874871606733,-1.1166551487151866,-0.0031000753324406105,0.02923837015433861,0.005091168824543406,0.005091069855534986
1181.0,-1.1166996960993294,-1.1165400243969672,-0.015309013988495934,0.14436268837370037,0.011313708498984535,0.011312622562505181
1182.0,-1.1166896710872,-1.1166345525074148,-0.00528400185917377,0.049834577926066714,0.006646803743153796,0.006646583513879207
1183.0,-1.116693287841755,-1.1166004462935208,-0.008900756414131905,0.08394079182005854,0.008626702730475637,0.00862622127734209
1184.0,-1.1166844253578754,-1.1166840261025537,-3.8272534474970143e-05,0.0003609827872175231,0.0005656854249494505,0.0005656852891849185
1185.0,-1.1166860040999427,-1.1166691358949161,-0.0016170146017735476,0.015251190424780958,0.0036769552621698388,0.00367691797849454
1186.0,-1.1166924338858184,-1.116608498842547,-0.008046800477501392,0.07588824279380901,0.008202438661763754,0.008202024802674146
1187.0,-1.1166844253578754,-1.1166840261025532,-3.8272534474970143e-05,0.0003609827876616123,0.0005656854249489794,0.0005656852891844476
1188.0,-1.1166853438987148,-1.1166753626300787,-0.0009568133738646623,0.009024455262185427,0.002828427124745957,0.0028284101543585246
1189.0,-1.1166846765213863,-1.116681657162478,-0.00028943604535314194,0.0027299228628763217,0.0015556349186101547,0.0015556320951416631
1190.0,-1.1166903671689297,-1.1166279881500825,-0.005980083588763563,0.05639893525843931,0.0070710678118652455,0.007070802663946217
1191.0,-1.1166892309530483,-1.1166387032314313,-0.004843867707382543,0.04568385390957275,0.006363961030678659,0.006363767735473824
1192.0,-1.1166855448295232,-1.1166734675247558,-0.0011577441823007462,0.010919560585076482,0.003111269837221016,0.003111247249684328
1193.0,-1.1166857648965993,-1.116671391945272,-0.0013778112584184043,0.012995140068916555,0.003394112549695643,0.003394083224999615
1194.0,-1.1166858821062378,-1.116670286478736,-0.0014950208968578238,0.01410060660500534,0.003535533905932466,0.003535500760837278
1195.0,-1.1166857648965998,-1.1166713919452724,-0.0013778112588624936,0.012995140068472466,0.003394112549695172,0.003394083224999144
1196.0,-1.1166844086136414,-1.1166841840324762,-2.1528300475637252e-05,0.0002030528647445351,0.00042426406871215656,0.00042426401143646233
1197.0,-1.116691622986484,-1.1166161455563817,-0.007235901143154422,0.06824152895923419,0.007778174593052226,0.007777821685957921
1198.0,-1.116693287841755,-1.1166004462935208,-0.008900756414131905,0.08394079182005854,0.008626702730476107,0.00862622127734256
1199.0,-1.1166888099551633,-1.1166426735363713,-0.004422869822384712,0.0417135489696463,0.006081118318204071,0.006080949666443263
1200.0,-1.1166846765213863,-1.116681657162478,-0.00028943604535314194,0.0027299228628763217,0.001555634918610626,0.0015556320951421341
1201.0,-1.1166967873866716,-1.1165674486142714,-0.01240030133065062,0.1169384710695276,0.010182337649086498,0.010181545976529389
1202.0,-1.1166856524710282,-1.1166724522940852,-0.0012653856873434677,0.011934791255718835,0.0032526911934578785,0.0032526653837059412
1203.0,-1.1166967873866716,-1.1165674486142714,-0.01240030133065062,0.1169384710695276,0.010182337649086498,0.010181545976529389
1204.0,-1.1166886066323212,-1.11664459102971,-0.0042195469802663865,0.03979605563086963,0.0059396969619672085,0.005939539804747189
1205.0,-1.1166846765213863,-1.116681657162478,-0.00028943604535314194,0.0027299228628763217,0.001555634918610626,0.0015556320951421341
1206.0,-1.1166871522759925,-1.1166583070605602,-0.0027651906515657743,0.026080024780661404,0.004808326112068269,0.00480824273818325
1207.0,-1.1166878411816215,-1.1166518099246794,-0.003454096280552932,0.03257716066151772,0.005374011537018033,0.00537389514027
1208.0,-1.1166901303576195,-1.116630221370896,-0.005743272278646572,0.054165714444831536,0.006929646455627952,0.006929396899889643
1209.0,-1.116684791338991,-1.1166805742239143,-0.00040425365011032,0.003812861426588654,0.0018384776310852529,0.0018384729705647846
1210.0,-1.116694493426607,-1.11658907831211,-0.010106341266080676,0.09530877323093989,0.009192388155425323,0.00919180565140271
1211.0,-1.1166852506094105,-1.1166762425039796,-0.0008635240695831214,0.008144581361335668,0.002687005768508663,0.0026869912185080755
1212.0,-1.1166865399154324,-1.1166640823961735,-0.002152830091528557,0.020304689167360834,0.004242640687119053,0.004242583412801267
1213.0,-1.1166974858604353,-1.1165608629928214,-0.013098775094366744,0.12352409251947805,0.010465180361561124,0.01046432087322949
1214.0,-1.1166948067829865,-1.116586123601099,-0.010419697645591697,0.09826348424191167,0.009333809511662695,0.009333199709169156
1215.0,-1.1166843870853405,-1.11668438708534,4.440892098500626e-13,8.881784197001252e-13,2.9373740229761033e-16,4.577566798522237e-16
1216.0,-1.1166844253578754,-1.1166840261025532,-3.8272534474970143e-05,0.0003609827876616123,0.0005656854249489794,0.0005656852891844476
1217.0,-1.1166961080491755,-1.1165738539295171,-0.011720963834616072,0.11053315582376655,0.00989949493661191,0.009898767415824098
1218.0,-1.1166853438987148,-1.1166753626300787,-0.0009568133738646623,0.009024455262185427,0.002828427124746428,0.0028284101543589956
1219.0,-1.1166924338858184,-1.116608498842547,-0.008046800477501392,0.07588824279380901,0.008202438661764224,0.008202024802674618
1220.0,-1.1166845401754806,-1.1166829431564809,-0.0001530901396762374,0.0014439288600343048,0.001131370849898744,0.0011313697637845754
1221.0,-1.116694493426607,-1.11658907831211,-0.010106341266080676,0.09530877323093989,0.009192388155425323,0.00919180565140271
1222.0,-1.1166967873866716,-1.1165674486142714,-0.01240030133065062,0.1169384710695276,0.010182337649086026,0.010181545976528919
1223.0,-1.1166855448295232,-1.1166734675247558,-0.0011577441823007462,0.010919560585076482,0.003111269837221016,0.003111247249684328
1224.0,-1.1166918885021948,-1.1166136417462815,-0.007501416853905596,0.07074533905937486,0.007919595949289128,0.00791922344167338
1225.0,-1.1166848559238938,-1.1166799650724801,-0.0004688385528694994,0.004422012860771929,0.0019798989873225465,0.0019798931664491313
1226.0,-1.1166869920097522,-1.116659818564747,-0.002604924411286902,0.02456852059395942,0.0046669047558309746,0.004666828524086406
1227.0,-1.1167092738012063,-1.1164497385006698,-0.024886715865424236,0.2346485846711488,0.014424978336205787,0.014422727778941765
1228.0,-1.1166845401754801,-1.1166829431564809,-0.0001530901392321482,0.0014439288600343048,0.0011313708498982729,0.0011313697637841044
1229.0,-1.1166846262886838,-1.1166821309491795,-0.00023920334291105405,0.0022561361614492625,0.0014142135623733318,0.0014142114410583848
1230.0,-1.1166843966534743,-1.1166842968396078,-9.568133396697931e-06,9.024573310867368e-05,0.00028284271247435236,0.0002828426955037789
1231.0,-1.116691622986484,-1.1166161455563817,-0.007235901143154422,0.06824152895923419,0.007778174593052226,0.007777821685957921
1232.0,-1.11669013035762,-1.116630221370896,-0.005743272279090661,0.054165714444831536,0.006929646455628423,0.006929396899890114
1233.0,-1.116688408093546,-1.1166464634159432,-0.004021008205068455,0.0379236693976992,0.0057982756057294435,0.005798129408558621
1234.0,-1.1166853438987148,-1.1166753626300787,-0.0009568133738646623,0.009024455262185427,0.002828427124745957,0.0028284101543585246
1235.0,-1.116694184854294,-1.1165919879380017,-0.00979776895304596,0.09239914733916166,0.009050966799188029,0.009050410766622415
1236.0,-1.116698569451581,-1.1165506465094057,-0.014182366240067523,0.13374057593518174,0.010889444430272614,0.010888476125839538
1237.0,-1.1166974858604353,-1.1165608629928214,-0.013098775094366744,0.12352409251947805,0.010465180361561124,0.01046432087322949
1238.0,-1.1166886066323207,-1.11664459102971,-0.004219546979822297,0.03979605563086963,0.0059396969619667376,0.005939539804746718
1239.0,-1.1166878411816215,-1.1166518099246794,-0.003454096280552932,0.03257716066151772,0.005374011537017562,0.005373895140269529
1240.0,-1.1166868365275788,-1.116661284955796,-0.002449442237928423,0.023102129544927408,0.0045254833995936414,0.004525413890007469
1241.0,-1.1166871522759925,-1.1166583070605602,-0.0027651906515657743,0.026080024780661404,0.004808326112068269,0.00480824273818325
1242.0,-1.116687152275992,-1.1166583070605602,-0.002765190651121685,0.026080024780661404,0.00480832611206874,0.004808242738183721
1243.0,-1.1166852506094105,-1.1166762425039796,-0.0008635240695831214,0.008144581361335668,0.002687005768508663,0.0026869912185080755
1244.0,-1.1166903671689297,-1.1166279881500825,-0.005980083588763563,0.05639893525843931,0.007071067811865717,0.007070802663946689
1245.0,-1.1167199901109988,-1.1163487475949676,-0.03560302565785989,0.3356394903732962,0.017253405460951977,0.017249554946089183
1246.0,-1.116684791338991,-1.1166805742239139,-0.00040425365011032,0.0038128614270327432,0.001838477631084782,0.0018384729705643137
1247.0,-1.1166856524710282,-1.1166724522940852,-0.0012653856873434677,0.011934791255718835,0.0032526911934578785,0.0032526653837059412
1248.0,-1.1166855448295236,-1.1166734675247558,-0.0011577441827448354,0.010919560585076482,0.003111269837220545,0.003111247249683857
1249.0,-1.116686130877715,-1.1166679401942678,-0.0017437923740537542,0.016446891073051972,0.0038183766184071324,0.0038183348652450367
1250.0,-1.1166856524710282,-1.1166724522940852,-0.0012653856873434677,0.011934791255718835,0.0032526911934578785,0.0032526653837059412
1251.0,-1.1166908551437507,-1.1166233864077681,-0.006468058409758726,0.0610006775727534,0.007353910524339834,0.007353612270562702
1252.0,-1.1166982034704653,-1.1165540970755963,-0.013816385124432173,0.1302900097446269,0.01074802307403532,0.01074709200424085
1253.0,-1.1167008658036797,-1.1165289966933556,-0.016478718338763798,0.15539039198531057,0.011737972567696887,0.011736759840119258
1254.0,-1.1166843966534739,-1.1166842968396078,-9.568132952608721e-06,9.024573310867368e-05,0.0002828427124748234,0.00028284269550424995
1255.0,-1.1166845808400487,-1.1166825596139036,-0.00019375470783344895,0.0018274714372878975,0.0012727922061355668,0.0012727906596963277
1256.0,-1.1166913622548393,-1.1166186042706423,-0.006975169498435463,0.06578281469860059,0.007636753236814461,0.007636419230388242
1257.0,-1.1166906087643071,-1.1166257098287389,-0.006221678966245037,0.058677256602024386,0.0072124891681030106,0.007212207791744392
1258.0,-1.1166848559238938,-1.1166799650724801,-0.0004688385528694994,0.004422012860771929,0.0019798989873220756,0.0019798931664486603
1259.0,-1.1166868365275784,-1.1166612849557955,-0.002449442237484334,0.023102129545371497,0.004525483399594112,0.00452541389000794
1260.0,-1.116686130877715,-1.1166679401942678,-0.0017437923740537542,0.016446891073051972,0.0038183766184076034,0.0038183348652455077
1261.0,-1.1166911063072615,-1.116621017888089,-0.0067192219206368975,0.06336919725180579,0.007495331880577638,0.007495016087684245
1262.0,-1.1167122877633355,-1.1164213317903693,-0.02790067799463003,0.26305529497161473,0.015273506473629668,0.01527083502585711
1263.0,-1.1166844731985437,-1.1166835748746067,-8.611320279072743e-05,0.0008122107342245499,0.0008485281374236458,0.0008485276792189762
1264.0,-1.1166894486280903,-1.1166366504214027,-0.005061542749373871,0.04773666393820264,0.006505382386916031,0.006505175917365274
1265.0,-1.1166849252928635,-1.116679310799927,-0.0005382075225490723,0.005076285413796455,0.002121320343559841,0.002121313184145112
1266.0,-1.1166851621041736,-1.1166770772582368,-0.0007750188326660634,0.007309827104062805,0.0025455844122718404,0.002545572040835175
1267.0,-1.1166850783830031,-1.1166778668925197,-0.0006912976622253098,0.0065201928212133,0.002404163056034036,0.0024041526340650046
1268.0,-1.1166993157660134,-1.1165436101686983,-0.014928680672543493,0.14077691664260428,0.011172287142747712,0.011171241417680226
1269.0,-1.1166894486280903,-1.1166366504214027,-0.005061542749373871,0.04773666393820264,0.006505382386916031,0.006505175917365274
1270.0,-1.1167128068345908,-1.1164164397620415,-0.028419749249941617,0.26794732329937787,0.01541492782986653,0.015412181501379244
1271.0,-1.1167078314050447,-1.116463333976419,-0.023444319703802563,0.22105310892195362,0.014000714267493905,0.01399865647348174
1272.0,-1.1166911063072615,-1.1166210178880895,-0.0067192219206368975,0.0633691972513617,0.007495331880577167,0.007495016087683773
1273.0,-1.1166843894773737,-1.1166843645239055,-2.3920327940629704e-06,2.2561435386592166e-05,0.00014142135623752944,0.00014142135411623238
1274.0,-1.1166989402167635,-1.1165471508733114,-0.014553131422623267,0.1372362120295456,0.011030865786509908,0.011029859267888568
1275.0,-1.1166901303576195,-1.116630221370896,-0.005743272278646572,0.054165714444831536,0.006929646455627952,0.006929396899889643
1276.0,-1.116687152275992,-1.1166583070605602,-0.002765190651121685,0.026080024780661404,0.00480832611206874,0.004808242738183721
1277.0,-1.1167012652732633,-1.1165252306675288,-0.016878187922397814,0.15915641781205636,0.01187939392393375,0.011878136838015294
1278.0,-1.1166848559238938,-1.1166799650724801,-0.0004688385528694994,0.004422012860771929,0.0019798989873225465,0.0019798931664491313
1279.0,-1.116725436771132,-1.1162974295083021,-0.04104968579099477,0.3869575770387712,0.01852619766708731,0.018521430859007152
1280.0,-1.1166845401754806,-1.1166829431564809,-0.0001530901396762374,0.0014439288600343048,0.001131370849898744,0.0011313697637845754
1281.0,-1.1166865399154329,-1.1166640823961735,-0.002152830091972646,0.020304689167360834,0.004242640687119524,0.004242583412801738
1282.0,-1.116702910992267,-1.116509715980985,-0.018523906926137812,0.17467110435598343,0.012445079348883004,0.012443634017599514
1283.0,-1.11669713423152,-1.1165641783411768,-0.012747146179048485,0.12020874416407423,0.010323759005323792,0.010322933889235346
1284.0,-1.1166911063072615,-1.116621017888089,-0.0067192219206368975,0.06336919725180579,0.007495331880577638,0.007495016087684245
1285.0,-1.1166843870853405,-1.11668438708534,4.440892098500626e-13,8.881784197001252e-13,2.9373740229761033e-16,4.577566798522237e-16
1286.0,-1.1166961080491755,-1.1165738539295171,-0.011720963834616072,0.11053315582376655,0.00989949493661191,0.009898767415824098
1287.0,-1.116686130877715,-1.1166679401942678,-0.0017437923740537542,0.016446891073051972,0.0038183766184076034,0.0038183348652455077
1288.0,-1.1166854419720855,-1.1166744376368816,-0.0010548867446225074,0.00994944845933432,0.0029698484809837222,0.0029698288356598216
1289.0,-1.1166913622548393,-1.1166186042706423,-0.006975169498435463,0.06578281469860059,0.007636753236814461,0.007636419230388242
1290.0,-1.1166845401754806,-1.1166829431564809,-0.0001530901396762374,0.0014439288600343048,0.001131370849898744,0.0011313697637845754
1291.0,-1.116704633256341,-1.116493480435599,-0.020246171000160018,0.1909066497418621,0.01301076477383269,0.013009113288226654
1292.0,-1.1166843894773737,-1.1166843645239055,-2.3920327940629704e-06,2.2561435386592166e-05,0.0001414213562370584,0.00014142135411576135
1293.0,-1.1166888099551633,-1.1166426735363713,-0.004422869822384712,0.0417135489696463,0.006081118318204542,0.006080949666443735
1294.0,-1.1166892309530483,-1.1166387032314313,-0.004843867707382543,0.04568385390957275,0.006363961030678659,0.006363767735473824
1295.0,-1.1166967873866716,-1.1165674486142714,-0.01240030133065062,0.1169384710695276,0.010182337649086498,0.010181545976529389
1296.0,-1.1166906087643071,-1.1166257098287384,-0.006221678966245037,0.058677256602468475,0.00721248916810254,0.007212207791743921
1297.0,-1.116697842273417,-1.1165575025705174,-0.013455188076161306,0.12688451482345542,0.010606601717798418,0.01060570691580111
1298.0,-1.1166906087643071,-1.1166257098287389,-0.006221678966245037,0.058677256602024386,0.0072124891681030106,0.007212207791744392
1299.0,-1.1166876617791144,-1.116653501875251,-0.0032746937734806636,0.03088521008987044,0.005232590180780229,0.0052324827333409644
1300.0,-1.1166927137537304,-1.1166058597509498,-0.008326668389457836,0.0785273343910653,0.00834386001800152,0.008343424382525033
1301.0,-1.1166951249234334,-1.1165831238061372,-0.0107378380924672,0.10126327920367828,0.00947523086789999,0.009474592927207514
1302.0,-1.116691622986484,-1.1166161455563817,-0.007235901143154422,0.06824152895923419,0.007778174593052226,0.007777821685957921
1303.0,-1.1166873173262992,-1.116656750443835,-0.002930240958320951,0.027636641505957016,0.004949747468305562,0.004949656519573966
1304.0,-1.1166898983303764,-1.116632409490296,-0.005511245035449974,0.051977595044938596,0.006788225099391129,0.006787990512294074
1305.0,-1.1166844468861763,-1.1166838230499039,-5.9800835394696605e-05,0.0005640354370228806,0.0007071067811867444,0.0007071065160219317
1306.0,-1.1166978422734166,-1.1165575025705174,-0.013455188075717217,0.12688451482345542,0.010606601717797948,0.01060570691580064
1307.0,-1.1166873173262992,-1.116656750443835,-0.002930240958320951,0.027636641505957016,0.004949747468306033,0.0049496565195744375
1308.0,-1.1166890180620723,-1.1166407109366858,-0.004630976731423431,0.04367614865508074,0.006222539674441836,0.006222358980926722
1309.0,-1.116687661779114,-1.1166535018752506,-0.0032746937730365744,0.03088521009031453,0.0052325901807807,0.005232482733341436
1310.0,-1.1166873173262992,-1.116656750443835,-0.002930240958320951,0.027636641505957016,0.004949747468306033,0.0049496565195744375
1311.0,-1.1166843894773737,-1.1166843645239055,-2.3920327940629704e-06,2.2561435386592166e-05,0.00014142135623752944,0.00014142135411623238
1312.0,-1.1166967873866716,-1.1165674486142714,-0.01240030133065062,0.1169384710695276,0.010182337649086498,0.010181545976529389
1313.0,-1.1166982034704653,-1.1165540970755963,-0.013816385124432173,0.1302900097446269,0.01074802307403532,0.01074709200424085
1314.0,-1.1166873173262992,-1.116656750443835,-0.002930240958320951,0.027636641505957016,0.004949747468306033,0.0049496565195744375
1315.0,-1.1167024923864157,-1.116513662237054,-0.018105301074822222,0.17072484828695167,0.01230365799264571,0.012302261369911777
1316.0,-1.1166843894773737,-1.1166843645239055,-2.3920327940629704e-06,2.2561435386592166e-05,0.00014142135623752944,0.00014142135411623238
1317.0,-1.1166850783830031,-1.1166778668925197,-0.0006912976622253098,0.0065201928212133,0.002404163056034036,0.0024041526340650046
1318.0,-1.1166844253578754,-1.1166840261025532,-3.8272534474970143e-05,0.0003609827876616123,0.0005656854249489794,0.0005656852891844476
1319.0,-1.116693287841755,-1.1166004462935208,-0.008900756414131905,0.08394079182005854,0.008626702730475637,0.00862622127734209
1320.0,-1.1166974858604353,-1.1165608629928214,-0.013098775094366744,0.12352409251947805,0.010465180361561124,0.01046432087322949
1321.0,-1.1166847315381547,-1.116681138253988,-0.00034445281382744497,0.0032488313528311608,0.0016970562748479198,0.001697052609220065
1322.0,-1.1166848559238938,-1.1166799650724801,-0.0004688385528694994,0.004422012860771929,0.0019798989873225465,0.0019798931664491313
1323.0,-1.116693881066047,-1.1165948524776201,-0.009493980706043459,0.08953460772076482,0.008909545442950695,0.008909015067542513
1324.0,-1.1167165742872522,-1.1163809352043463,-0.03218720191133784,0.3034518809945652,0.016404877323527706,0.01640156731362543
1325.0,-1.1166852506094105,-1.1166762425039796,-0.0008635240695831214,0.008144581361335668,0.002687005768508663,0.0026869912185080755
1326.0,-1.1167097641680606,-1.1164451166130864,-0.02537708271965755,0.2392704722544714,0.01456639969244261,0.014564082303515526
1327.0,-1.1166935820618678,-1.1165976719298318,-0.00919497652684953,0.08671515550906506,0.0087681240867134,0.008767618566877564
1328.0,-1.1166957755565283,-1.1165769889691313,-0.011388471187423477,0.1073981162096338,0.009758073580374615,0.00975737679324763
1329.0,-1.116686685829472,-1.1166627062331256,-0.0022987441310462486,0.021680852215322233,0.004384062043356347,0.004383998848670829
1330.0,-1.1166908551437507,-1.1166233864077681,-0.006468058409758726,0.0610006775727534,0.007353910524339834,0.007353612270562702
1331.0,-1.1166863987854598,-1.1166654134443954,-0.002011700118931259,0.018973640945496584,0.00410121933088223,0.00410116759512436
1332.0,-1.1166851621041736,-1.1166770772582368,-0.0007750188326660634,0.007309827104062805,0.0025455844122718404,0.002545572040835175
1333.0,-1.1166860040999427,-1.1166691358949161,-0.0016170146017735476,0.015251190424780958,0.0036769552621698388,0.00367691797849454
1334.0,-1.116684791338991,-1.1166805742239139,-0.00040425365011032,0.0038128614270327432,0.001838477631084782,0.0018384729705643137
1335.0,-1.1166886066323207,-1.11664459102971,-0.004219546979822297,0.03979605563086963,0.0059396969619667376,0.005939539804746718
1336.0,-1.1166894486280903,-1.1166366504214027,-0.005061542749373871,0.04773666393820264,0.006505382386916502,0.006505175917365745
1337.0,-1.1166957755565283,-1.1165769889691313,-0.011388471187423477,0.1073981162096338,0.009758073580374145,0.009757376793247159
1338.0,-1.116691622986484,-1.1166161455563817,-0.007235901143154422,0.06824152895923419,0.007778174593052226,0.007777821685957921
1339.0,-1.116688408093546,-1.1166464634159432,-0.004021008205068455,0.0379236693976992,0.0057982756057294435,0.005798129408558621
1340.0,-1.1166845042949785,-1.1166832815767602,-0.00011720963755124103,0.0011055085806788156,0.0009899494936609398,0.0009899487660489212
1341.0,-1.1166869920097522,-1.116659818564747,-0.002604924411286902,0.02456852059395942,0.0046669047558309746,0.004666828524086406
1342.0,-1.1166863987854598,-1.1166654134443954,-0.002011700118931259,0.018973640945496584,0.00410121933088223,0.00410116759512436
1343.0,-1.1166903671689297,-1.1166279881500825,-0.005980083588763563,0.05639893525843931,0.007071067811865717,0.007070802663946689
1344.0,-1.1166996960993294,-1.1165400243969672,-0.015309013988495934,0.14436268837370037,0.011313708498984535,0.011312622562505181
1345.0,-1.116684791338991,-1.1166805742239139,-0.00040425365011032,0.0038128614270327432,0.001838477631084782,0.0018384729705643137
1346.0,-1.1166918885021948,-1.1166136417462815,-0.007501416853905596,0.07074533905937486,0.007919595949289598,0.00791922344167385
1347.0,-1.1166894486280903,-1.1166366504214027,-0.005061542749373871,0.04773666393820264,0.006505382386916031,0.006505175917365274
1348.0,-1.1166878411816215,-1.1166518099246794,-0.003454096280552932,0.03257716066151772,0.005374011537018033,0.00537389514027
1349.0,-1.1166863987854598,-1.1166654134443954,-0.002011700118931259,0.018973640945496584,0.00410121933088223,0.00410116759512436
1350.0,-1.1166854419720855,-1.1166744376368816,-0.0010548867446225074,0.00994944845933432,0.0029698484809832513,0.002969828835659351
1351.0,-1.1167033343821853,-1.116505724671217,-0.018947296844373795,0.17866241412400896,0.012586500705120808,0.012585005545977109
1352.0,-1.1166935820618678,-1.1165976719298318,-0.00919497652684953,0.08671515550906506,0.00876812408671293,0.008767618566877092
1353.0,-1.1166844253578754,-1.1166840261025537,-3.8272534474970143e-05,0.0003609827872175231,0.0005656854249494505,0.0005656852891849185
1354.0,-1.1166869920097522,-1.116659818564747,-0.002604924411286902,0.02456852059395942,0.0046669047558309746,0.004666828524086406
1355.0,-1.1166913622548393,-1.1166186042706419,-0.006975169498435463,0.06578281469904468,0.007636753236814932,0.0076364192303887135
1356.0,-1.116693287841755,-1.1166004462935208,-0.008900756414131905,0.08394079182005854,0.008626702730476107,0.00862622127734256
1357.0,-1.1166898983303764,-1.116632409490296,-0.005511245035449974,0.051977595044938596,0.006788225099390658,0.006787990512293603
1358.0,-1.1166844731985437,-1.1166835748746067,-8.611320279072743e-05,0.0008122107342245499,0.0008485281374236458,0.0008485276792189762
1359.0,-1.1167117734761471,-1.116426178799975,-0.027386390806238836,0.2582082853659351,0.015132085117392374,0.015129487177098583
1360.0,-1.1166851621041736,-1.1166770772582368,-0.0007750188326660634,0.007309827104062805,0.0025455844122713694,0.002545572040834704
1361.0,-1.1166903671689297,-1.1166279881500825,-0.005980083588763563,0.05639893525843931,0.007071067811865717,0.007070802663946689
1362.0,-1.1166935820618678,-1.1165976719298318,-0.00919497652684953,0.08671515550906506,0.0087681240867134,0.008767618566877564
1363.0,-1.1166880253681963,-1.116650072864143,-0.003638282855433772,0.034314221197817574,0.005515432893254855,0.005515307063597465
1364.0,-1.1166929984057092,-1.1166031755675867,-0.008611320368334674,0.08121151775419833,0.008485281374238813,0.008484823211653114
1365.0,-1.1166858821062378,-1.1166702864787363,-0.0014950208968578238,0.01410060660456125,0.003535533905932937,0.0035355007608377496
1366.0,-1.1166865399154324,-1.1166640823961735,-0.002152830091528557,0.020304689167360834,0.004242640687119053,0.004242583412801267
1367.0,-1.1166876617791144,-1.116653501875251,-0.0032746937734806636,0.03088521008987044,0.005232590180780229,0.0052324827333409644
1368.0,-1.1167033343821853,-1.116505724671217,-0.018947296844373795,0.17866241412400896,0.012586500705120808,0.012585005545977109
1369.0,-1.116684504294979,-1.1166832815767602,-0.00011720963799533024,0.0011055085806788156,0.0009899494936614107,0.0009899487660493921
1370.0,-1.1166844731985437,-1.1166835748746067,-8.611320279072743e-05,0.0008122107342245499,0.0008485281374236458,0.0008485276792189762
1371.0,-1.1166898983303764,-1.116632409490296,-0.005511245035449974,0.051977595044938596,0.006788225099391129,0.006787990512294074
1372.0,-1.1167059751870987,-1.1164808307746257,-0.021588101757785694,0.20355631071522495,0.01343502884254414,0.013433210499437104
1373.0,-1.1166846765213863,-1.116681657162478,-0.00028943604535314194,0.0027299228628763217,0.001555634918610626,0.0015556320951421341
1374.0,-1.1167107592539698,-1.1164357377553666,-0.026372168628885362,0.24864932997425981,0.014849242404917237,0.014846787410634027
1375.0,-1.1166845401754801,-1.1166829431564809,-0.0001530901392321482,0.0014439288600343048,0.0011313708498982729,0.0011313697637841044
1376.0,-1.1166860040999427,-1.1166691358949161,-0.0016170146017735476,0.015251190424780958,0.0036769552621698388,0.00367691797849454
1377.0,-1.1166888099551633,-1.1166426735363713,-0.004422869822384712,0.0417135489696463,0.006081118318204542,0.006080949666443735
1378.0,-1.1166862624395542,-1.1166666993772636,-0.0018753542132543544,0.017687708077307462,0.003959797974644936,0.003959751408363841
1379.0,-1.1166862624395537,-1.1166666993772636,-0.0018753542128102652,0.017687708077307462,0.003959797974644465,0.00395975140836337
1380.0,-1.1166850783830036,-1.1166778668925192,-0.000691297662669399,0.006520192821657389,0.0024041630560345073,0.0024041526340654756
1381.0,-1.1166878411816215,-1.1166518099246794,-0.003454096280552932,0.03257716066151772,0.005374011537018033,0.00537389514027
1382.0,-1.1166913622548393,-1.1166186042706419,-0.006975169498435463,0.06578281469904468,0.007636753236814932,0.0076364192303887135
1383.0,-1.1166846765213863,-1.116681657162478,-0.00028943604535314194,0.0027299228628763217,0.001555634918610626,0.0015556320951421341
1384.0,-1.1166888099551633,-1.1166426735363713,-0.004422869822384712,0.0417135489696463,0.006081118318204071,0.006080949666443263
1385.0,-1.1166847315381547,-1.116681138253988,-0.00034445281382744497,0.0032488313528311608,0.0016970562748479198,0.001697052609220065
1386.0,-1.1166982034704653,-1.1165540970755963,-0.013816385124432173,0.1302900097446269,0.01074802307403579,0.01074709200424132
1387.0,-1.1166850783830031,-1.1166778668925197,-0.0006912976622253098,0.0065201928212133,0.002404163056034036,0.0024041526340650046
1388.0,-1.1166871522759925,-1.1166583070605602,-0.0027651906515657743,0.026080024780661404,0.004808326112068269,0.00480824273818325
1389.0,-1.1166845808400487,-1.1166825596139036,-0.00019375470783344895,0.0018274714372878975,0.0012727922061355668,0.0012727906596963277
1390.0,-1.1166852506094105,-1.1166762425039796,-0.0008635240695831214,0.008144581361335668,0.002687005768508663,0.0026869912185080755
1391.0,-1.1166857648965998,-1.1166713919452724,-0.0013778112588624936,0.012995140068472466,0.003394112549695172,0.003394083224999144
1392.0,-1.1166892309530483,-1.1166387032314313,-0.004843867707382543,0.04568385390957275,0.006363961030678659,0.006363767735473824
1393.0,-1.1167016695269143,-1.1165214195818605,-0.017282441573396312,0.16296750348043787,0.012020815280171043,0.012019512767416106
1394.0,-1.1166844253578754,-1.1166840261025537,-3.8272534474970143e-05,0.0003609827872175231,0.0005656854249494505,0.0005656852891849185
1395.0,-1.1166929984057092,-1.1166031755675867,-0.008611320368334674,0.08121151775419833,0.008485281374238813,0.008484823211653114
1396.0,-1.1166888099551633,-1.1166426735363713,-0.004422869822384712,0.0417135489696463,0.006081118318204542,0.006080949666443735
1397.0,-1.1166868365275788,-1.116661284955796,-0.002449442237928423,0.023102129544927408,0.0045254833995936414,0.004525413890007469
1398.0,-1.1166908551437507,-1.1166233864077681,-0.006468058409758726,0.0610006775727534,0.0073539105243403055,0.007353612270563173
1399.0,-1.1166982034704653,-1.1165540970755963,-0.013816385124432173,0.1302900097446269,0.01074802307403579,0.01074709200424132
1400.0,-1.1166865399154324,-1.1166640823961735,-0.002152830091528557,0.020304689167360834,0.004242640687119053,0.004242583412801267
1401.0,-1.1167050757825265,-1.1164893089270076,-0.020688697185633487,0.1950781583333061,0.013152186130069984,0.013150480212345555
1402.0,-1.1166890180620719,-1.1166407109366858,-0.0046309767309793415,0.04367614865508074,0.006222539674441365,0.006222358980926251
1403.0,-1.1166948067829865,-1.116586123601099,-0.010419697645591697,0.09826348424191167,0.009333809511662695,0.009333199709169156
1404.0,-1.116696108049176,-1.1165738539295171,-0.01172096383506016,0.11053315582376655,0.00989949493661144,0.009898767415823627
1405.0,-1.1166844086136414,-1.1166841840324762,-2.1528300475637252e-05,0.0002030528647445351,0.00042426406871215656,0.00042426401143646233
1406.0,-1.1166843966534743,-1.1166842968396078,-9.568133396697931e-06,9.024573310867368e-05,0.00028284271247435236,0.0002828426955037789
1407.0,-1.1166896710872,-1.1166345525074148,-0.00528400185917377,0.049834577926066714,0.006646803743153796,0.006646583513879207
1408.0,-1.116693287841755,-1.1166004462935208,-0.008900756414131905,0.08394079182005854,0.008626702730475637,0.00862622127734209
1409.0,-1.1166927137537304,-1.1166058597509498,-0.008326668389457836,0.0785273343910653,0.00834386001800152,0.008343424382525033
1410.0,-1.1166843894773737,-1.1166843645239055,-2.3920327940629704e-06,2.2561435386592166e-05,0.0001414213562370584,0.00014142135411576135
1411.0,-1.1166924338858184,-1.116608498842547,-0.008046800477501392,0.07588824279380901,0.008202438661764224,0.008202024802674618
1412.0,-1.1166852506094105,-1.1166762425039796,-0.0008635240695831214,0.008144581361335668,0.002687005768508663,0.0026869912185080755
1413.0,-1.1166844253578754,-1.1166840261025537,-3.8272534474970143e-05,0.0003609827872175231,0.0005656854249494505,0.0005656852891849185
1414.0,-1.1166971342315195,-1.1165641783411768,-0.012747146178604396,0.12020874416407423,0.01032375900532332,0.010322933889234874
1415.0,-1.1167068937279376,-1.1164721724531939,-0.022506642596731297,0.21221463214704528,0.013717871555018806,0.013715935953676222
1416.0,-1.1166982034704653,-1.1165540970755963,-0.013816385124432173,0.1302900097446269,0.01074802307403532,0.01074709200424085
1417.0,-1.1167078314050443,-1.116463333976419,-0.023444319703358474,0.22105310892195362,0.014000714267493433,0.01399865647348127
1418.0,-1.1166844253578754,-1.1166840261025532,-3.8272534474970143e-05,0.0003609827876616123,0.0005656854249489794,0.0005656852891844476
1419.0,-1.1166996960993298,-1.1165400243969672,-0.015309013988940023,0.14436268837370037,0.011313708498985007,0.011312622562505651
1420.0,-1.1166886066323212,-1.11664459102971,-0.0042195469802663865,0.03979605563086963,0.0059396969619672085,0.005939539804747189
1421.0,-1.1166847315381547,-1.116681138253988,-0.00034445281382744497,0.0032488313528311608,0.0016970562748479198,0.001697052609220065
1422.0,-1.1166850783830031,-1.1166778668925197,-0.0006912976622253098,0.0065201928212133,0.002404163056034036,0.0024041526340650046
1423.0,-1.1167008658036792,-1.1165289966933556,-0.01647871833831971,0.15539039198531057,0.011737972567696417,0.011736759840118788
1424.0,-1.1166865399154324,-1.1166640823961735,-0.002152830091528557,0.020304689167360834,0.004242640687119053,0.004242583412801267
1425.0,-1.1166843894773737,-1.1166843645239055,-2.3920327940629704e-06,2.2561435386592166e-05,0.0001414213562370584,0.00014142135411576135
1426.0,-1.116693287841755,-1.1166004462935208,-0.008900756414131905,0.08394079182005854,0.008626702730476107,0.00862622127734256
1427.0,-1.1166865399154324,-1.1166640823961735,-0.002152830091528557,0.020304689167360834,0.004242640687119053,0.004242583412801267
1428.0,-1.1166929984057092,-1.1166031755675867,-0.008611320368334674,0.08121151775419833,0.008485281374238342,0.008484823211652644
1429.0,-1.1167020785646313,-1.1165175634378608,-0.017691479290427026,0.1668236474801077,0.012162236636408415,0.0121608876156161
1430.0,-1.1166846765213863,-1.116681657162478,-0.00028943604535314194,0.0027299228628763217,0.001555634918610626,0.0015556320951421341
1431.0,-1.1167194088468735,-1.1163542246840858,-0.035021761532583184,0.3301624012550519,0.017111984104714213,0.017108227477088584
1432.0,-1.116687661779114,-1.1166535018752506,-0.0032746937730365744,0.03088521009031453,0.0052325901807807,0.005232482733341436
1433.0,-1.1166894486280903,-1.1166366504214027,-0.005061542749373871,0.04773666393820264,0.006505382386916031,0.006505175917365274
1434.0,-1.1166924338858184,-1.116608498842547,-0.008046800477501392,0.07588824279380901,0.008202438661764224,0.008202024802674618
1435.0,-1.1166850783830031,-1.1166778668925197,-0.0006912976622253098,0.0065201928212133,0.002404163056034036,0.0024041526340650046
1436.0,-1.1166921588019734,-1.1166110928413335,-0.007771716632465342,0.07329424400737139,0.008061017305526892,0.008060624484818509
1437.0,-1.1166882143388377,-1.1166482906943287,-0.0038272534967909166,0.03609639101220807,0.005656854249492621,0.005656718490602014
1438.0,-1.116688408093546,-1.1166464634159432,-0.004021008205068455,0.0379236693976992,0.0057982756057294435,0.005798129408558621
1439.0,-1.1166848559238938,-1.1166799650724801,-0.0004688385528694994,0.004422012860771929,0.0019798989873225465,0.0019798931664491313
1440.0,-1.1166865399154324,-1.1166640823961735,-0.002152830091528557,0.020304689167360834,0.004242640687119053,0.004242583412801267
1441.0,-1.1166843966534739,-1.1166842968396078,-9.568132952608721e-06,9.024573310867368e-05,0.0002828427124748234,0.00028284269550424995
1442.0,-1.1166954478479476,-1.1165800789284126,-0.011060762606707186,0.10430815692830109,0.009616652224136811,0.009615985292804014
1443.0,-1.1166882143388377,-1.1166482906943287,-0.0038272534967909166,0.03609639101220807,0.005656854249492149,0.005656718490601543
1444.0,-1.1166901303576195,-1.116630221370896,-0.005743272278646572,0.054165714444831536,0.006929646455627952,0.006929396899889643
1445.0,-1.1166954478479476,-1.1165800789284126,-0.011060762606707186,0.10430815692830109,0.009616652224136811,0.009615985292804014
1446.0,-1.1166882143388377,-1.1166482906943287,-0.0038272534967909166,0.03609639101220807,0.005656854249492621,0.005656718490602014
1447.0,-1.1166982034704653,-1.1165540970755963,-0.013816385124432173,0.1302900097446269,0.01074802307403579,0.01074709200424132
1448.0,-1.116688408093546,-1.1166464634159432,-0.004021008205068455,0.0379236693976992,0.0057982756057299144,0.005798129408559092
1449.0,-1.1166896710872,-1.1166345525074144,-0.00528400185917377,0.049834577926510804,0.006646803743153325,0.006646583513878736
1450.0,-1.116686130877715,-1.1166679401942678,-0.0017437923740537542,0.016446891073051972,0.0038183766184071324,0.0038183348652450367
1451.0,-1.1166880253681963,-1.116650072864143,-0.003638282855433772,0.034314221197817574,0.005515432893254855,0.005515307063597465
1452.0,-1.1166871522759925,-1.1166583070605602,-0.0027651906515657743,0.026080024780661404,0.004808326112068269,0.00480824273818325
1453.0,-1.1166845042949785,-1.1166832815767602,-0.00011720963755124103,0.0011055085806788156,0.0009899494936609398,0.0009899487660489212
1454.0,-1.1166844253578754,-1.1166840261025537,-3.8272534474970143e-05,0.0003609827872175231,0.0005656854249494505,0.0005656852891849185
1455.0,-1.1166851621041736,-1.1166770772582368,-0.0007750188326660634,0.007309827104062805,0.0025455844122718404,0.002545572040835175
1456.0,-1.1166862624395542,-1.1166666993772636,-0.0018753542132543544,0.017687708077307462,0.003959797974644936,0.003959751408363841
1457.0,-1.1166871522759925,-1.1166583070605602,-0.0027651906515657743,0.026080024780661404,0.004808326112068269,0.00480824273818325
1458.0,-1.1166989402167635,-1.1165471508733114,-0.014553131422623267,0.1372362120295456,0.011030865786509908,0.011029859267888568
1459.0,-1.1166880253681963,-1.116650072864143,-0.003638282855433772,0.034314221197817574,0.005515432893255327,0.0055153070635979365
1460.0,-1.116687152275992,-1.1166583070605602,-0.002765190651121685,0.026080024780661404,0.00480832611206874,0.004808242738183721
1461.0,-1.116704633256341,-1.116493480435599,-0.020246171000160018,0.1909066497418621,0.01301076477383269,0.013009113288226654
1462.0,-1.1167050757825265,-1.1164893089270076,-0.020688697185633487,0.1950781583333061,0.013152186130069984,0.013150480212345555
1463.0,-1.116687152275992,-1.1166583070605602,-0.002765190651121685,0.026080024780661404,0.00480832611206874,0.004808242738183721
1464.0,-1.1166957755565283,-1.1165769889691313,-0.011388471187423477,0.1073981162096338,0.009758073580374615,0.00975737679324763
1465.0,-1.1166854419720855,-1.1166744376368816,-0.0010548867446225074,0.00994944845933432,0.0029698484809837222,0.0029698288356598216
1466.0,-1.1166858821062378,-1.1166702864787363,-0.0014950208968578238,0.01410060660456125,0.003535533905932937,0.0035355007608377496
1467.0,-1.1166843966534743,-1.1166842968396078,-9.568133396697931e-06,9.024573310867368e-05,0.00028284271247435236,0.0002828426955037789
1468.0,-1.116708788218419,-1.1164543153582906,-0.024401133078111314,0.2300717270502517,0.014283556979968021,0.014281371957281202
1469.0,-1.1166843966534743,-1.1166842968396078,-9.568133396697931e-06,9.024573310867368e-05,0.00028284271247435236,0.0002828426955037789
1470.0,-1.1167020785646313,-1.1165175634378608,-0.017691479290427026,0.1668236474801077,0.012162236636408415,0.0121608876156161
1471.0,-1.1167059751870987,-1.1164808307746257,-0.021588101757785694,0.20355631071522495,0.01343502884254414,0.013433210499437104
1472.0,-1.1167016695269139,-1.1165214195818605,-0.017282441572952223,0.16296750348043787,0.012020815280171515,0.012019512767416578
1473.0,-1.1166844731985437,-1.1166835748746067,-8.611320279072743e-05,0.0008122107342245499,0.0008485281374236458,0.0008485276792189762
1474.0,-1.1166853438987148,-1.1166753626300787,-0.0009568133738646623,0.009024455262185427,0.002828427124746428,0.0028284101543589956
1475.0,-1.1166967873866716,-1.1165674486142714,-0.01240030133065062,0.1169384710695276,0.010182337649086498,0.010181545976529389
1476.0,-1.1166844468861763,-1.116683823049903,-5.9800835394696605e-05,0.000564035437911059,0.0007071067811862733,0.0007071065160214607
1477.0,-1.1166871522759925,-1.1166583070605602,-0.0027651906515657743,0.026080024780661404,0.004808326112068269,0.00480824273818325
1478.0,-1.116688408093546,-1.1166464634159432,-0.004021008205068455,0.0379236693976992,0.0057982756057294435,0.005798129408558621
1479.0,-1.1166846262886838,-1.1166821309491795,-0.00023920334291105405,0.0022561361614492625,0.0014142135623733318,0.0014142114410583848
1480.0,-1.1166951249234338,-1.1165831238061372,-0.01073783809291129,0.10126327920367828,0.009475230867899517,0.009474592927207044
1481.0,-1.1166844468861763,-1.1166838230499039,-5.9800835394696605e-05,0.0005640354370228806,0.0007071067811867444,0.0007071065160219317
1482.0,-1.1166855448295236,-1.1166734675247558,-0.0011577441827448354,0.010919560585076482,0.003111269837220545,0.003111247249683857
1483.0,-1.1166854419720855,-1.1166744376368816,-0.0010548867446225074,0.00994944845933432,0.0029698484809832513,0.002969828835659351
1484.0,-1.1166844731985446,-1.1166835748746062,-8.611320367890585e-05,0.0008122107346686391,0.0008485281374241168,0.0008485276792194471
1485.0,-1.1166843894773737,-1.1166843645239055,-2.3920327940629704e-06,2.2561435386592166e-05,0.0001414213562370584,0.00014142135411576135
1486.0,-1.116693287841755,-1.1166004462935208,-0.008900756414131905,0.08394079182005854,0.008626702730476107,0.00862622127734256
1487.0,-1.1166844253578754,-1.1166840261025537,-3.8272534474970143e-05,0.0003609827872175231,0.0005656854249494505,0.0005656852891849185
1488.0,-1.1166967873866716,-1.1165674486142714,-0.01240030133065062,0.1169384710695276,0.010182337649086498,0.010181545976529389
1489.0,-1.116706432065485,-1.1164765241341916,-0.022044980144020343,0.20786295114927356,0.013576450198781512,0.013574573837012518
1490.0,-1.1166856524710282,-1.1166724522940852,-0.0012653856873434677,0.011934791255718835,0.0032526911934578785,0.0032526653837059412
1491.0,-1.116684791338991,-1.1166805742239139,-0.00040425365011032,0.0038128614270327432,0.001838477631084782,0.0018384729705643137
1492.0,-1.116696108049176,-1.1165738539295171,-0.01172096383506016,0.11053315582376655,0.00989949493661144,0.009898767415823627
1493.0,-1.1166851621041736,-1.1166770772582368,-0.0007750188326660634,0.007309827104062805,0.0025455844122718404,0.002545572040835175
1494.0,-1.1167068937279376,-1.1164721724531939,-0.022506642596731297,0.21221463214704528,0.013717871555019278,0.013715935953676692
1495.0,-1.1166857648965998,-1.1166713919452724,-0.0013778112588624936,0.012995140068472466,0.003394112549695172,0.003394083224999144
1496.0,-1.1166927137537304,-1.1166058597509498,-0.008326668389457836,0.0785273343910653,0.00834386001800152,0.008343424382525033
1497.0,-1.1166918885021948,-1.1166136417462815,-0.007501416853905596,0.07074533905937486,0.007919595949289598,0.00791922344167385
1498.0,-1.1167149309602817,-1.1163964215004847,-0.03054387494083599,0.28796558485622015,0.015980613254815704,0.01597755341733596
1499.0,-1.1166903671689297,-1.1166279881500825,-0.005980083588763563,0.05639893525843931,0.007071067811865717,0.007070802663946689
1500.0,-1.1166911063072615,-1.1166210178880895,-0.0067192219206368975,0.0633691972513617,0.007495331880577167,0.007495016087683773
1501.0,-1.1166896710872,-1.1166345525074148,-0.00528400185917377,0.049834577926066714,0.006646803743153796,0.006646583513879207
1502.0,-1.1166849994458996,-1.116678611406515,-0.0006123605587049497,0.005775678825870045,0.0022627416997967422,0.0022627330109261743
1503.0,-1.1166865399154324,-1.1166640823961735,-0.002152830091528557,0.020304689167360834,0.004242640687119053,0.004242583412801267
1504.0,-1.1166857648965993,-1.116671391945272,-0.0013778112584184043,0.012995140068916555,0.003394112549695643,0.003394083224999615
1505.0,-1.1166961080491755,-1.1165738539295171,-0.011720963834616072,0.11053315582376655,0.00989949493661191,0.009898767415824098
1506.0,-1.1166880253681963,-1.116650072864143,-0.003638282855433772,0.034314221197817574,0.005515432893254855,0.005515307063597465
1507.0,-1.116734679588328,-1.1162103619115653,-0.05029250298704824,0.47402517377559406,0.02050609665440962,0.020499633054535147
1508.0,-1.1166852506094105,-1.1166762425039796,-0.0008635240695831214,0.008144581361335668,0.002687005768508663,0.0026869912185080755
1509.0,-1.1166855448295232,-1.1166734675247558,-0.0011577441823007462,0.010919560585076482,0.003111269837221016,0.003111247249684328
1510.0,-1.1166906087643071,-1.1166257098287384,-0.006221678966245037,0.058677256602468475,0.00721248916810254,0.007212207791743921
1511.0,-1.1166924338858184,-1.116608498842547,-0.008046800477501392,0.07588824279380901,0.008202438661763754,0.008202024802674146
1512.0,-1.1166944934266065,-1.1165890783121108,-0.010106341265636587,0.09530877323005171,0.009192388155424851,0.00919180565140224
1513.0,-1.1166863987854598,-1.1166654134443954,-0.002011700118931259,0.018973640945496584,0.00410121933088223,0.00410116759512436
1514.0,-1.1166860040999427,-1.1166691358949161,-0.0016170146017735476,0.015251190424780958,0.0036769552621698388,0.00367691797849454
1515.0,-1.1166894486280903,-1.1166366504214027,-0.005061542749373871,0.04773666393820264,0.006505382386916031,0.006505175917365274
1516.0,-1.1166898983303764,-1.116632409490296,-0.005511245035449974,0.051977595044938596,0.006788225099390658,0.006787990512293603
1517.0,-1.1166846262886838,-1.1166821309491795,-0.00023920334291105405,0.0022561361614492625,0.0014142135623733318,0.0014142114410583848
1518.0,-1.1166890180620719,-1.1166407109366858,-0.0046309767309793415,0.04367614865508074,0.006222539674441365,0.006222358980926251
1519.0,-1.1166847315381547,-1.116681138253988,-0.00034445281382744497,0.0032488313528311608,0.0016970562748479198,0.001697052609220065
1520.0,-1.1166957755565283,-1.1165769889691313,-0.011388471187423477,0.1073981162096338,0.009758073580374615,0.00975737679324763
1521.0,-1.1166982034704653,-1.1165540970755963,-0.013816385124432173,0.1302900097446269,0.01074802307403532,0.01074709200424085
1522.0,-1.1166869920097522,-1.116659818564747,-0.002604924411286902,0.02456852059395942,0.0046669047558314455,0.004666828524086877
1523.0,-1.1166935820618678,-1.1165976719298318,-0.00919497652684953,0.08671515550906506,0.00876812408671293,0.008767618566877092
1524.0,-1.1166845401754801,-1.1166829431564809,-0.0001530901392321482,0.0014439288600343048,0.0011313708498982729,0.0011313697637841044
1525.0,-1.1166916229864836,-1.1166161455563817,-0.007235901142710333,0.06824152895923419,0.007778174593051755,0.00777782168595745
1526.0,-1.116684791338991,-1.1166805742239139,-0.00040425365011032,0.0038128614270327432,0.001838477631084782,0.0018384729705643137
1527.0,-1.1166847315381547,-1.116681138253988,-0.00034445281382744497,0.0032488313528311608,0.0016970562748479198,0.001697052609220065
1528.0,-1.1166863987854598,-1.1166654134443954,-0.002011700118931259,0.018973640945496584,0.00410121933088223,0.00410116759512436
1529.0,-1.1166901303576195,-1.116630221370896,-0.005743272278646572,0.054165714444831536,0.006929646455627952,0.006929396899889643
1530.0,-1.1166871522759925,-1.1166583070605602,-0.0027651906515657743,0.026080024780661404,0.004808326112068269,0.00480824273818325
1531.0,-1.1166894486280903,-1.1166366504214027,-0.005061542749373871,0.04773666393820264,0.006505382386916502,0.006505175917365745
1532.0,-1.1166851621041736,-1.1166770772582368,-0.0007750188326660634,0.007309827104062805,0.0025455844122713694,0.002545572040834704
1533.0,-1.1166849994458996,-1.116678611406515,-0.0006123605587049497,0.005775678825870045,0.002262741699797213,0.0022627330109266453
1534.0,-1.1166880253681963,-1.116650072864143,-0.003638282855433772,0.034314221197817574,0.005515432893255327,0.0055153070635979365
1535.0,-1.116696108049176,-1.1165738539295171,-0.01172096383506016,0.11053315582376655,0.00989949493661144,0.009898767415823627
1536.0,-1.1166851621041736,-1.1166770772582368,-0.0007750188326660634,0.007309827104062805,0.0025455844122713694,0.002545572040834704
1537.0,-1.1167033343821853,-1.116505724671217,-0.018947296844373795,0.17866241412400896,0.012586500705120808,0.012585005545977109
1538.0,-1.1166974858604348,-1.1165608629928214,-0.013098775093922654,0.12352409251947805,0.010465180361560654,0.01046432087322902
1539.0,-1.1166935820618678,-1.1165976719298318,-0.00919497652684953,0.08671515550906506,0.00876812408671293,0.008767618566877092
1540.0,-1.1167097641680606,-1.1164451166130864,-0.02537708271965755,0.2392704722544714,0.014566399692443081,0.014564082303515998
1541.0,-1.1166851621041736,-1.1166770772582368,-0.0007750188326660634,0.007309827104062805,0.0025455844122718404,0.002545572040835175
1542.0,-1.1166853438987148,-1.1166753626300787,-0.0009568133738646623,0.009024455262185427,0.002828427124746428,0.0028284101543589956
1543.0,-1.1166927137537304,-1.1166058597509498,-0.008326668389457836,0.0785273343910653,0.00834386001800152,0.008343424382525033
1544.0,-1.1166989402167635,-1.1165471508733114,-0.014553131422623267,0.1372362120295456,0.011030865786509908,0.011029859267888568
1545.0,-1.1166906087643071,-1.1166257098287384,-0.006221678966245037,0.058677256602468475,0.00721248916810254,0.007212207791743921
1546.0,-1.1166855448295232,-1.1166734675247558,-0.0011577441823007462,0.010919560585076482,0.003111269837221016,0.003111247249684328
1547.0,-1.1166860040999427,-1.1166691358949157,-0.0016170146017735476,0.015251190425225047,0.0036769552621703093,0.0036769179784950107
1548.0,-1.1166849994458996,-1.116678611406515,-0.0006123605587049497,0.005775678825870045,0.002262741699797213,0.0022627330109266453
1549.0,-1.1166846262886838,-1.1166821309491795,-0.00023920334291105405,0.0022561361614492625,0.0014142135623733318,0.0014142114410583848
1550.0,-1.1166929984057092,-1.1166031755675867,-0.008611320368334674,0.08121151775419833,0.008485281374238813,0.008484823211653114
1551.0,-1.1166865399154329,-1.1166640823961735,-0.002152830091972646,0.020304689167360834,0.004242640687119524,0.004242583412801738
1552.0,-1.116684791338991,-1.1166805742239143,-0.00040425365011032,0.003812861426588654,0.0018384776310852529,0.0018384729705647846
1553.0,-1.1166849994458996,-1.116678611406515,-0.0006123605587049497,0.005775678825870045,0.0022627416997967422,0.0022627330109261743
1554.0,-1.1166850783830031,-1.1166778668925197,-0.0006912976622253098,0.0065201928212133,0.002404163056034036,0.0024041526340650046
1555.0,-1.1166935820618678,-1.1165976719298318,-0.00919497652684953,0.08671515550906506,0.0087681240867134,0.008767618566877564
1556.0,-1.1166935820618678,-1.1165976719298318,-0.00919497652684953,0.08671515550906506,0.0087681240867134,0.008767618566877564
1557.0,-1.11669644532589,-1.1165706738108105,-0.01205824054917315,0.11371327453035818,0.010040916292848732,0.010040157147821317
1558.0,-1.1166858821062378,-1.116670286478736,-0.0014950208968578238,0.01410060660500534,0.003535533905932466,0.003535500760837278
1559.0,-1.1166844731985437,-1.1166835748746067,-8.611320279072743e-05,0.0008122107342245499,0.0008485281374236458,0.0008485276792189762
1560.0,-1.1166890180620719,-1.1166407109366858,-0.0046309767309793415,0.04367614865508074,0.006222539674441365,0.006222358980926251
1561.0,-1.1166869920097522,-1.116659818564747,-0.002604924411286902,0.02456852059395942,0.0046669047558309746,0.004666828524086406
1562.0,-1.116694493426607,-1.11658907831211,-0.010106341266080676,0.09530877323093989,0.009192388155425323,0.00919180565140271
1563.0,-1.1166844468861763,-1.1166838230499039,-5.9800835394696605e-05,0.0005640354370228806,0.0007071067811867444,0.0007071065160219317
1564.0,-1.1166855448295232,-1.1166734675247558,-0.0011577441823007462,0.010919560585076482,0.003111269837221016,0.003111247249684328
1565.0,-1.1166862624395537,-1.1166666993772636,-0.0018753542128102652,0.017687708077307462,0.003959797974644465,0.00395975140836337
1566.0,-1.1166880253681963,-1.116650072864143,-0.003638282855433772,0.034314221197817574,0.005515432893255327,0.0055153070635979365
1567.0,-1.1166873173262992,-1.116656750443835,-0.002930240958320951,0.027636641505957016,0.004949747468305562,0.004949656519573966
1568.0,-1.116688408093546,-1.1166464634159432,-0.004021008205068455,0.0379236693976992,0.0057982756057294435,0.005798129408558621
1569.0,-1.1166854419720855,-1.1166744376368816,-0.0010548867446225074,0.00994944845933432,0.0029698484809832513,0.002969828835659351
1570.0,-1.1166849994458996,-1.116678611406515,-0.0006123605587049497,0.005775678825870045,0.002262741699797213,0.0022627330109266453
1571.0,-1.1167064320654845,-1.1164765241341912,-0.022044980143576254,0.20786295114971765,0.013576450198781984,0.013574573837012988
1572.0,-1.1166967873866716,-1.1165674486142714,-0.01240030133065062,0.1169384710695276,0.010182337649086026,0.010181545976528919
1573.0,-1.1166971342315195,-1.1165641783411768,-0.012747146178604396,0.12020874416407423,0.01032375900532332,0.010322933889234874
1574.0,-1.116687152275992,-1.1166583070605602,-0.002765190651121685,0.026080024780661404,0.00480832611206874,0.004808242738183721
1575.0,-1.1166843894773737,-1.1166843645239055,-2.3920327940629704e-06,2.2561435386592166e-05,0.0001414213562370584,0.00014142135411576135
1576.0,-1.1166847315381552,-1.116681138253988,-0.0003444528142715342,0.0032488313528311608,0.0016970562748474486,0.001697052609219594
1577.0,-1.1166903671689297,-1.1166279881500825,-0.005980083588763563,0.05639893525843931,0.007071067811865717,0.007070802663946689
1578.0,-1.1166858821062378,-1.1166702864787363,-0.0014950208968578238,0.01410060660456125,0.003535533905932937,0.0035355007608377496
1579.0,-1.1167050757825265,-1.1164893089270076,-0.020688697185633487,0.1950781583333061,0.013152186130069514,0.013150480212345083
1580.0,-1.1166927137537304,-1.1166058597509498,-0.008326668389457836,0.0785273343910653,0.008343860018001048,0.008343424382524561
1581.0,-1.1166873173262992,-1.116656750443835,-0.002930240958320951,0.027636641505957016,0.004949747468305562,0.004949656519573966
1582.0,-1.1166849252928635,-1.116679310799927,-0.0005382075225490723,0.005076285413796455,0.0021213203435593696,0.002121313184144641
1583.0,-1.1166890180620719,-1.1166407109366858,-0.0046309767309793415,0.04367614865508074,0.006222539674441365,0.006222358980926251
1584.0,-1.1166978422734166,-1.1165575025705174,-0.013455188075717217,0.12688451482345542,0.010606601717797948,0.01060570691580064
1585.0,-1.1166845401754801,-1.1166829431564809,-0.0001530901392321482,0.0014439288600343048,0.0011313708498982729,0.0011313697637841044
1586.0,-1.1167008658036797,-1.1165289966933556,-0.016478718338763798,0.15539039198531057,0.011737972567696887,0.011736759840119258
1587.0,-1.1167020785646313,-1.1165175634378608,-0.017691479290427026,0.1668236474801077,0.012162236636408415,0.0121608876156161
1588.0,-1.1166855448295236,-1.1166734675247558,-0.0011577441827448354,0.010919560585076482,0.003111269837220545,0.003111247249683857
1589.0,-1.1166844731985437,-1.1166835748746067,-8.611320279072743e-05,0.0008122107342245499,0.0008485281374236458,0.0008485276792189762
1590.0,-1.1166844468861763,-1.1166838230499039,-5.9800835394696605e-05,0.0005640354370228806,0.0007071067811867444,0.0007071065160219317
1591.0,-1.1166852506094105,-1.1166762425039796,-0.0008635240695831214,0.008144581361335668,0.002687005768509134,0.0026869912185085464
1592.0,-1.1167033343821853,-1.116505724671217,-0.018947296844373795,0.17866241412400896,0.012586500705120808,0.012585005545977109
1593.0,-1.1166856524710282,-1.1166724522940852,-0.0012653856873434677,0.011934791255718835,0.003252691193458349,0.003252665383706412
1594.0,-1.1167012652732633,-1.1165252306675288,-0.016878187922397814,0.15915641781205636,0.011879393923934221,0.011878136838015765
1595.0,-1.1166855448295236,-1.1166734675247558,-0.0011577441827448354,0.010919560585076482,0.003111269837220545,0.003111247249683857
1596.0,-1.1166845808400487,-1.1166825596139036,-0.00019375470783344895,0.0018274714372878975,0.001272792206136038,0.0012727906596967987
1597.0,-1.1166911063072615,-1.116621017888089,-0.0067192219206368975,0.06336919725180579,0.007495331880577638,0.007495016087684245
1598.0,-1.1166882143388377,-1.1166482906943287,-0.0038272534967909166,0.03609639101220807,0.005656854249492149,0.005656718490601543
1599.0,-1.116688408093546,-1.1166464634159432,-0.004021008205068455,0.0379236693976992,0.0057982756057294435,0.005798129408558621
1600.0,-1.1166844731985446,-1.1166835748746062,-8.611320367890585e-05,0.0008122107346686391,0.0008485281374241168,0.0008485276792194471
1601.0,-1.1166892309530483,-1.1166387032314313,-0.004843867707382543,0.04568385390957275,0.006363961030678659,0.006363767735473824
1602.0,-1.1166935820618678,-1.1165976719298318,-0.00919497652684953,0.08671515550906506,0.0087681240867134,0.008767618566877564
1603.0,-1.1167279818947078,-1.1162734521583415,-0.04359480936688698,0.4109349269993956,0.019091883092036997,0.019086666304431895
1604.0,-1.1166901303576195,-1.116630221370896,-0.005743272278646572,0.054165714444831536,0.006929646455627952,0.006929396899889643
1605.0,-1.1166848559238938,-1.1166799650724801,-0.0004688385528694994,0.004422012860771929,0.0019798989873225465,0.0019798931664491313
1606.0,-1.1166849252928635,-1.116679310799927,-0.0005382075225490723,0.005076285413796455,0.002121320343559841,0.002121313184145112
1607.0,-1.1166843966534739,-1.1166842968396078,-9.568132952608721e-06,9.024573310867368e-05,0.0002828427124748234,0.00028284269550424995
1608.0,-1.1166849252928635,-1.116679310799927,-0.0005382075225490723,0.005076285413796455,0.0021213203435593696,0.002121313184144641
1609.0,-1.1166924338858184,-1.116608498842547,-0.008046800477501392,0.07588824279380901,0.008202438661763754,0.008202024802674146
1610.0,-1.1166845808400487,-1.1166825596139036,-0.00019375470783344895,0.0018274714372878975,0.001272792206136038,0.0012727906596967987
1611.0,-1.1166851621041736,-1.1166770772582368,-0.0007750188326660634,0.007309827104062805,0.0025455844122718404,0.002545572040835175
1612.0,-1.1167138593293027,-1.1164065206569793,-0.02947224396177006,0.27786642836158393,0.015697770542341116,0.015694870281960274
1613.0,-1.1166903671689297,-1.1166279881500825,-0.005980083588763563,0.05639893525843931,0.007071067811865717,0.007070802663946689
1614.0,-1.1166894486280903,-1.1166366504214027,-0.005061542749373871,0.04773666393820264,0.006505382386916502,0.006505175917365745
1615.0,-1.116686130877715,-1.1166679401942678,-0.0017437923740537542,0.016446891073051972,0.0038183766184071324,0.0038183348652450367
1616.0,-1.1166880253681963,-1.116650072864143,-0.003638282855433772,0.034314221197817574,0.005515432893254855,0.005515307063597465
1617.0,-1.1166898983303764,-1.116632409490296,-0.005511245035449974,0.051977595044938596,0.006788225099390658,0.006787990512293603
1618.0,-1.1166843894773737,-1.1166843645239055,-2.3920327940629704e-06,2.2561435386592166e-05,0.00014142135623752944,0.00014142135411623238
1619.0,-1.1167000812167127,-1.1165363935595387,-0.01569413137181286,0.1479935258021925,0.011455129855222299,0.01145400268965826
1620.0,-1.1166890180620723,-1.1166407109366858,-0.004630976731423431,0.04367614865508074,0.006222539674441836,0.006222358980926722
1621.0,-1.1166850783830036,-1.1166778668925192,-0.000691297662669399,0.006520192821657389,0.0024041630560345073,0.0024041526340654756
1622.0,-1.1166996960993294,-1.1165400243969672,-0.015309013988495934,0.14436268837370037,0.011313708498984535,0.011312622562505181
1623.0,-1.116708788218419,-1.1164543153582906,-0.024401133078111314,0.2300717270502517,0.014283556979968021,0.014281371957281202
1624.0,-1.1167012652732633,-1.1165252306675288,-0.016878187922397814,0.15915641781205636,0.01187939392393375,0.011878136838015294
1625.0,-1.1167000812167127,-1.1165363935595387,-0.01569413137181286,0.1479935258021925,0.011455129855222299,0.01145400268965826
1626.0,-1.116686130877715,-1.1166679401942678,-0.0017437923740537542,0.016446891073051972,0.0038183766184071324,0.0038183348652450367
1627.0,-1.1166854419720855,-1.1166744376368816,-0.0010548867446225074,0.00994944845933432,0.0029698484809832513,0.002969828835659351
1628.0,-1.1166898983303764,-1.116632409490296,-0.005511245035449974,0.051977595044938596,0.006788225099390658,0.006787990512293603
1629.0,-1.1166863987854598,-1.1166654134443954,-0.002011700118931259,0.018973640945496584,0.004101219330881759,0.004101167595123889
1630.0,-1.1166896710872,-1.1166345525074144,-0.00528400185917377,0.049834577926510804,0.006646803743153325,0.006646583513878736
1631.0,-1.1166854419720855,-1.1166744376368816,-0.0010548867446225074,0.00994944845933432,0.0029698484809832513,0.002969828835659351
1632.0,-1.1167073601744577,-1.1164677757333568,-0.022973089116806733,0.21661135198414172,0.013859292911256572,0.01385729683673201
1633.0,-1.1166848559238938,-1.1166799650724801,-0.0004688385528694994,0.004422012860771929,0.0019798989873220756,0.0019798931664486603
1634.0,-1.1166894486280903,-1.1166366504214027,-0.005061542749373871,0.04773666393820264,0.006505382386916502,0.006505175917365745
1635.0,-1.1166857648965998,-1.1166713919452724,-0.0013778112588624936,0.012995140068472466,0.003394112549695172,0.003394083224999144
1636.0,-1.1166848559238938,-1.1166799650724801,-0.0004688385528694994,0.004422012860771929,0.0019798989873225465,0.0019798931664491313
1637.0,-1.1166878411816215,-1.1166518099246794,-0.003454096280552932,0.03257716066151772,0.005374011537018033,0.00537389514027
1638.0,-1.1166911063072615,-1.116621017888089,-0.0067192219206368975,0.06336919725180579,0.007495331880577638,0.007495016087684245
1639.0,-1.1166882143388377,-1.1166482906943287,-0.0038272534967909166,0.03609639101220807,0.005656854249492149,0.005656718490601543
1640.0,-1.1166843966534743,-1.1166842968396078,-9.568133396697931e-06,9.024573310867368e-05,0.00028284271247435236,0.0002828426955037789
1641.0,-1.1166918885021948,-1.1166136417462815,-0.007501416853905596,0.07074533905937486,0.007919595949289128,0.00791922344167338
1642.0,-1.116688408093546,-1.1166464634159432,-0.004021008205068455,0.0379236693976992,0.0057982756057299144,0.005798129408559092
1643.0,-1.1166849252928635,-1.116679310799927,-0.0005382075225490723,0.005076285413796455,0.0021213203435593696,0.002121313184144641
1644.0,-1.116699315766013,-1.1165436101686979,-0.014928680672099404,0.14077691664304837,0.01117228714274724,0.011171241417679754
1645.0,-1.1166880253681963,-1.116650072864143,-0.003638282855433772,0.034314221197817574,0.005515432893254855,0.005515307063597465
1646.0,-1.1166908551437507,-1.1166233864077681,-0.006468058409758726,0.0610006775727534,0.007353910524339834,0.007353612270562702
1647.0,-1.1166906087643071,-1.1166257098287389,-0.006221678966245037,0.058677256602024386,0.0072124891681030106,0.007212207791744392
1648.0,-1.1166868365275788,-1.116661284955796,-0.002449442237928423,0.023102129544927408,0.0045254833995936414,0.004525413890007469
1649.0,-1.1166848559238938,-1.1166799650724801,-0.0004688385528694994,0.004422012860771929,0.0019798989873220756,0.0019798931664486603
1650.0,-1.1166856524710282,-1.1166724522940852,-0.0012653856873434677,0.011934791255718835,0.0032526911934578785,0.0032526653837059412
1651.0,-1.1166896710872,-1.1166345525074148,-0.00528400185917377,0.049834577926066714,0.006646803743153796,0.006646583513879207
1652.0,-1.116686130877715,-1.1166679401942678,-0.0017437923740537542,0.016446891073051972,0.0038183766184071324,0.0038183348652450367
1653.0,-1.116684791338991,-1.1166805742239139,-0.00040425365011032,0.0038128614270327432,0.001838477631084782,0.0018384729705643137
1654.0,-1.1166873173262992,-1.116656750443835,-0.002930240958320951,0.027636641505957016,0.004949747468305562,0.004949656519573966
1655.0,-1.1166921588019734,-1.1166110928413335,-0.007771716632465342,0.07329424400737139,0.008061017305526892,0.008060624484818509
1656.0,-1.1166846765213863,-1.116681657162478,-0.00028943604535314194,0.0027299228628763217,0.001555634918610626,0.0015556320951421341
1657.0,-1.116696108049176,-1.1165738539295171,-0.01172096383506016,0.11053315582376655,0.00989949493661144,0.009898767415823627
1658.0,-1.1166846262886838,-1.1166821309491795,-0.00023920334291105405,0.0022561361614492625,0.0014142135623733318,0.0014142114410583848
1659.0,-1.1166844731985437,-1.1166835748746067,-8.611320279072743e-05,0.0008122107342245499,0.0008485281374236458,0.0008485276792189762
1660.0,-1.1166866858294724,-1.1166627062331256,-0.002298744131490338,0.021680852215322233,0.004384062043356818,0.0043839988486713
1661.0,-1.1167122877633355,-1.1164213317903693,-0.02790067799463003,0.26305529497161473,0.015273506473629198,0.015270835025856638
1662.0,-1.116691622986484,-1.1166161455563817,-0.007235901143154422,0.06824152895923419,0.007778174593052226,0.007777821685957921
1663.0,-1.1167211669914492,-1.1163376584488867,-0.0367799061082863,0.346728636454241,0.017536248173426135,0.01753220521895605
1664.0,-1.1166845808400487,-1.1166825596139036,-0.00019375470783344895,0.0018274714372878975,0.0012727922061355668,0.0012727906596963277
1665.0,-1.116693287841755,-1.1166004462935208,-0.008900756414131905,0.08394079182005854,0.008626702730475637,0.00862622127734209
1666.0,-1.1167050757825265,-1.1164893089270076,-0.020688697185633487,0.1950781583333061,0.013152186130069984,0.013150480212345555
1667.0,-1.1167194088468735,-1.1163542246840858,-0.035021761532583184,0.3301624012550519,0.017111984104714213,0.017108227477088584
1668.0,-1.1166918885021948,-1.1166136417462815,-0.007501416853905596,0.07074533905937486,0.007919595949289128,0.00791922344167338
1669.0,-1.1166843966534743,-1.1166842968396078,-9.568133396697931e-06,9.024573310867368e-05,0.00028284271247435236,0.0002828426955037789
1670.0,-1.1166845401754806,-1.1166829431564809,-0.0001530901396762374,0.0014439288600343048,0.001131370849898744,0.0011313697637845754
1671.0,-1.1166845042949785,-1.1166832815767602,-0.00011720963755124103,0.0011055085806788156,0.0009899494936609398,0.0009899487660489212
1672.0,-1.1166858821062378,-1.1166702864787363,-0.0014950208968578238,0.01410060660456125,0.003535533905932937,0.0035355007608377496
1673.0,-1.1166852506094105,-1.1166762425039796,-0.0008635240695831214,0.008144581361335668,0.002687005768508663,0.0026869912185080755
1674.0,-1.1166846262886838,-1.1166821309491795,-0.00023920334291105405,0.0022561361614492625,0.0014142135623728608,0.0014142114410579138
1675.0,-1.1166849994458996,-1.116678611406515,-0.0006123605587049497,0.005775678825870045,0.0022627416997967422,0.0022627330109261743
1676.0,-1.116686130877715,-1.1166679401942678,-0.0017437923740537542,0.016446891073051972,0.0038183766184071324,0.0038183348652450367
1677.0,-1.1167199901109988,-1.1163487475949676,-0.03560302565785989,0.3356394903732962,0.017253405460951977,0.017249554946089183
1678.0,-1.1166865399154329,-1.1166640823961735,-0.002152830091972646,0.020304689167360834,0.004242640687119524,0.004242583412801738
1679.0,-1.116693287841755,-1.1166004462935208,-0.008900756414131905,0.08394079182005854,0.008626702730475637,0.00862622127734209
1680.0,-1.1166856524710282,-1.1166724522940852,-0.0012653856873434677,0.011934791255718835,0.0032526911934578785,0.0032526653837059412
1681.0,-1.1166845808400487,-1.1166825596139036,-0.00019375470783344895,0.0018274714372878975,0.001272792206136038,0.0012727906596967987
1682.0,-1.1167016695269139,-1.1165214195818605,-0.017282441572952223,0.16296750348043787,0.012020815280171515,0.012019512767416578
1683.0,-1.1166873173262992,-1.116656750443835,-0.002930240958320951,0.027636641505957016,0.004949747468306033,0.0049496565195744375
1684.0,-1.1166844731985437,-1.1166835748746067,-8.611320279072743e-05,0.0008122107342245499,0.0008485281374236458,0.0008485276792189762
1685.0,-1.1166929984057092,-1.1166031755675867,-0.008611320368334674,0.08121151775419833,0.008485281374238813,0.008484823211653114
1686.0,-1.1166908551437507,-1.1166233864077681,-0.006468058409758726,0.0610006775727534,0.0073539105243403055,0.007353612270563173
1687.0,-1.1166874871606733,-1.1166551487151866,-0.0031000753324406105,0.02923837015433861,0.005091168824543406,0.005091069855534986
1688.0,-1.1166854419720855,-1.1166744376368816,-0.0010548867446225074,0.00994944845933432,0.0029698484809837222,0.0029698288356598216
1689.0,-1.1166860040999427,-1.1166691358949157,-0.0016170146017735476,0.015251190425225047,0.0036769552621703093,0.0036769179784950107
1690.0,-1.116687661779114,-1.1166535018752506,-0.0032746937730365744,0.03088521009031453,0.0052325901807807,0.005232482733341436
1691.0,-1.116688408093546,-1.1166464634159432,-0.004021008205068455,0.0379236693976992,0.0057982756057299144,0.005798129408559092
1692.0,-1.1167165742872522,-1.1163809352043463,-0.03218720191133784,0.3034518809945652,0.016404877323527706,0.01640156731362543
1693.0,-1.1166850783830036,-1.1166778668925192,-0.000691297662669399,0.006520192821657389,0.0024041630560345073,0.0024041526340654756
1694.0,-1.1166853438987148,-1.1166753626300787,-0.0009568133738646623,0.009024455262185427,0.002828427124745957,0.0028284101543585246
1695.0,-1.1166844468861763,-1.1166838230499039,-5.9800835394696605e-05,0.0005640354370228806,0.0007071067811867444,0.0007071065160219317
1696.0,-1.1166852506094105,-1.1166762425039796,-0.0008635240695831214,0.008144581361335668,0.002687005768508663,0.0026869912185080755
1697.0,-1.1166844086136414,-1.1166841840324757,-2.1528300475637252e-05,0.0002030528651886243,0.00042426406871168553,0.0004242640114359913
1698.0,-1.1166944934266065,-1.1165890783121108,-0.010106341265636587,0.09530877323005171,0.009192388155424851,0.00919180565140224
1699.0,-1.1166857648965993,-1.116671391945272,-0.0013778112584184043,0.012995140068916555,0.003394112549695643,0.003394083224999615
1700.0,-1.1166844086136414,-1.1166841840324762,-2.1528300475637252e-05,0.0002030528647445351,0.00042426406871215656,0.00042426401143646233
1701.0,-1.1166857648965998,-1.1166713919452724,-0.0013778112588624936,0.012995140068472466,0.003394112549695172,0.003394083224999144
1702.0,-1.1166924338858184,-1.116608498842547,-0.008046800477501392,0.07588824279380901,0.008202438661763754,0.008202024802674146
1703.0,-1.1166851621041736,-1.1166770772582368,-0.0007750188326660634,0.007309827104062805,0.0025455844122718404,0.002545572040835175
1704.0,-1.1166844086136414,-1.1166841840324757,-2.1528300475637252e-05,0.0002030528651886243,0.00042426406871168553,0.0004242640114359913
1705.0,-1.1166855448295236,-1.1166734675247558,-0.0011577441827448354,0.010919560585076482,0.003111269837220545,0.003111247249683857
1706.0,-1.1166844468861763,-1.1166838230499039,-5.9800835394696605e-05,0.0005640354370228806,0.0007071067811867444,0.0007071065160219317
1707.0,-1.1167107592539698,-1.1164357377553666,-0.026372168628885362,0.24864932997425981,0.014849242404917237,0.014846787410634027
1708.0,-1.1166873173262992,-1.116656750443835,-0.002930240958320951,0.027636641505957016,0.004949747468305562,0.004949656519573966
1709.0,-1.1166849994458996,-1.116678611406515,-0.0006123605587049497,0.005775678825870045,0.002262741699797213,0.0022627330109266453
1710.0,-1.1166844253578754,-1.1166840261025532,-3.8272534474970143e-05,0.0003609827876616123,0.0005656854249489794,0.0005656852891844476
1711.0,-1.1166845401754801,-1.1166829431564809,-0.0001530901392321482,0.0014439288600343048,0.0011313708498982729,0.0011313697637841044
1712.0,-1.1166903671689297,-1.1166279881500825,-0.005980083588763563,0.05639893525843931,0.007071067811865717,0.007070802663946689
1713.0,-1.1166846765213863,-1.116681657162478,-0.00028943604535314194,0.0027299228628763217,0.0015556349186101547,0.0015556320951416631
1714.0,-1.1166871522759925,-1.1166583070605602,-0.0027651906515657743,0.026080024780661404,0.004808326112068269,0.00480824273818325
1715.0,-1.116684791338991,-1.1166805742239143,-0.00040425365011032,0.003812861426588654,0.0018384776310852529,0.0018384729705647846
1716.0,-1.1166855448295236,-1.1166734675247558,-0.0011577441827448354,0.010919560585076482,0.003111269837220545,0.003111247249683857
1717.0,-1.116684791338991,-1.1166805742239143,-0.00040425365011032,0.003812861426588654,0.0018384776310852529,0.0018384729705647846
1718.0,-1.1166846765213863,-1.116681657162478,-0.00028943604535314194,0.0027299228628763217,0.0015556349186101547,0.0015556320951416631
1719.0,-1.116698569451581,-1.1165506465094057,-0.014182366240067523,0.13374057593518174,0.010889444430272614,0.010888476125839538
1720.0,-1.1166843966534739,-1.1166842968396078,-9.568132952608721e-06,9.024573310867368e-05,0.0002828427124748234,0.00028284269550424995
1721.0,-1.1166844731985446,-1.1166835748746062,-8.611320367890585e-05,0.0008122107346686391,0.0008485281374241168,0.0008485276792194471
1722.0,-1.1166921588019734,-1.1166110928413335,-0.007771716632465342,0.07329424400737139,0.008061017305526892,0.008060624484818509
1723.0,-1.1166844253578754,-1.1166840261025532,-3.8272534474970143e-05,0.0003609827876616123,0.0005656854249489794,0.0005656852891844476
1724.0,-1.1166878411816215,-1.1166518099246794,-0.003454096280552932,0.03257716066151772,0.005374011537018033,0.00537389514027
1725.0,-1.1166911063072615,-1.116621017888089,-0.0067192219206368975,0.06336919725180579,0.007495331880577638,0.007495016087684245
1726.0,-1.1166880253681963,-1.116650072864143,-0.003638282855433772,0.034314221197817574,0.005515432893254855,0.005515307063597465
1727.0,-1.1166863987854598,-1.1166654134443954,-0.002011700118931259,0.018973640945496584,0.00410121933088223,0.00410116759512436
1728.0,-1.1166924338858184,-1.116608498842547,-0.008046800477501392,0.07588824279380901,0.008202438661763754,0.008202024802674146
1729.0,-1.1166846262886838,-1.1166821309491795,-0.00023920334291105405,0.0022561361614492625,0.0014142135623733318,0.0014142114410583848
1730.0,-1.116693287841755,-1.1166004462935208,-0.008900756414131905,0.08394079182005854,0.008626702730476107,0.00862622127734256
1731.0,-1.1166857648965998,-1.1166713919452724,-0.0013778112588624936,0.012995140068472466,0.003394112549695172,0.003394083224999144
1732.0,-1.1166852506094105,-1.1166762425039796,-0.0008635240695831214,0.008144581361335668,0.002687005768509134,0.0026869912185085464
1733.0,-1.1166967873866716,-1.1165674486142714,-0.01240030133065062,0.1169384710695276,0.010182337649086498,0.010181545976529389
1734.0,-1.1166890180620719,-1.1166407109366858,-0.0046309767309793415,0.04367614865508074,0.006222539674441365,0.006222358980926251
1735.0,-1.1166898983303764,-1.116632409490296,-0.005511245035449974,0.051977595044938596,0.006788225099391129,0.006787990512294074
1736.0,-1.1166856524710282,-1.1166724522940852,-0.0012653856873434677,0.011934791255718835,0.0032526911934578785,0.0032526653837059412
1737.0,-1.1166918885021948,-1.1166136417462815,-0.007501416853905596,0.07074533905937486,0.007919595949289598,0.00791922344167385
1738.0,-1.1166844086136414,-1.1166841840324757,-2.1528300475637252e-05,0.0002030528651886243,0.00042426406871168553,0.0004242640114359913
1739.0,-1.1166906087643071,-1.1166257098287389,-0.006221678966245037,0.058677256602024386,0.0072124891681030106,0.007212207791744392
1740.0,-1.1167020785646313,-1.1165175634378608,-0.017691479290427026,0.1668236474801077,0.012162236636408415,0.0121608876156161
1741.0,-1.1167064320654845,-1.1164765241341912,-0.022044980143576254,0.20786295114971765,0.013576450198781984,0.013574573837012988
1742.0,-1.1166846262886838,-1.1166821309491795,-0.00023920334291105405,0.0022561361614492625,0.0014142135623733318,0.0014142114410583848
1743.0,-1.116687661779114,-1.1166535018752506,-0.0032746937730365744,0.03088521009031453,0.0052325901807807,0.005232482733341436
1744.0,-1.1166971342315195,-1.1165641783411768,-0.012747146178604396,0.12020874416407423,0.01032375900532332,0.010322933889234874
1745.0,-1.1166849994458996,-1.116678611406515,-0.0006123605587049497,0.005775678825870045,0.002262741699797213,0.0022627330109266453
1746.0,-1.1166874871606733,-1.1166551487151866,-0.0031000753324406105,0.02923837015433861,0.005091168824542935,0.005091069855534515
1747.0,-1.1166874871606733,-1.1166551487151866,-0.0031000753324406105,0.02923837015433861,0.005091168824543406,0.005091069855534986
1748.0,-1.1166844086136414,-1.1166841840324762,-2.1528300475637252e-05,0.0002030528647445351,0.00042426406871215656,0.00042426401143646233
1749.0,-1.1166846262886838,-1.1166821309491795,-0.00023920334291105405,0.0022561361614492625,0.0014142135623733318,0.0014142114410583848
1750.0,-1.116686130877715,-1.1166679401942678,-0.0017437923740537542,0.016446891073051972,0.0038183766184076034,0.0038183348652455077
1751.0,-1.1166878411816215,-1.1166518099246794,-0.003454096280552932,0.03257716066151772,0.005374011537018033,0.00537389514027
1752.0,-1.1166964453258905,-1.1165706738108105,-0.012058240549617238,0.11371327453035818,0.010040916292849204,0.010040157147821789
1753.0,-1.1166869920097522,-1.116659818564747,-0.002604924411286902,0.02456852059395942,0.0046669047558314455,0.004666828524086877
1754.0,-1.1166848559238938,-1.1166799650724801,-0.0004688385528694994,0.004422012860771929,0.0019798989873225465,0.0019798931664491313
1755.0,-1.1166849252928635,-1.116679310799927,-0.0005382075225490723,0.005076285413796455,0.0021213203435593696,0.002121313184144641
1756.0,-1.1166903671689297,-1.1166279881500825,-0.005980083588763563,0.05639893525843931,0.007071067811865717,0.007070802663946689
1757.0,-1.1166890180620719,-1.1166407109366858,-0.0046309767309793415,0.04367614865508074,0.006222539674441365,0.006222358980926251
1758.0,-1.1167149309602822,-1.1163964215004847,-0.03054387494128008,0.28796558485622015,0.015980613254816176,0.015977553417336428
1759.0,-1.1166843870853405,-1.11668438708534,4.440892098500626e-13,8.881784197001252e-13,2.9373740229761033e-16,4.577566798522237e-16
1760.0,-1.116697842273417,-1.1165575025705174,-0.013455188076161306,0.12688451482345542,0.010606601717798418,0.01060570691580111
1761.0,-1.1166843894773737,-1.1166843645239055,-2.3920327940629704e-06,2.2561435386592166e-05,0.00014142135623752944,0.00014142135411623238
1762.0,-1.1166843894773737,-1.1166843645239055,-2.3920327940629704e-06,2.2561435386592166e-05,0.0001414213562370584,0.00014142135411576135
1763.0,-1.1166845808400487,-1.1166825596139036,-0.00019375470783344895,0.0018274714372878975,0.0012727922061355668,0.0012727906596963277
1764.0,-1.1166865399154324,-1.1166640823961735,-0.002152830091528557,0.020304689167360834,0.004242640687119053,0.004242583412801267
1765.0,-1.1166896710872,-1.1166345525074148,-0.00528400185917377,0.049834577926066714,0.006646803743153796,0.006646583513879207
1766.0,-1.116693287841755,-1.1166004462935208,-0.008900756414131905,0.08394079182005854,0.008626702730475637,0.00862622127734209
1767.0,-1.1166967873866716,-1.1165674486142714,-0.01240030133065062,0.1169384710695276,0.010182337649086026,0.010181545976528919
1768.0,-1.1166865399154324,-1.1166640823961735,-0.002152830091528557,0.020304689167360834,0.004242640687119053,0.004242583412801267
1769.0,-1.1166857648965998,-1.1166713919452724,-0.0013778112588624936,0.012995140068472466,0.003394112549695172,0.003394083224999144
1770.0,-1.1166843966534743,-1.1166842968396078,-9.568133396697931e-06,9.024573310867368e-05,0.00028284271247435236,0.0002828426955037789
1771.0,-1.1166913622548393,-1.1166186042706423,-0.006975169498435463,0.06578281469860059,0.007636753236814461,0.007636419230388242
1772.0,-1.1166860040999427,-1.1166691358949157,-0.0016170146017735476,0.015251190425225047,0.0036769552621703093,0.0036769179784950107
1773.0,-1.116697842273417,-1.1165575025705174,-0.013455188076161306,0.12688451482345542,0.010606601717798418,0.01060570691580111
1774.0,-1.1166850783830036,-1.1166778668925192,-0.000691297662669399,0.006520192821657389,0.0024041630560345073,0.0024041526340654756
1775.0,-1.1166845401754806,-1.1166829431564809,-0.0001530901396762374,0.0014439288600343048,0.001131370849898744,0.0011313697637845754
1776.0,-1.1166845401754801,-1.1166829431564809,-0.0001530901392321482,0.0014439288600343048,0.0011313708498982729,0.0011313697637841044
1777.0,-1.1166880253681963,-1.116650072864143,-0.003638282855433772,0.034314221197817574,0.005515432893255327,0.0055153070635979365
1778.0,-1.1167176937589005,-1.116370385989815,-0.0333066735596077,0.3140010955258177,0.016687720036002763,0.016684235891978802
1779.0,-1.1167097641680606,-1.1164451166130864,-0.02537708271965755,0.2392704722544714,0.014566399692443081,0.014564082303515998
1780.0,-1.1166886066323207,-1.11664459102971,-0.004219546979822297,0.03979605563086963,0.0059396969619667376,0.005939539804746718
1781.0,-1.1166890180620719,-1.1166407109366858,-0.0046309767309793415,0.04367614865508074,0.006222539674441365,0.006222358980926251
1782.0,-1.1166844086136414,-1.1166841840324762,-2.1528300475637252e-05,0.0002030528647445351,0.00042426406871215656,0.00042426401143646233
1783.0,-1.1166846765213863,-1.116681657162478,-0.00028943604535314194,0.0027299228628763217,0.001555634918610626,0.0015556320951421341
1784.0,-1.1166846262886838,-1.1166821309491795,-0.00023920334291105405,0.0022561361614492625,0.0014142135623728608,0.0014142114410579138
1785.0,-1.1166896710872,-1.1166345525074148,-0.00528400185917377,0.049834577926066714,0.006646803743153796,0.006646583513879207
1786.0,-1.1166849994458996,-1.116678611406515,-0.0006123605587049497,0.005775678825870045,0.002262741699797213,0.0022627330109266453
1787.0,-1.1166944934266065,-1.1165890783121108,-0.010106341265636587,0.09530877323005171,0.009192388155424851,0.00919180565140224
1788.0,-1.1167004711181625,-1.11653271765785,-0.016084032821606087,0.15166942749100798,0.011596551211459123,0.011595381786431132
1789.0,-1.1166924338858184,-1.116608498842547,-0.008046800477501392,0.07588824279380901,0.008202438661763754,0.008202024802674146
1790.0,-1.1166858821062378,-1.116670286478736,-0.0014950208968578238,0.01410060660500534,0.003535533905932466,0.003535500760837278
1791.0,-1.116694184854294,-1.1165919879380017,-0.00979776895304596,0.09239914733916166,0.009050966799188029,0.009050410766622415
1792.0,-1.1166846262886838,-1.1166821309491795,-0.00023920334291105405,0.0022561361614492625,0.0014142135623728608,0.0014142114410579138
1793.0,-1.1167008658036792,-1.1165289966933556,-0.01647871833831971,0.15539039198531057,0.011737972567696417,0.011736759840118788
1794.0,-1.116698569451581,-1.1165506465094057,-0.014182366240067523,0.13374057593518174,0.010889444430272614,0.010888476125839538
1795.0,-1.1166856524710282,-1.1166724522940852,-0.0012653856873434677,0.011934791255718835,0.003252691193458349,0.003252665383706412
1796.0,-1.1166843894773737,-1.1166843645239055,-2.3920327940629704e-06,2.2561435386592166e-05,0.00014142135623752944,0.00014142135411623238
1797.0,-1.1167008658036797,-1.1165289966933556,-0.016478718338763798,0.15539039198531057,0.011737972567696887,0.011736759840119258
1798.0,-1.1166854419720855,-1.1166744376368816,-0.0010548867446225074,0.00994944845933432,0.0029698484809832513,0.002969828835659351
1799.0,-1.1166863987854598,-1.1166654134443954,-0.002011700118931259,0.018973640945496584,0.00410121933088223,0.00410116759512436
1800.0,-1.1166892309530478,-1.1166387032314313,-0.004843867706938454,0.04568385390957275,0.00636396103067913,0.006363767735474296
1801.0,-1.1166882143388377,-1.1166482906943287,-0.0038272534967909166,0.03609639101220807,0.005656854249492149,0.005656718490601543
1802.0,-1.116693287841755,-1.1166004462935208,-0.008900756414131905,0.08394079182005854,0.008626702730476107,0.00862622127734256
1803.0,-1.1166957755565283,-1.1165769889691313,-0.011388471187423477,0.1073981162096338,0.009758073580374615,0.00975737679324763
1804.0,-1.1166908551437507,-1.1166233864077681,-0.006468058409758726,0.0610006775727534,0.007353910524339834,0.007353612270562702
1805.0,-1.1166846262886838,-1.1166821309491795,-0.00023920334291105405,0.0022561361614492625,0.0014142135623728608,0.0014142114410579138
1806.0,-1.116704195514222,-1.1164976068969166,-0.019808428881162854,0.1867801884243292,0.012869343417594926,0.01286774519399133
1807.0,-1.11669013035762,-1.116630221370896,-0.005743272279090661,0.054165714444831536,0.006929646455628423,0.006929396899890114
1808.0,-1.1166845401754801,-1.1166829431564809,-0.0001530901392321482,0.0014439288600343048,0.0011313708498982729,0.0011313697637841044
1809.0,-1.1166876617791144,-1.116653501875251,-0.0032746937734806636,0.03088521008987044,0.005232590180780229,0.0052324827333409644
1810.0,-1.1166844253578754,-1.1166840261025537,-3.8272534474970143e-05,0.0003609827872175231,0.0005656854249494505,0.0005656852891849185
1811.0,-1.1166898983303764,-1.116632409490296,-0.005511245035449974,0.051977595044938596,0.006788225099390658,0.006787990512293603
1812.0,-1.1166951249234338,-1.1165831238061372,-0.01073783809291129,0.10126327920367828,0.009475230867899517,0.009474592927207044
1813.0,-1.1166851621041736,-1.1166770772582368,-0.0007750188326660634,0.007309827104062805,0.0025455844122713694,0.002545572040834704
1814.0,-1.1166896710872,-1.1166345525074148,-0.00528400185917377,0.049834577926066714,0.006646803743153796,0.006646583513879207
1815.0,-1.1167033343821848,-1.116505724671217,-0.018947296843929706,0.17866241412400896,0.012586500705120336,0.012585005545976639
1816.0,-1.1166844731985446,-1.1166835748746062,-8.611320367890585e-05,0.0008122107346686391,0.0008485281374241168,0.0008485276792194471
1817.0,-1.116686130877715,-1.1166679401942678,-0.0017437923740537542,0.016446891073051972,0.0038183766184076034,0.0038183348652455077
1818.0,-1.1166935820618678,-1.1165976719298318,-0.00919497652684953,0.08671515550906506,0.0087681240867134,0.008767618566877564
1819.0,-1.1166848559238938,-1.1166799650724801,-0.0004688385528694994,0.004422012860771929,0.0019798989873220756,0.0019798931664486603
1820.0,-1.1166857648965993,-1.116671391945272,-0.0013778112584184043,0.012995140068916555,0.003394112549695643,0.003394083224999615
1821.0,-1.1166871522759925,-1.1166583070605602,-0.0027651906515657743,0.026080024780661404,0.004808326112068269,0.00480824273818325
1822.0,-1.1167012652732633,-1.1165252306675288,-0.016878187922397814,0.15915641781205636,0.011879393923934221,0.011878136838015765
1823.0,-1.1166971342315195,-1.1165641783411768,-0.012747146178604396,0.12020874416407423,0.01032375900532332,0.010322933889234874
1824.0,-1.1166974858604353,-1.1165608629928214,-0.013098775094366744,0.12352409251947805,0.010465180361561124,0.01046432087322949
1825.0,-1.1167102593189817,-1.1164404496973699,-0.02587223364081126,0.24393738797101605,0.014707821048679941,0.014705435518310855
1826.0,-1.116693287841755,-1.1166004462935208,-0.008900756414131905,0.08394079182005854,0.008626702730476107,0.00862622127734256
1827.0,-1.1166948067829865,-1.116586123601099,-0.010419697645591697,0.09826348424191167,0.009333809511662695,0.009333199709169156
1828.0,-1.1166860040999427,-1.1166691358949157,-0.0016170146017735476,0.015251190425225047,0.0036769552621703093,0.0036769179784950107
1829.0,-1.1166846765213863,-1.116681657162478,-0.00028943604535314194,0.0027299228628763217,0.001555634918610626,0.0015556320951421341
1830.0,-1.1166866858294724,-1.1166627062331256,-0.002298744131490338,0.021680852215322233,0.004384062043356818,0.0043839988486713
1831.0,-1.116698940216764,-1.1165471508733114,-0.014553131423067356,0.1372362120295456,0.011030865786510378,0.01102985926788904
1832.0,-1.1166849994458996,-1.116678611406515,-0.0006123605587049497,0.005775678825870045,0.0022627416997967422,0.0022627330109261743
1833.0,-1.1166894486280903,-1.1166366504214027,-0.005061542749373871,0.04773666393820264,0.006505382386916031,0.006505175917365274
1834.0,-1.1166855448295236,-1.1166734675247558,-0.0011577441827448354,0.010919560585076482,0.003111269837220545,0.003111247249683857
1835.0,-1.1166929984057092,-1.1166031755675867,-0.008611320368334674,0.08121151775419833,0.008485281374238342,0.008484823211652644
1836.0,-1.1166856524710282,-1.1166724522940852,-0.0012653856873434677,0.011934791255718835,0.0032526911934578785,0.0032526653837059412
1837.0,-1.1166906087643071,-1.1166257098287389,-0.006221678966245037,0.058677256602024386,0.0072124891681030106,0.007212207791744392
1838.0,-1.1166967873866716,-1.1165674486142714,-0.01240030133065062,0.1169384710695276,0.010182337649086498,0.010181545976529389
1839.0,-1.1166869920097522,-1.116659818564747,-0.002604924411286902,0.02456852059395942,0.0046669047558309746,0.004666828524086406
1840.0,-1.1166882143388377,-1.1166482906943287,-0.0038272534967909166,0.03609639101220807,0.005656854249492621,0.005656718490602014
1841.0,-1.1166846765213863,-1.116681657162478,-0.00028943604535314194,0.0027299228628763217,0.001555634918610626,0.0015556320951421341
1842.0,-1.1166951249234338,-1.1165831238061372,-0.01073783809291129,0.10126327920367828,0.009475230867899517,0.009474592927207044
1843.0,-1.1166869920097522,-1.116659818564747,-0.002604924411286902,0.02456852059395942,0.0046669047558314455,0.004666828524086877
1844.0,-1.1166857648965993,-1.116671391945272,-0.0013778112584184043,0.012995140068916555,0.003394112549695643,0.003394083224999615
1845.0,-1.1166855448295236,-1.1166734675247558,-0.0011577441827448354,0.010919560585076482,0.003111269837220545,0.003111247249683857
1846.0,-1.116692158801973,-1.1166110928413335,-0.007771716632021253,0.07329424400737139,0.00806101730552642,0.008060624484818039
1847.0,-1.1166860040999427,-1.1166691358949157,-0.0016170146017735476,0.015251190425225047,0.0036769552621703093,0.0036769179784950107
1848.0,-1.1166894486280903,-1.1166366504214027,-0.005061542749373871,0.04773666393820264,0.006505382386916031,0.006505175917365274
1849.0,-1.1166957755565283,-1.1165769889691313,-0.011388471187423477,0.1073981162096338,0.009758073580374615,0.00975737679324763
1850.0,-1.1166854419720855,-1.1166744376368816,-0.0010548867446225074,0.00994944845933432,0.0029698484809837222,0.0029698288356598216
1851.0,-1.116693287841755,-1.1166004462935208,-0.008900756414131905,0.08394079182005854,0.008626702730475637,0.00862622127734209
1852.0,-1.1166856524710282,-1.1166724522940852,-0.0012653856873434677,0.011934791255718835,0.003252691193458349,0.003252665383706412
1853.0,-1.116693287841755,-1.1166004462935208,-0.008900756414131905,0.08394079182005854,0.008626702730475637,0.00862622127734209
1854.0,-1.1166846262886838,-1.1166821309491795,-0.00023920334291105405,0.0022561361614492625,0.0014142135623728608,0.0014142114410579138
1855.0,-1.1166860040999427,-1.1166691358949157,-0.0016170146017735476,0.015251190425225047,0.0036769552621703093,0.0036769179784950107
1856.0,-1.1166908551437507,-1.1166233864077681,-0.006468058409758726,0.0610006775727534,0.007353910524339834,0.007353612270562702
1857.0,-1.1166882143388377,-1.1166482906943287,-0.0038272534967909166,0.03609639101220807,0.005656854249492621,0.005656718490602014
1858.0,-1.1166857648965998,-1.1166713919452724,-0.0013778112588624936,0.012995140068472466,0.003394112549695172,0.003394083224999144
1859.0,-1.1166890180620719,-1.1166407109366858,-0.0046309767309793415,0.04367614865508074,0.006222539674441365,0.006222358980926251
1860.0,-1.1166852506094105,-1.1166762425039796,-0.0008635240695831214,0.008144581361335668,0.002687005768508663,0.0026869912185080755
1861.0,-1.1167165742872522,-1.116380935204346,-0.03218720191133784,0.3034518809950093,0.016404877323528175,0.016401567313625902
1862.0,-1.1166846262886838,-1.1166821309491795,-0.00023920334291105405,0.0022561361614492625,0.0014142135623728608,0.0014142114410579138
1863.0,-1.1166989402167635,-1.1165471508733114,-0.014553131422623267,0.1372362120295456,0.011030865786509908,0.011029859267888568
1864.0,-1.1166858821062378,-1.1166702864787363,-0.0014950208968578238,0.01410060660456125,0.003535533905932937,0.0035355007608377496
1865.0,-1.1166924338858184,-1.116608498842547,-0.008046800477501392,0.07588824279380901,0.008202438661764224,0.008202024802674618
1866.0,-1.1167064320654845,-1.1164765241341912,-0.022044980143576254,0.20786295114971765,0.013576450198781984,0.013574573837012988
1867.0,-1.116691622986484,-1.1166161455563817,-0.007235901143154422,0.06824152895923419,0.007778174593052226,0.007777821685957921
1868.0,-1.1166844731985437,-1.1166835748746067,-8.611320279072743e-05,0.0008122107342245499,0.0008485281374236458,0.0008485276792189762
1869.0,-1.1166935820618678,-1.1165976719298318,-0.00919497652684953,0.08671515550906506,0.00876812408671293,0.008767618566877092
1870.0,-1.1167073601744577,-1.1164677757333568,-0.022973089116806733,0.21661135198414172,0.013859292911256572,0.01385729683673201
1871.0,-1.1166845808400487,-1.1166825596139036,-0.00019375470783344895,0.0018274714372878975,0.0012727922061355668,0.0012727906596963277
1872.0,-1.1166853438987148,-1.1166753626300787,-0.0009568133738646623,0.009024455262185427,0.002828427124745957,0.0028284101543585246
1873.0,-1.1166850783830031,-1.1166778668925197,-0.0006912976622253098,0.0065201928212133,0.002404163056034036,0.0024041526340650046
1874.0,-1.116693287841755,-1.1166004462935208,-0.008900756414131905,0.08394079182005854,0.008626702730475637,0.00862622127734209
1875.0,-1.116704195514222,-1.1164976068969166,-0.019808428881162854,0.1867801884243292,0.012869343417594926,0.01286774519399133
1876.0,-1.1166844086136414,-1.1166841840324757,-2.1528300475637252e-05,0.0002030528651886243,0.00042426406871168553,0.0004242640114359913
1877.0,-1.1166964453258905,-1.1165706738108105,-0.012058240549617238,0.11371327453035818,0.010040916292849204,0.010040157147821789
1878.0,-1.1166844731985446,-1.1166835748746062,-8.611320367890585e-05,0.0008122107346686391,0.0008485281374241168,0.0008485276792194471
1879.0,-1.1166880253681963,-1.116650072864143,-0.003638282855433772,0.034314221197817574,0.005515432893254855,0.005515307063597465
1880.0,-1.1166853438987148,-1.1166753626300787,-0.0009568133738646623,0.009024455262185427,0.002828427124746428,0.0028284101543589956
1881.0,-1.1166855448295232,-1.1166734675247558,-0.0011577441823007462,0.010919560585076482,0.003111269837221016,0.003111247249684328
1882.0,-1.1166852506094105,-1.1166762425039796,-0.0008635240695831214,0.008144581361335668,0.002687005768509134,0.0026869912185085464
1883.0,-1.1166886066323212,-1.11664459102971,-0.0042195469802663865,0.03979605563086963,0.0059396969619672085,0.005939539804747189
1884.0,-1.1166929984057092,-1.1166031755675867,-0.008611320368334674,0.08121151775419833,0.008485281374238342,0.008484823211652644
1885.0,-1.1166844253578754,-1.1166840261025537,-3.8272534474970143e-05,0.0003609827872175231,0.0005656854249494505,0.0005656852891849185
1886.0,-1.116698940216764,-1.1165471508733114,-0.014553131423067356,0.1372362120295456,0.011030865786510378,0.01102985926788904
1887.0,-1.1166845042949785,-1.1166832815767602,-0.00011720963755124103,0.0011055085806788156,0.0009899494936609398,0.0009899487660489212
1888.0,-1.1166843894773737,-1.1166843645239055,-2.3920327940629704e-06,2.2561435386592166e-05,0.0001414213562370584,0.00014142135411576135
1889.0,-1.1166894486280903,-1.1166366504214027,-0.005061542749373871,0.04773666393820264,0.006505382386916031,0.006505175917365274
1890.0,-1.1167112639730243,-1.1164309807889419,-0.02687688768343577,0.253406296399028,0.01499066376115461,0.014988137967793844
1891.0,-1.1166868365275784,-1.1166612849557955,-0.002449442237484334,0.023102129545371497,0.004525483399594112,0.00452541389000794
1892.0,-1.1166951249234338,-1.1165831238061372,-0.01073783809291129,0.10126327920367828,0.009475230867899517,0.009474592927207044
1893.0,-1.116686130877715,-1.1166679401942678,-0.0017437923740537542,0.016446891073051972,0.0038183766184071324,0.0038183348652450367
1894.0,-1.1166853438987148,-1.1166753626300787,-0.0009568133738646623,0.009024455262185427,0.002828427124746428,0.0028284101543589956
1895.0,-1.1166903671689297,-1.1166279881500825,-0.005980083588763563,0.05639893525843931,0.0070710678118652455,0.007070802663946217
1896.0,-1.1166882143388377,-1.1166482906943287,-0.0038272534967909166,0.03609639101220807,0.005656854249492621,0.005656718490602014
1897.0,-1.1167024923864157,-1.116513662237054,-0.018105301074822222,0.17072484828695167,0.01230365799264571,0.012302261369911777
1898.0,-1.1166918885021948,-1.1166136417462815,-0.007501416853905596,0.07074533905937486,0.007919595949289128,0.00791922344167338
1899.0,-1.1166964453258905,-1.1165706738108105,-0.012058240549617238,0.11371327453035818,0.010040916292849204,0.010040157147821789
1900.0,-1.1166944934266065,-1.1165890783121108,-0.010106341265636587,0.09530877323005171,0.009192388155424851,0.00919180565140224
1901.0,-1.1166871522759925,-1.1166583070605602,-0.0027651906515657743,0.026080024780661404,0.004808326112068269,0.00480824273818325
1902.0,-1.116693881066047,-1.1165948524776206,-0.009493980706043459,0.08953460772032074,0.008909545442950225,0.00890901506754204
1903.0,-1.1166846262886838,-1.1166821309491795,-0.00023920334291105405,0.0022561361614492625,0.0014142135623728608,0.0014142114410579138
1904.0,-1.1166944934266065,-1.1165890783121108,-0.010106341265636587,0.09530877323005171,0.009192388155424851,0.00919180565140224
1905.0,-1.1166853438987148,-1.1166753626300787,-0.0009568133738646623,0.009024455262185427,0.002828427124745957,0.0028284101543585246
1906.0,-1.1166851621041736,-1.1166770772582368,-0.0007750188326660634,0.007309827104062805,0.0025455844122713694,0.002545572040834704
1907.0,-1.1166892309530478,-1.1166387032314313,-0.004843867706938454,0.04568385390957275,0.00636396103067913,0.006363767735474296
1908.0,-1.1166935820618678,-1.1165976719298318,-0.00919497652684953,0.08671515550906506,0.00876812408671293,0.008767618566877092
1909.0,-1.1166844468861763,-1.116683823049903,-5.9800835394696605e-05,0.000564035437911059,0.0007071067811862733,0.0007071065160214607
1910.0,-1.1166868365275784,-1.1166612849557955,-0.002449442237484334,0.023102129545371497,0.004525483399594112,0.00452541389000794
1911.0,-1.1166844731985446,-1.1166835748746062,-8.611320367890585e-05,0.0008122107346686391,0.0008485281374241168,0.0008485276792194471
1912.0,-1.1166974858604353,-1.1165608629928214,-0.013098775094366744,0.12352409251947805,0.010465180361561124,0.01046432087322949
1913.0,-1.1166993157660134,-1.1165436101686983,-0.014928680672543493,0.14077691664260428,0.011172287142747712,0.011171241417680226
1914.0,-1.1167024923864157,-1.116513662237054,-0.018105301074822222,0.17072484828695167,0.01230365799264571,0.012302261369911777
1915.0,-1.1167050757825265,-1.1164893089270076,-0.020688697185633487,0.1950781583333061,0.013152186130069514,0.013150480212345083
1916.0,-1.116686130877715,-1.1166679401942678,-0.0017437923740537542,0.016446891073051972,0.0038183766184071324,0.0038183348652450367
1917.0,-1.1166845808400487,-1.1166825596139036,-0.00019375470783344895,0.0018274714372878975,0.001272792206136038,0.0012727906596967987
1918.0,-1.1166845401754806,-1.1166829431564809,-0.0001530901396762374,0.0014439288600343048,0.001131370849898744,0.0011313697637845754
1919.0,-1.1166913622548393,-1.1166186042706423,-0.006975169498435463,0.06578281469860059,0.007636753236814461,0.007636419230388242
1920.0,-1.1167097641680606,-1.1164451166130864,-0.02537708271965755,0.2392704722544714,0.01456639969244261,0.014564082303515526
1921.0,-1.1166855448295236,-1.1166734675247558,-0.0011577441827448354,0.010919560585076482,0.003111269837220545,0.003111247249683857
1922.0,-1.1166850783830036,-1.1166778668925192,-0.000691297662669399,0.006520192821657389,0.0024041630560345073,0.0024041526340654756
1923.0,-1.1166854419720855,-1.1166744376368816,-0.0010548867446225074,0.00994944845933432,0.0029698484809837222,0.0029698288356598216
1924.0,-1.1166961080491755,-1.1165738539295171,-0.011720963834616072,0.11053315582376655,0.00989949493661191,0.009898767415824098
1925.0,-1.1166843894773737,-1.1166843645239055,-2.3920327940629704e-06,2.2561435386592166e-05,0.0001414213562370584,0.00014142135411576135
1926.0,-1.1166846765213863,-1.116681657162478,-0.00028943604535314194,0.0027299228628763217,0.001555634918610626,0.0015556320951421341
1927.0,-1.1166954478479476,-1.1165800789284126,-0.011060762606707186,0.10430815692830109,0.009616652224136811,0.009615985292804014
1928.0,-1.1166896710872,-1.1166345525074148,-0.00528400185917377,0.049834577926066714,0.006646803743153796,0.006646583513879207
1929.0,-1.1166882143388377,-1.1166482906943287,-0.0038272534967909166,0.03609639101220807,0.005656854249492149,0.005656718490601543
1930.0,-1.1166890180620719,-1.1166407109366858,-0.0046309767309793415,0.04367614865508074,0.006222539674441365,0.006222358980926251
1931.0,-1.1166845808400487,-1.1166825596139036,-0.00019375470783344895,0.0018274714372878975,0.001272792206136038,0.0012727906596967987
1932.0,-1.1166951249234334,-1.1165831238061372,-0.0107378380924672,0.10126327920367828,0.00947523086789999,0.009474592927207514
1933.0,-1.1167133306899135,-1.1164115027169266,-0.028943604572617687,0.27288436841432784,0.015556349186103824,0.015553526590976542
1934.0,-1.1167235781611522,-1.1163149403471273,-0.03919107581129566,0.36944673821359686,0.01810193359837586,0.018097486749185213
1935.0,-1.116698569451581,-1.1165506465094057,-0.014182366240067523,0.13374057593518174,0.010889444430272614,0.010888476125839538
1936.0,-1.1166853438987148,-1.1166753626300787,-0.0009568133738646623,0.009024455262185427,0.002828427124745957,0.0028284101543585246
1937.0,-1.1166849252928635,-1.116679310799927,-0.0005382075225490723,0.005076285413796455,0.002121320343559841,0.002121313184145112
1938.0,-1.1166888099551633,-1.1166426735363713,-0.004422869822384712,0.0417135489696463,0.006081118318204542,0.006080949666443735
1939.0,-1.116687661779114,-1.1166535018752506,-0.0032746937730365744,0.03088521009031453,0.0052325901807807,0.005232482733341436
1940.0,-1.116684791338991,-1.1166805742239143,-0.00040425365011032,0.003812861426588654,0.0018384776310852529,0.0018384729705647846
1941.0,-1.1166896710872,-1.1166345525074144,-0.00528400185917377,0.049834577926510804,0.006646803743153325,0.006646583513878736
1942.0,-1.1167073601744577,-1.1164677757333568,-0.022973089116806733,0.21661135198414172,0.013859292911256572,0.01385729683673201
1943.0,-1.1166903671689297,-1.1166279881500825,-0.005980083588763563,0.05639893525843931,0.0070710678118652455,0.007070802663946217
1944.0,-1.1167149309602817,-1.1163964215004847,-0.03054387494083599,0.28796558485622015,0.015980613254815704,0.01597755341733596
1945.0,-1.1166858821062378,-1.116670286478736,-0.0014950208968578238,0.01410060660500534,0.003535533905932466,0.003535500760837278
1946.0,-1.1166974858604348,-1.1165608629928214,-0.013098775093922654,0.12352409251947805,0.010465180361560654,0.01046432087322902
1947.0,-1.1166844731985437,-1.1166835748746067,-8.611320279072743e-05,0.0008122107342245499,0.0008485281374236458,0.0008485276792189762
1948.0,-1.1166860040999427,-1.1166691358949161,-0.0016170146017735476,0.015251190424780958,0.0036769552621698388,0.00367691797849454
1949.0,-1.1167033343821853,-1.116505724671217,-0.018947296844373795,0.17866241412400896,0.012586500705120808,0.012585005545977109
1950.0,-1.1166954478479476,-1.1165800789284126,-0.011060762606707186,0.10430815692830109,0.009616652224136811,0.009615985292804014
1951.0,-1.116686130877715,-1.1166679401942678,-0.0017437923740537542,0.016446891073051972,0.0038183766184076034,0.0038183348652455077
1952.0,-1.1166869920097522,-1.116659818564747,-0.002604924411286902,0.02456852059395942,0.0046669047558309746,0.004666828524086406
1953.0,-1.116693287841755,-1.1166004462935208,-0.008900756414131905,0.08394079182005854,0.008626702730476107,0.00862622127734256
1954.0,-1.1166869920097522,-1.116659818564747,-0.002604924411286902,0.02456852059395942,0.0046669047558314455,0.004666828524086877
1955.0,-1.1166845401754801,-1.1166829431564809,-0.0001530901392321482,0.0014439288600343048,0.0011313708498982729,0.0011313697637841044
1956.0,-1.1166844731985446,-1.1166835748746062,-8.611320367890585e-05,0.0008122107346686391,0.0008485281374241168,0.0008485276792194471
1957.0,-1.1166856524710282,-1.1166724522940852,-0.0012653856873434677,0.011934791255718835,0.0032526911934578785,0.0032526653837059412
1958.0,-1.1166845042949785,-1.1166832815767602,-0.00011720963755124103,0.0011055085806788156,0.0009899494936609398,0.0009899487660489212
1959.0,-1.1166890180620719,-1.1166407109366858,-0.0046309767309793415,0.04367614865508074,0.006222539674441365,0.006222358980926251
1960.0,-1.1166849252928635,-1.116679310799927,-0.0005382075225490723,0.005076285413796455,0.002121320343559841,0.002121313184145112
1961.0,-1.1166846765213863,-1.116681657162478,-0.00028943604535314194,0.0027299228628763217,0.0015556349186101547,0.0015556320951416631
1962.0,-1.116687152275992,-1.1166583070605602,-0.002765190651121685,0.026080024780661404,0.00480832611206874,0.004808242738183721
1963.0,-1.1166982034704653,-1.1165540970755963,-0.013816385124432173,0.1302900097446269,0.01074802307403579,0.01074709200424132
1964.0,-1.1166844731985437,-1.1166835748746067,-8.611320279072743e-05,0.0008122107342245499,0.0008485281374236458,0.0008485276792189762
1965.0,-1.1166967873866716,-1.1165674486142714,-0.01240030133065062,0.1169384710695276,0.010182337649086026,0.010181545976528919
1966.0,-1.1166845808400487,-1.1166825596139036,-0.00019375470783344895,0.0018274714372878975,0.001272792206136038,0.0012727906596967987
1967.0,-1.1166854419720855,-1.1166744376368816,-0.0010548867446225074,0.00994944845933432,0.0029698484809837222,0.0029698288356598216
1968.0,-1.1167112639730257,-1.1164309807889414,-0.026876887684768036,0.2534062963994721,0.01499066376115508,0.014988137967794316
1969.0,-1.116686685829472,-1.1166627062331256,-0.0022987441310462486,0.021680852215322233,0.004384062043356347,0.004383998848670829
1970.0,-1.1166843894773737,-1.1166843645239055,-2.3920327940629704e-06,2.2561435386592166e-05,0.0001414213562370584,0.00014142135411576135
1971.0,-1.1166873173262992,-1.116656750443835,-0.002930240958320951,0.027636641505957016,0.004949747468306033,0.0049496565195744375
1972.0,-1.1166886066323212,-1.11664459102971,-0.0042195469802663865,0.03979605563086963,0.0059396969619672085,0.005939539804747189
1973.0,-1.1166989402167635,-1.1165471508733114,-0.014553131422623267,0.1372362120295456,0.011030865786509908,0.011029859267888568
1974.0,-1.1166851621041736,-1.1166770772582368,-0.0007750188326660634,0.007309827104062805,0.0025455844122718404,0.002545572040835175
1975.0,-1.1166996960993294,-1.1165400243969672,-0.015309013988495934,0.14436268837370037,0.011313708498984535,0.011312622562505181
1976.0,-1.1166858821062378,-1.116670286478736,-0.0014950208968578238,0.01410060660500534,0.003535533905932466,0.003535500760837278
1977.0,-1.116708788218419,-1.1164543153582906,-0.024401133078111314,0.2300717270502517,0.014283556979968021,0.014281371957281202
1978.0,-1.1166890180620723,-1.1166407109366858,-0.004630976731423431,0.04367614865508074,0.006222539674441836,0.006222358980926722
1979.0,-1.1166894486280903,-1.1166366504214027,-0.005061542749373871,0.04773666393820264,0.006505382386916031,0.006505175917365274
1980.0,-1.1166853438987148,-1.1166753626300787,-0.0009568133738646623,0.009024455262185427,0.002828427124745957,0.0028284101543585246
1981.0,-1.1166855448295236,-1.1166734675247558,-0.0011577441827448354,0.010919560585076482,0.003111269837220545,0.003111247249683857
1982.0,-1.1166844468861763,-1.1166838230499039,-5.9800835394696605e-05,0.0005640354370228806,0.0007071067811867444,0.0007071065160219317
1983.0,-1.1166843894773737,-1.1166843645239055,-2.3920327940629704e-06,2.2561435386592166e-05,0.0001414213562370584,0.00014142135411576135
1984.0,-1.1166944934266065,-1.1165890783121108,-0.010106341265636587,0.09530877323005171,0.009192388155424851,0.00919180565140224
1985.0,-1.1166853438987148,-1.1166753626300787,-0.0009568133738646623,0.009024455262185427,0.002828427124746428,0.0028284101543589956
1986.0,-1.1166851621041736,-1.1166770772582368,-0.0007750188326660634,0.007309827104062805,0.0025455844122718404,0.002545572040835175
1987.0,-1.1166978422734166,-1.1165575025705174,-0.013455188075717217,0.12688451482345542,0.010606601717797948,0.01060570691580064
1988.0,-1.1166844253578754,-1.1166840261025537,-3.8272534474970143e-05,0.0003609827872175231,0.0005656854249494505,0.0005656852891849185
1989.0,-1.116699315766013,-1.1165436101686979,-0.014928680672099404,0.14077691664304837,0.01117228714274724,0.011171241417679754
1990.0,-1.116693881066047,-1.1165948524776201,-0.009493980706043459,0.08953460772076482,0.008909545442950695,0.008909015067542513
1991.0,-1.116684791338991,-1.1166805742239139,-0.00040425365011032,0.0038128614270327432,0.001838477631084782,0.0018384729705643137
1992.0,-1.116684791338991,-1.1166805742239139,-0.00040425365011032,0.0038128614270327432,0.001838477631084782,0.0018384729705643137
1993.0,-1.1166869920097522,-1.116659818564747,-0.002604924411286902,0.02456852059395942,0.0046669047558309746,0.004666828524086406
1994.0,-1.1167000812167127,-1.1165363935595387,-0.01569413137181286,0.1479935258021925,0.011455129855222299,0.01145400268965826
1995.0,-1.1166918885021948,-1.1166136417462815,-0.007501416853905596,0.07074533905937486,0.007919595949289598,0.00791922344167385
1996.0,-1.1166854419720855,-1.1166744376368816,-0.0010548867446225074,0.00994944845933432,0.0029698484809837222,0.0029698288356598216
1997.0,-1.11669013035762,-1.116630221370896,-0.005743272279090661,0.054165714444831536,0.006929646455628423,0.006929396899890114
1998.0,-1.1166874871606733,-1.1166551487151866,-0.0031000753324406105,0.02923837015433861,0.005091168824543406,0.005091069855534986
1999.0,-1.1166845401754806,-1.1166829431564809,-0.0001530901396762374,0.0014439288600343048,0.001131370849898744,0.0011313697637845754
